[{"model": "contenttypes.contenttype", "pk": 1, "fields": {"app_label": "admin", "model": "logentry"}}, {"model": "contenttypes.contenttype", "pk": 2, "fields": {"app_label": "auth", "model": "group"}}, {"model": "contenttypes.contenttype", "pk": 3, "fields": {"app_label": "auth", "model": "permission"}}, {"model": "contenttypes.contenttype", "pk": 4, "fields": {"app_label": "auth", "model": "user"}}, {"model": "contenttypes.contenttype", "pk": 5, "fields": {"app_label": "contenttypes", "model": "contenttype"}}, {"model": "contenttypes.contenttype", "pk": 6, "fields": {"app_label": "sessions", "model": "session"}}, {"model": "contenttypes.contenttype", "pk": 7, "fields": {"app_label": "profiling", "model": "regimensalud"}}, {"model": "contenttypes.contenttype", "pk": 8, "fields": {"app_label": "profiling", "model": "habitsantecedents"}}, {"model": "contenttypes.contenttype", "pk": 9, "fields": {"app_label": "profiling", "model": "facultad"}}, {"model": "contenttypes.contenttype", "pk": 10, "fields": {"app_label": "profiling", "model": "paciente"}}, {"model": "contenttypes.contenttype", "pk": 11, "fields": {"app_label": "medical", "model": "opcionpregunta"}}, {"model": "contenttypes.contenttype", "pk": 12, "fields": {"app_label": "medical", "model": "observaciones"}}, {"model": "contenttypes.contenttype", "pk": 13, "fields": {"app_label": "medical", "model": "examen"}}, {"model": "contenttypes.contenttype", "pk": 14, "fields": {"app_label": "medical", "model": "puntajecategoria"}}, {"model": "contenttypes.contenttype", "pk": 15, "fields": {"app_label": "medical", "model": "pregunta"}}, {"model": "contenttypes.contenttype", "pk": 16, "fields": {"app_label": "medical", "model": "tipoexamen"}}, {"model": "contenttypes.contenttype", "pk": 17, "fields": {"app_label": "medical", "model": "respuesta"}}, {"model": "sessions.session", "pk": "camt4bnywp3y25sl6pqo05zf6pd4oogd", "fields": {"session_data": "NjcxZTVmMzFkYThjZGMyNGEyOTg2Yjg2YzJiMzM4ZjVlNjIzOTZmZDp7Il9hdXRoX3VzZXJfaGFzaCI6IjIwZGQzNmVkY2RkYTExNjQ0NTdjNTU0MGI5Yzg1ZjVjYjg5NmU0MjIiLCJfYXV0aF91c2VyX2JhY2tlbmQiOiJkamFuZ28uY29udHJpYi5hdXRoLmJhY2tlbmRzLk1vZGVsQmFja2VuZCIsIl9hdXRoX3VzZXJfaWQiOiIxIn0=", "expire_date": "2017-10-25T05:04:26.924Z"}}, {"model": "profiling.regimensalud", "pk": 1, "fields": {"nombre": "EPS"}}, {"model": "profiling.facultad", "pk": 1, "fields": {"nombre": "Ingenier\u00eda en sistemas de informaci\u00f3n"}}, {"model": "medical.puntajecategoria", "pk": 1, "fields": {"nombre": "Interacci\u00f3n Social", "minmala": 2, "maxmala": 5, "minbuena": 6, "maxbuena": 8}}, {"model": "medical.puntajecategoria", "pk": 2, "fields": {"nombre": "Bienestar Personal", "minmala": 12, "maxmala": 35, "minbuena": 36, "maxbuena": 48}}, {"model": "medical.puntajecategoria", "pk": 3, "fields": {"nombre": "Actividad Fisica y Reposo", "minmala": 5, "maxmala": 14, "minbuena": 15, "maxbuena": 20}}, {"model": "medical.puntajecategoria", "pk": 4, "fields": {"nombre": "Consumo de Alimentos", "minmala": 1, "maxmala": 2, "minbuena": 3, "maxbuena": 4}}, {"model": "medical.puntajecategoria", "pk": 5, "fields": {"nombre": "Prom. del Funcionamiento y Desarrollo Personal", "minmala": 4, "maxmala": 11, "minbuena": 12, "maxbuena": 16}}, {"model": "medical.opcionpregunta", "pk": 1, "fields": {"texto": "Nunca", "valor": 1}}, {"model": "medical.opcionpregunta", "pk": 2, "fields": {"texto": "Casi Nunca", "valor": 2}}, {"model": "medical.opcionpregunta", "pk": 3, "fields": {"texto": "Casi Siempre", "valor": 3}}, {"model": "medical.opcionpregunta", "pk": 4, "fields": {"texto": "Siempre", "valor": 4}}, {"model": "medical.pregunta", "pk": 1, "fields": {"slug": null, "texto": "A medida que cambian las circunstancias yo voy haciendo ajustes para mantener mi salud.", "categoria": 5, "opciones": [1, 2, 3, 4]}}, {"model": "medical.pregunta", "pk": 2, "fields": {"slug": null, "texto": "Reviso si las Formas que Practico habitualmente para mantener con salud, son buenas.", "categoria": 2, "opciones": [1, 2, 3, 4]}}, {"model": "medical.pregunta", "pk": 3, "fields": {"slug": null, "texto": "Si tengo problemas para moverme o desplazarme me las arreglo para conseguir ayuda.", "categoria": 3, "opciones": [1, 2, 3, 4]}}, {"model": "medical.pregunta", "pk": 5, "fields": {"slug": null, "texto": "Yo puedo hacer lo necesario para mantener limpio el ambiente en el que vivo.", "categoria": 2, "opciones": [1, 2, 3, 4]}}, {"model": "medical.pregunta", "pk": 6, "fields": {"slug": null, "texto": "Hago en primer lugar lo que sea necesario para mantenerme con Salud.", "categoria": 2, "opciones": [1, 2, 3, 4]}}, {"model": "medical.pregunta", "pk": 7, "fields": {"slug": null, "texto": "Me faltan las fuerzas necesarias para cuidarme como debo.", "categoria": 3, "opciones": [1, 2, 3, 4]}}, {"model": "medical.pregunta", "pk": 8, "fields": {"slug": null, "texto": "Yo puedo buscar mejores formas para cuidar de mi salud que las que tengo ahora.", "categoria": 2, "opciones": [1, 2, 3, 4]}}, {"model": "medical.pregunta", "pk": 9, "fields": {"slug": null, "texto": "Cambio la frecuencia en que me ba\u00f1o para mantenerme limpio.", "categoria": 2, "opciones": [1, 2, 3, 4]}}, {"model": "medical.pregunta", "pk": 10, "fields": {"slug": null, "texto": "Para mantener el peso que me corresponde hago cambios en mis h\u00e1bitos alimenticios", "categoria": 4, "opciones": [1, 2, 3, 4]}}, {"model": "medical.pregunta", "pk": 11, "fields": {"slug": null, "texto": "Cuando hay situaciones que me afectan yo las manejo de manera que pueda mantener mi forma de ser.", "categoria": 5, "opciones": [1, 2, 3, 4]}}, {"model": "medical.pregunta", "pk": 12, "fields": {"slug": null, "texto": "Pienso en hacer ejercicio y descansar un poco durante el d\u00eda pero no llego hacerlo.", "categoria": 3, "opciones": [1, 2, 3, 4]}}, {"model": "medical.pregunta", "pk": 13, "fields": {"slug": null, "texto": "Cuando Necesito ayuda puedo recurrir a mis amigos.", "categoria": 1, "opciones": [1, 2, 3, 4]}}, {"model": "medical.pregunta", "pk": 14, "fields": {"slug": null, "texto": "Pudo dormir lo suficiente  para sentirme descansado (a)", "categoria": 3, "opciones": [1, 2, 3, 4]}}, {"model": "medical.pregunta", "pk": 15, "fields": {"slug": null, "texto": "Cuando obtengo informaci\u00f3n sobre mi salud pido explicaciones sobre lo que no entiendo.", "categoria": 2, "opciones": [1, 2, 3, 4]}}, {"model": "medical.pregunta", "pk": 16, "fields": {"slug": null, "texto": "Yo examino mi cuerpo para ver si hay alg\u00fan cambio.", "categoria": 2, "opciones": [1, 2, 3, 4]}}, {"model": "medical.pregunta", "pk": 17, "fields": {"slug": null, "texto": "He sido capaz de cambiar h\u00e1bitos que tenia muy arraigados con tal de mejorar mi salud.", "categoria": 2, "opciones": [1, 2, 3, 4]}}, {"model": "medical.pregunta", "pk": 18, "fields": {"slug": null, "texto": "Cuando tengo que tomar una nueva medicina cuento con una persona que me brinde informaci\u00f3n sobre los efectos secundarios.", "categoria": null, "opciones": [1, 2, 3, 4]}}, {"model": "medical.pregunta", "pk": 19, "fields": {"slug": null, "texto": "Soy capaz de tomar medidas para garantizar que mi familia y yo no corramos peligro.", "categoria": 5, "opciones": [1, 2, 3, 4]}}, {"model": "medical.pregunta", "pk": 20, "fields": {"slug": null, "texto": "Soy capaz de evaluar que tanto me sirve lo que hago para mantenerme con salud", "categoria": 2, "opciones": [1, 2, 3, 4]}}, {"model": "medical.pregunta", "pk": 21, "fields": {"slug": null, "texto": "Debido a mis ocupaciones diarias me resulta dif\u00edcil sacar tiempo para cuidarme.", "categoria": 3, "opciones": [1, 2, 3, 4]}}, {"model": "medical.pregunta", "pk": 22, "fields": {"slug": null, "texto": "Si mi salud se ve afectada yo puedo conseguir la informaci\u00f3n necesaria sobre que hacer.", "categoria": 2, "opciones": [1, 2, 3, 4]}}, {"model": "medical.pregunta", "pk": 23, "fields": {"slug": null, "texto": "Si yo no puedo cuidarme puedo buscar ayuda.", "categoria": 1, "opciones": [1, 2, 3, 4]}}, {"model": "medical.pregunta", "pk": 24, "fields": {"slug": null, "texto": "Puedo sacar tiempo para mi.", "categoria": 2, "opciones": [1, 2, 3, 4]}}, {"model": "medical.pregunta", "pk": 25, "fields": {"slug": null, "texto": "Si presento limitaciones para movilizarme soy capaz de cuidarme como a mi me gusta.", "categoria": 5, "opciones": [1, 2, 3, 4]}}, {"model": "medical.pregunta", "pk": 26, "fields": {"slug": "hdl", "texto": "Colesterol HDL", "categoria": null, "opciones": []}}, {"model": "medical.pregunta", "pk": 27, "fields": {"slug": "trigliceridos", "texto": "Triglic\u00e9ridos", "categoria": null, "opciones": []}}, {"model": "medical.pregunta", "pk": 28, "fields": {"slug": "ldl", "texto": "Colesterol LDL", "categoria": null, "opciones": []}}, {"model": "medical.pregunta", "pk": 29, "fields": {"slug": "pas", "texto": "Presi\u00f3n Arterial Sist\u00f3lica", "categoria": null, "opciones": []}}, {"model": "medical.tipoexamen", "pk": 1, "fields": {"nombre": "Test Asa", "preguntas": [1, 2, 3, 5, 6, 7, 8, 9, 10, 11, 12, 13, 14, 15, 16, 17, 18, 19, 20, 21, 22, 23, 24, 25]}}, {"model": "medical.tipoexamen", "pk": 2, "fields": {"nombre": "Examen Lip\u00eddico", "preguntas": [26, 27, 28, 29]}}, {"model": "auth.permission", "pk": 1, "fields": {"name": "Can add log entry", "content_type": 1, "codename": "add_logentry"}}, {"model": "auth.permission", "pk": 2, "fields": {"name": "Can change log entry", "content_type": 1, "codename": "change_logentry"}}, {"model": "auth.permission", "pk": 3, "fields": {"name": "Can delete log entry", "content_type": 1, "codename": "delete_logentry"}}, {"model": "auth.permission", "pk": 4, "fields": {"name": "Can add group", "content_type": 2, "codename": "add_group"}}, {"model": "auth.permission", "pk": 5, "fields": {"name": "Can change group", "content_type": 2, "codename": "change_group"}}, {"model": "auth.permission", "pk": 6, "fields": {"name": "Can delete group", "content_type": 2, "codename": "delete_group"}}, {"model": "auth.permission", "pk": 7, "fields": {"name": "Can add permission", "content_type": 3, "codename": "add_permission"}}, {"model": "auth.permission", "pk": 8, "fields": {"name": "Can change permission", "content_type": 3, "codename": "change_permission"}}, {"model": "auth.permission", "pk": 9, "fields": {"name": "Can delete permission", "content_type": 3, "codename": "delete_permission"}}, {"model": "auth.permission", "pk": 10, "fields": {"name": "Can add user", "content_type": 4, "codename": "add_user"}}, {"model": "auth.permission", "pk": 11, "fields": {"name": "Can change user", "content_type": 4, "codename": "change_user"}}, {"model": "auth.permission", "pk": 12, "fields": {"name": "Can delete user", "content_type": 4, "codename": "delete_user"}}, {"model": "auth.permission", "pk": 13, "fields": {"name": "Can add content type", "content_type": 5, "codename": "add_contenttype"}}, {"model": "auth.permission", "pk": 14, "fields": {"name": "Can change content type", "content_type": 5, "codename": "change_contenttype"}}, {"model": "auth.permission", "pk": 15, "fields": {"name": "Can delete content type", "content_type": 5, "codename": "delete_contenttype"}}, {"model": "auth.permission", "pk": 16, "fields": {"name": "Can add session", "content_type": 6, "codename": "add_session"}}, {"model": "auth.permission", "pk": 17, "fields": {"name": "Can change session", "content_type": 6, "codename": "change_session"}}, {"model": "auth.permission", "pk": 18, "fields": {"name": "Can delete session", "content_type": 6, "codename": "delete_session"}}, {"model": "auth.permission", "pk": 19, "fields": {"name": "Can add regimen salud", "content_type": 7, "codename": "add_regimensalud"}}, {"model": "auth.permission", "pk": 20, "fields": {"name": "Can change regimen salud", "content_type": 7, "codename": "change_regimensalud"}}, {"model": "auth.permission", "pk": 21, "fields": {"name": "Can delete regimen salud", "content_type": 7, "codename": "delete_regimensalud"}}, {"model": "auth.permission", "pk": 22, "fields": {"name": "Can add habits antecedents", "content_type": 8, "codename": "add_habitsantecedents"}}, {"model": "auth.permission", "pk": 23, "fields": {"name": "Can change habits antecedents", "content_type": 8, "codename": "change_habitsantecedents"}}, {"model": "auth.permission", "pk": 24, "fields": {"name": "Can delete habits antecedents", "content_type": 8, "codename": "delete_habitsantecedents"}}, {"model": "auth.permission", "pk": 25, "fields": {"name": "Can add facultad", "content_type": 9, "codename": "add_facultad"}}, {"model": "auth.permission", "pk": 26, "fields": {"name": "Can change facultad", "content_type": 9, "codename": "change_facultad"}}, {"model": "auth.permission", "pk": 27, "fields": {"name": "Can delete facultad", "content_type": 9, "codename": "delete_facultad"}}, {"model": "auth.permission", "pk": 28, "fields": {"name": "Can add paciente", "content_type": 10, "codename": "add_paciente"}}, {"model": "auth.permission", "pk": 29, "fields": {"name": "Can change paciente", "content_type": 10, "codename": "change_paciente"}}, {"model": "auth.permission", "pk": 30, "fields": {"name": "Can delete paciente", "content_type": 10, "codename": "delete_paciente"}}, {"model": "auth.permission", "pk": 31, "fields": {"name": "Can add opcion pregunta", "content_type": 11, "codename": "add_opcionpregunta"}}, {"model": "auth.permission", "pk": 32, "fields": {"name": "Can change opcion pregunta", "content_type": 11, "codename": "change_opcionpregunta"}}, {"model": "auth.permission", "pk": 33, "fields": {"name": "Can delete opcion pregunta", "content_type": 11, "codename": "delete_opcionpregunta"}}, {"model": "auth.permission", "pk": 34, "fields": {"name": "Can add observaciones", "content_type": 12, "codename": "add_observaciones"}}, {"model": "auth.permission", "pk": 35, "fields": {"name": "Can change observaciones", "content_type": 12, "codename": "change_observaciones"}}, {"model": "auth.permission", "pk": 36, "fields": {"name": "Can delete observaciones", "content_type": 12, "codename": "delete_observaciones"}}, {"model": "auth.permission", "pk": 37, "fields": {"name": "Can add examen", "content_type": 13, "codename": "add_examen"}}, {"model": "auth.permission", "pk": 38, "fields": {"name": "Can change examen", "content_type": 13, "codename": "change_examen"}}, {"model": "auth.permission", "pk": 39, "fields": {"name": "Can delete examen", "content_type": 13, "codename": "delete_examen"}}, {"model": "auth.permission", "pk": 40, "fields": {"name": "Can add puntaje categoria", "content_type": 14, "codename": "add_puntajecategoria"}}, {"model": "auth.permission", "pk": 41, "fields": {"name": "Can change puntaje categoria", "content_type": 14, "codename": "change_puntajecategoria"}}, {"model": "auth.permission", "pk": 42, "fields": {"name": "Can delete puntaje categoria", "content_type": 14, "codename": "delete_puntajecategoria"}}, {"model": "auth.permission", "pk": 43, "fields": {"name": "Can add pregunta", "content_type": 15, "codename": "add_pregunta"}}, {"model": "auth.permission", "pk": 44, "fields": {"name": "Can change pregunta", "content_type": 15, "codename": "change_pregunta"}}, {"model": "auth.permission", "pk": 45, "fields": {"name": "Can delete pregunta", "content_type": 15, "codename": "delete_pregunta"}}, {"model": "auth.permission", "pk": 46, "fields": {"name": "Can add tipo examen", "content_type": 16, "codename": "add_tipoexamen"}}, {"model": "auth.permission", "pk": 47, "fields": {"name": "Can change tipo examen", "content_type": 16, "codename": "change_tipoexamen"}}, {"model": "auth.permission", "pk": 48, "fields": {"name": "Can delete tipo examen", "content_type": 16, "codename": "delete_tipoexamen"}}, {"model": "auth.permission", "pk": 49, "fields": {"name": "Can add respuesta", "content_type": 17, "codename": "add_respuesta"}}, {"model": "auth.permission", "pk": 50, "fields": {"name": "Can change respuesta", "content_type": 17, "codename": "change_respuesta"}}, {"model": "auth.permission", "pk": 51, "fields": {"name": "Can delete respuesta", "content_type": 17, "codename": "delete_respuesta"}}, {"model": "auth.user", "pk": 1, "fields": {"password": "pbkdf2_sha256$36000$pyQK8RNZWkKT$mBengz6j7vE2kBrv3yN3IsLC9DBC7I0Px0yaVRfyEgI=", "last_login": "2017-10-11T05:04:26Z", "is_superuser": true, "username": "admin", "first_name": "Diego", "last_name": "Angulo", "email": "admin@gmail.com", "is_staff": true, "is_active": true, "date_joined": "2017-10-11T05:02:18Z", "groups": [], "user_permissions": []}}, {"model": "profiling.paciente", "pk": 1, "fields": {"user": 1, "nombre": "Diego", "primer_apellido": "Angulo", "segundo_apellido": null, "cod_paciente": "123456789", "fecha_nacimiento": "1992-12-05", "genero": "M", "telefono": "1234567890", "estado_civil": "Soltero", "estrato": "3", "facultad": 1, "regimen_salud": 1, "fecha_creacion": "2017-10-11"}}, {"model": "admin.logentry", "pk": 1, "fields": {"action_time": "2017-10-11T05:05:15.960Z", "user": 1, "content_type": 4, "object_id": "1", "object_repr": "admin", "action_flag": 2, "change_message": "[{\"changed\": {\"fields\": [\"first_name\", \"last_name\"]}}]"}}, {"model": "admin.logentry", "pk": 2, "fields": {"action_time": "2017-10-11T05:06:23.419Z", "user": 1, "content_type": 9, "object_id": "1", "object_repr": "Ingenier\u00eda en sistemas de informaci\u00f3n", "action_flag": 1, "change_message": "[{\"added\": {}}]"}}, {"model": "admin.logentry", "pk": 3, "fields": {"action_time": "2017-10-11T05:06:29.467Z", "user": 1, "content_type": 7, "object_id": "1", "object_repr": "EPS", "action_flag": 1, "change_message": "[{\"added\": {}}]"}}, {"model": "admin.logentry", "pk": 4, "fields": {"action_time": "2017-10-11T05:06:33.886Z", "user": 1, "content_type": 10, "object_id": "1", "object_repr": "123456789", "action_flag": 1, "change_message": "[{\"added\": {}}]"}}, {"model": "admin.logentry", "pk": 5, "fields": {"action_time": "2017-10-11T05:08:21.642Z", "user": 1, "content_type": 14, "object_id": "1", "object_repr": "Interacci\u00f3n Social", "action_flag": 1, "change_message": "[{\"added\": {}}]"}}, {"model": "admin.logentry", "pk": 6, "fields": {"action_time": "2017-10-11T05:08:55.201Z", "user": 1, "content_type": 14, "object_id": "2", "object_repr": "Bienestar Personal", "action_flag": 1, "change_message": "[{\"added\": {}}]"}}, {"model": "admin.logentry", "pk": 7, "fields": {"action_time": "2017-10-11T05:09:30.659Z", "user": 1, "content_type": 14, "object_id": "3", "object_repr": "Actividad Fisica y Reposo", "action_flag": 1, "change_message": "[{\"added\": {}}]"}}, {"model": "admin.logentry", "pk": 8, "fields": {"action_time": "2017-10-11T05:09:45.832Z", "user": 1, "content_type": 14, "object_id": "4", "object_repr": "Consumo de Alimentos", "action_flag": 1, "change_message": "[{\"added\": {}}]"}}, {"model": "admin.logentry", "pk": 9, "fields": {"action_time": "2017-10-11T05:10:20.473Z", "user": 1, "content_type": 14, "object_id": "5", "object_repr": "Prom. del Funcionamiento y Desarrollo Personal", "action_flag": 1, "change_message": "[{\"added\": {}}]"}}, {"model": "admin.logentry", "pk": 10, "fields": {"action_time": "2017-10-11T05:12:02.460Z", "user": 1, "content_type": 11, "object_id": "1", "object_repr": "Nunca", "action_flag": 1, "change_message": "[{\"added\": {}}]"}}, {"model": "admin.logentry", "pk": 11, "fields": {"action_time": "2017-10-11T05:12:37.225Z", "user": 1, "content_type": 11, "object_id": "2", "object_repr": "Casi Nunca", "action_flag": 1, "change_message": "[{\"added\": {}}]"}}, {"model": "admin.logentry", "pk": 12, "fields": {"action_time": "2017-10-11T05:12:54.944Z", "user": 1, "content_type": 11, "object_id": "3", "object_repr": "Casi Siempre", "action_flag": 1, "change_message": "[{\"added\": {}}]"}}, {"model": "admin.logentry", "pk": 13, "fields": {"action_time": "2017-10-11T05:13:01.796Z", "user": 1, "content_type": 11, "object_id": "4", "object_repr": "Siempre", "action_flag": 1, "change_message": "[{\"added\": {}}]"}}]