[{
	"model": "contenttypes.contenttype",
	"pk": 1,
	"fields": {
		"app_label": "admin",
		"model": "logentry"
	}
}, {
	"model": "contenttypes.contenttype",
	"pk": 2,
	"fields": {
		"app_label": "auth",
		"model": "group"
	}
}, {
	"model": "contenttypes.contenttype",
	"pk": 3,
	"fields": {
		"app_label": "auth",
		"model": "permission"
	}
}, {
	"model": "contenttypes.contenttype",
	"pk": 4,
	"fields": {
		"app_label": "auth",
		"model": "user"
	}
}, {
	"model": "contenttypes.contenttype",
	"pk": 5,
	"fields": {
		"app_label": "contenttypes",
		"model": "contenttype"
	}
}, {
	"model": "contenttypes.contenttype",
	"pk": 6,
	"fields": {
		"app_label": "sessions",
		"model": "session"
	}
}, {
	"model": "contenttypes.contenttype",
	"pk": 7,
	"fields": {
		"app_label": "profiling",
		"model": "regimensalud"
	}
}, {
	"model": "contenttypes.contenttype",
	"pk": 8,
	"fields": {
		"app_label": "profiling",
		"model": "habitsantecedents"
	}
}, {
	"model": "contenttypes.contenttype",
	"pk": 9,
	"fields": {
		"app_label": "profiling",
		"model": "facultad"
	}
}, {
	"model": "contenttypes.contenttype",
	"pk": 10,
	"fields": {
		"app_label": "profiling",
		"model": "paciente"
	}
}, {
	"model": "contenttypes.contenttype",
	"pk": 11,
	"fields": {
		"app_label": "medical",
		"model": "opcionpregunta"
	}
}, {
	"model": "contenttypes.contenttype",
	"pk": 12,
	"fields": {
		"app_label": "medical",
		"model": "observaciones"
	}
}, {
	"model": "contenttypes.contenttype",
	"pk": 13,
	"fields": {
		"app_label": "medical",
		"model": "examen"
	}
}, {
	"model": "contenttypes.contenttype",
	"pk": 14,
	"fields": {
		"app_label": "medical",
		"model": "puntajecategoria"
	}
}, {
	"model": "contenttypes.contenttype",
	"pk": 15,
	"fields": {
		"app_label": "medical",
		"model": "pregunta"
	}
}, {
	"model": "contenttypes.contenttype",
	"pk": 16,
	"fields": {
		"app_label": "medical",
		"model": "tipoexamen"
	}
}, {
	"model": "contenttypes.contenttype",
	"pk": 17,
	"fields": {
		"app_label": "medical",
		"model": "respuesta"
	}
}, {
	"model": "sessions.session",
	"pk": "emhheowduzqd01w9dru4fzpyz0mz2avm",
	"fields": {
		"session_data": "MjAzZDM5YzJhMmRkNGRjNjU3OTNkMDA1ZDEwN2ZlYTU3YmVmM2M2YTp7Il9hdXRoX3VzZXJfaGFzaCI6IjVmOTM3YzE0YTY4OTY0ZmQ2NTllYjI3NTY4ZTZhMWYwZjA4ODI0MTIiLCJfYXV0aF91c2VyX2JhY2tlbmQiOiJkamFuZ28uY29udHJpYi5hdXRoLmJhY2tlbmRzLk1vZGVsQmFja2VuZCIsIl9hdXRoX3VzZXJfaWQiOiIxIn0=",
		"expire_date": "2018-02-15T04:40:23.149Z"
	}
}, {
	"model": "profiling.regimensalud",
	"pk": 1,
	"fields": {
		"nombre": "R\u00e9gimen contributivo"
	}
}, {
	"model": "profiling.regimensalud",
	"pk": 2,
	"fields": {
		"nombre": "Medicina prepagada"
	}
}, {
	"model": "profiling.regimensalud",
	"pk": 3,
	"fields": {
		"nombre": "P\u00f3liza de salud particular"
	}
}, {
	"model": "profiling.regimensalud",
	"pk": 4,
	"fields": {
		"nombre": "Otro"
	}
}, {
	"model": "profiling.facultad",
	"pk": 1,
	"fields": {
		"nombre": "Ninguna"
	}
}, {
	"model": "profiling.facultad",
	"pk": 2,
	"fields": {
		"nombre": "Ingenier\u00eda"
	}
}, {
	"model": "profiling.facultad",
	"pk": 3,
	"fields": {
		"nombre": "Ciencias administrativas, econ\u00f3micas y contables"
	}
}, {
	"model": "profiling.facultad",
	"pk": 4,
	"fields": {
		"nombre": "Ciencias jur\u00eddicas y human\u00edsticas"
	}
}, {
	"model": "profiling.facultad",
	"pk": 5,
	"fields": {
		"nombre": "Ciencias de la salud"
	}
}, {
	"model": "profiling.facultad",
	"pk": 6,
	"fields": {
		"nombre": "Ciencias de la educaci\u00f3n"
	}
}, {
	"model": "medical.puntajecategoria",
	"pk": 1,
	"fields": {
		"nombre": "Interacci\u00f3n Social",
		"minmala": 2,
		"maxmala": 5,
		"minbuena": 6,
		"maxbuena": 8
	}
}, {
	"model": "medical.puntajecategoria",
	"pk": 2,
	"fields": {
		"nombre": "Bienestar Personal",
		"minmala": 12,
		"maxmala": 35,
		"minbuena": 36,
		"maxbuena": 48
	}
}, {
	"model": "medical.puntajecategoria",
	"pk": 3,
	"fields": {
		"nombre": "Actividad F\u00edsica y Reposo",
		"minmala": 5,
		"maxmala": 14,
		"minbuena": 15,
		"maxbuena": 20
	}
}, {
	"model": "medical.puntajecategoria",
	"pk": 4,
	"fields": {
		"nombre": "Consumo de Alimentos",
		"minmala": 1,
		"maxmala": 2,
		"minbuena": 3,
		"maxbuena": 4
	}
}, {
	"model": "medical.puntajecategoria",
	"pk": 5,
	"fields": {
		"nombre": "Prom. del Funcionamiento y Desarrollo Personal",
		"minmala": 4,
		"maxmala": 11,
		"minbuena": 12,
		"maxbuena": 16
	}
}, {
	"model": "medical.observaciones",
	"pk": 1,
	"fields": {
		"categoria": 4,
		"observacion": "Consume frutas y verduras"
	}
}, {
	"model": "medical.observaciones",
	"pk": 2,
	"fields": {
		"categoria": 3,
		"observacion": "Dedicar 150 minutos semanales a realizar actividades f\u00edsicas moderadas aer\u00f3bicas, o bien alg\u00fan tipo de actividad f\u00edsica vigorosa aer\u00f3bica durante 75 minutos, o una combinaci\u00f3n equivalente de actividades moderadas y vigorosas"
	}
}, {
	"model": "medical.observaciones",
	"pk": 3,
	"fields": {
		"categoria": 2,
		"observacion": "No centres tu vida en un solo aspecto, intenta pensar en muchos m\u00e1s. La pareja, la familia, los amigos, el trabajo, etc"
	}
}, {
	"model": "medical.observaciones",
	"pk": 4,
	"fields": {
		"categoria": 5,
		"observacion": "Establece tus metas"
	}
}, {
	"model": "medical.observaciones",
	"pk": 5,
	"fields": {
		"categoria": 1,
		"observacion": "Aprende a decir lo que piensas, s\u00f3lo de esa manera, te dar\u00e1s cuenta de que los dem\u00e1s tambi\u00e9n tienen derecho a dar su opini\u00f3n"
	}
}, {
	"model": "medical.opcionpregunta",
	"pk": 1,
	"fields": {
		"texto": "Nunca",
		"valor": 1
	}
}, {
	"model": "medical.opcionpregunta",
	"pk": 2,
	"fields": {
		"texto": "Casi Nunca",
		"valor": 2
	}
}, {
	"model": "medical.opcionpregunta",
	"pk": 3,
	"fields": {
		"texto": "Casi Siempre",
		"valor": 3
	}
}, {
	"model": "medical.opcionpregunta",
	"pk": 4,
	"fields": {
		"texto": "Siempre",
		"valor": 4
	}
}, {
	"model": "medical.pregunta",
	"pk": 1,
	"fields": {
		"slug": null,
		"texto": "A medida que cambian las circunstancias yo voy haciendo ajustes para mantener mi salud.",
		"categoria": 5,
		"opciones": [1, 2, 3, 4]
	}
}, {
	"model": "medical.pregunta",
	"pk": 2,
	"fields": {
		"slug": null,
		"texto": "Reviso si las formas que practico habitualmente para mantenerme con salud, son buenas.",
		"categoria": 2,
		"opciones": [1, 2, 3, 4]
	}
}, {
	"model": "medical.pregunta",
	"pk": 3,
	"fields": {
		"slug": null,
		"texto": "Si tengo problemas para moverme o desplazarme me las arreglo para conseguir ayuda.",
		"categoria": 3,
		"opciones": [1, 2, 3, 4]
	}
}, {
	"model": "medical.pregunta",
	"pk": 4,
	"fields": {
		"slug": null,
		"texto": "Yo puedo hacer lo necesario para mantener limpio el ambiente donde vivo.",
		"categoria": 2,
		"opciones": [1, 2, 3, 4]
	}
}, {
	"model": "medical.pregunta",
	"pk": 5,
	"fields": {
		"slug": null,
		"texto": "Hago en primer lugar lo que sea necesario para mantenerme con salud.",
		"categoria": 2,
		"opciones": [1, 2, 3, 4]
	}
}, {
	"model": "medical.pregunta",
	"pk": 6,
	"fields": {
		"slug": null,
		"texto": "Me faltan las fuerzas necesarias para cuidarme como debo.",
		"categoria": 3,
		"opciones": [1, 2, 3, 4]
	}
}, {
	"model": "medical.pregunta",
	"pk": 7,
	"fields": {
		"slug": null,
		"texto": "Yo puedo buscar mejores formas para cuidar mi salud que las que tengo ahora.",
		"categoria": 2,
		"opciones": [1, 2, 3, 4]
	}
}, {
	"model": "medical.pregunta",
	"pk": 8,
	"fields": {
		"slug": null,
		"texto": "Cambio la frecuencia con que me ba\u00f1o para mantenerme limpio.",
		"categoria": 2,
		"opciones": [1, 2, 3, 4]
	}
}, {
	"model": "medical.pregunta",
	"pk": 9,
	"fields": {
		"slug": null,
		"texto": "Para mantener el peso que me corresponde hago cambios en mis h\u00e1bitos alimenticios.",
		"categoria": 4,
		"opciones": [1, 2, 3, 4]
	}
}, {
	"model": "medical.pregunta",
	"pk": 10,
	"fields": {
		"slug": null,
		"texto": "Cuando hay situaciones que me afectan yo las manejo de manera que pueda mantener mi forma de ser.",
		"categoria": 5,
		"opciones": [1, 2, 3, 4]
	}
}, {
	"model": "medical.pregunta",
	"pk": 11,
	"fields": {
		"slug": null,
		"texto": "Pienso en hacer ejercicio y descansar un poco durante el d\u00eda pero no llego a hacerlo.",
		"categoria": 3,
		"opciones": [1, 2, 3, 4]
	}
}, {
	"model": "medical.pregunta",
	"pk": 12,
	"fields": {
		"slug": null,
		"texto": "Cuando necesito ayuda puedo recurrir a mis amigos de siempre.",
		"categoria": 1,
		"opciones": [1, 2, 3, 4]
	}
}, {
	"model": "medical.pregunta",
	"pk": 13,
	"fields": {
		"slug": null,
		"texto": "Puedo dormir lo suficiente para sentirme descansado (a).",
		"categoria": 3,
		"opciones": [1, 2, 3, 4]
	}
}, {
	"model": "medical.pregunta",
	"pk": 14,
	"fields": {
		"slug": null,
		"texto": "Cuando obtengo informaci\u00f3n sobre mi salud pido explicaciones sobre lo que no entiendo.",
		"categoria": 2,
		"opciones": [1, 2, 3, 4]
	}
}, {
	"model": "medical.pregunta",
	"pk": 15,
	"fields": {
		"slug": null,
		"texto": "Yo examino mi cuerpo para ver si hay alg\u00fan cambio.",
		"categoria": 2,
		"opciones": [1, 2, 3, 4]
	}
}, {
	"model": "medical.pregunta",
	"pk": 16,
	"fields": {
		"slug": null,
		"texto": "He sido capaz de cambiar h\u00e1bitos que tenia muy arraigados con tal de mejorar mi salud.",
		"categoria": 2,
		"opciones": [1, 2, 3, 4]
	}
}, {
	"model": "medical.pregunta",
	"pk": 17,
	"fields": {
		"slug": null,
		"texto": "Cuando tengo que tomar una nueva medicina cuento con una persona que me brinde informaci\u00f3n sobre los efectos secundarios.",
		"categoria": 2,
		"opciones": [1, 2, 3, 4]
	}
}, {
	"model": "medical.pregunta",
	"pk": 18,
	"fields": {
		"slug": null,
		"texto": "Soy capaz de tomar medidas para garantizar que mi familia y yo no corramos peligro.",
		"categoria": 5,
		"opciones": [1, 2, 3, 4]
	}
}, {
	"model": "medical.pregunta",
	"pk": 19,
	"fields": {
		"slug": null,
		"texto": "Soy capaz de evaluar que tanto me sirve lo que hago para mantenerme con salud.",
		"categoria": 2,
		"opciones": [1, 2, 3, 4]
	}
}, {
	"model": "medical.pregunta",
	"pk": 20,
	"fields": {
		"slug": null,
		"texto": "Debido a mis ocupaciones diarias me resulta dif\u00edcil sacar tiempo para cuidarme.",
		"categoria": 3,
		"opciones": [1, 2, 3, 4]
	}
}, {
	"model": "medical.pregunta",
	"pk": 21,
	"fields": {
		"slug": null,
		"texto": "Si mi salud se ve afectada yo puedo conseguir la informaci\u00f3n necesaria sobre que hacer.",
		"categoria": 2,
		"opciones": [1, 2, 3, 4]
	}
}, {
	"model": "medical.pregunta",
	"pk": 22,
	"fields": {
		"slug": null,
		"texto": "Si yo no puedo cuidarme puedo buscar ayuda.",
		"categoria": 1,
		"opciones": [1, 2, 3, 4]
	}
}, {
	"model": "medical.pregunta",
	"pk": 23,
	"fields": {
		"slug": null,
		"texto": "Puedo sacar tiempo para mi.",
		"categoria": 2,
		"opciones": [1, 2, 3, 4]
	}
}, {
	"model": "medical.pregunta",
	"pk": 24,
	"fields": {
		"slug": null,
		"texto": "Si presento limitaciones para movilizarme soy capaz de cuidarme como a mi me gusta.",
		"categoria": 5,
		"opciones": [1, 2, 3, 4]
	}
}, {
	"model": "medical.pregunta",
	"pk": 25,
	"fields": {
		"slug": "hdl",
		"texto": "Colesterol HDL",
		"categoria": null,
		"opciones": []
	}
}, {
	"model": "medical.pregunta",
	"pk": 26,
	"fields": {
		"slug": "trigliceridos",
		"texto": "Triglic\u00e9ridos",
		"categoria": null,
		"opciones": []
	}
}, {
	"model": "medical.pregunta",
	"pk": 27,
	"fields": {
		"slug": "ldl",
		"texto": "Colesterol LDL",
		"categoria": null,
		"opciones": []
	}
}, {
	"model": "medical.pregunta",
	"pk": 28,
	"fields": {
		"slug": "pas",
		"texto": "Presi\u00f3n Arterial Sist\u00f3lica",
		"categoria": null,
		"opciones": []
	}
}, {
	"model": "medical.tipoexamen",
	"pk": 1,
	"fields": {
		"nombre": "Test Asa",
		"preguntas": [1, 2, 3, 4, 5, 6, 7, 8, 9, 10, 11, 12, 13, 14, 15, 16, 17, 18, 19, 20, 21, 22, 23, 24]
	}
}, {
	"model": "medical.tipoexamen",
	"pk": 2,
	"fields": {
		"nombre": "Examen Lip\u00eddico",
		"preguntas": [25, 26, 27, 28]
	}
}, {
	"model": "auth.permission",
	"pk": 1,
	"fields": {
		"name": "Can add log entry",
		"content_type": 1,
		"codename": "add_logentry"
	}
}, {
	"model": "auth.permission",
	"pk": 2,
	"fields": {
		"name": "Can change log entry",
		"content_type": 1,
		"codename": "change_logentry"
	}
}, {
	"model": "auth.permission",
	"pk": 3,
	"fields": {
		"name": "Can delete log entry",
		"content_type": 1,
		"codename": "delete_logentry"
	}
}, {
	"model": "auth.permission",
	"pk": 4,
	"fields": {
		"name": "Can add group",
		"content_type": 2,
		"codename": "add_group"
	}
}, {
	"model": "auth.permission",
	"pk": 5,
	"fields": {
		"name": "Can change group",
		"content_type": 2,
		"codename": "change_group"
	}
}, {
	"model": "auth.permission",
	"pk": 6,
	"fields": {
		"name": "Can delete group",
		"content_type": 2,
		"codename": "delete_group"
	}
}, {
	"model": "auth.permission",
	"pk": 7,
	"fields": {
		"name": "Can add permission",
		"content_type": 3,
		"codename": "add_permission"
	}
}, {
	"model": "auth.permission",
	"pk": 8,
	"fields": {
		"name": "Can change permission",
		"content_type": 3,
		"codename": "change_permission"
	}
}, {
	"model": "auth.permission",
	"pk": 9,
	"fields": {
		"name": "Can delete permission",
		"content_type": 3,
		"codename": "delete_permission"
	}
}, {
	"model": "auth.permission",
	"pk": 10,
	"fields": {
		"name": "Can add user",
		"content_type": 4,
		"codename": "add_user"
	}
}, {
	"model": "auth.permission",
	"pk": 11,
	"fields": {
		"name": "Can change user",
		"content_type": 4,
		"codename": "change_user"
	}
}, {
	"model": "auth.permission",
	"pk": 12,
	"fields": {
		"name": "Can delete user",
		"content_type": 4,
		"codename": "delete_user"
	}
}, {
	"model": "auth.permission",
	"pk": 13,
	"fields": {
		"name": "Can add content type",
		"content_type": 5,
		"codename": "add_contenttype"
	}
}, {
	"model": "auth.permission",
	"pk": 14,
	"fields": {
		"name": "Can change content type",
		"content_type": 5,
		"codename": "change_contenttype"
	}
}, {
	"model": "auth.permission",
	"pk": 15,
	"fields": {
		"name": "Can delete content type",
		"content_type": 5,
		"codename": "delete_contenttype"
	}
}, {
	"model": "auth.permission",
	"pk": 16,
	"fields": {
		"name": "Can add session",
		"content_type": 6,
		"codename": "add_session"
	}
}, {
	"model": "auth.permission",
	"pk": 17,
	"fields": {
		"name": "Can change session",
		"content_type": 6,
		"codename": "change_session"
	}
}, {
	"model": "auth.permission",
	"pk": 18,
	"fields": {
		"name": "Can delete session",
		"content_type": 6,
		"codename": "delete_session"
	}
}, {
	"model": "auth.permission",
	"pk": 19,
	"fields": {
		"name": "Can add regimen salud",
		"content_type": 7,
		"codename": "add_regimensalud"
	}
}, {
	"model": "auth.permission",
	"pk": 20,
	"fields": {
		"name": "Can change regimen salud",
		"content_type": 7,
		"codename": "change_regimensalud"
	}
}, {
	"model": "auth.permission",
	"pk": 21,
	"fields": {
		"name": "Can delete regimen salud",
		"content_type": 7,
		"codename": "delete_regimensalud"
	}
}, {
	"model": "auth.permission",
	"pk": 22,
	"fields": {
		"name": "Can add habits antecedents",
		"content_type": 8,
		"codename": "add_habitsantecedents"
	}
}, {
	"model": "auth.permission",
	"pk": 23,
	"fields": {
		"name": "Can change habits antecedents",
		"content_type": 8,
		"codename": "change_habitsantecedents"
	}
}, {
	"model": "auth.permission",
	"pk": 24,
	"fields": {
		"name": "Can delete habits antecedents",
		"content_type": 8,
		"codename": "delete_habitsantecedents"
	}
}, {
	"model": "auth.permission",
	"pk": 25,
	"fields": {
		"name": "Can add facultad",
		"content_type": 9,
		"codename": "add_facultad"
	}
}, {
	"model": "auth.permission",
	"pk": 26,
	"fields": {
		"name": "Can change facultad",
		"content_type": 9,
		"codename": "change_facultad"
	}
}, {
	"model": "auth.permission",
	"pk": 27,
	"fields": {
		"name": "Can delete facultad",
		"content_type": 9,
		"codename": "delete_facultad"
	}
}, {
	"model": "auth.permission",
	"pk": 28,
	"fields": {
		"name": "Can add paciente",
		"content_type": 10,
		"codename": "add_paciente"
	}
}, {
	"model": "auth.permission",
	"pk": 29,
	"fields": {
		"name": "Can change paciente",
		"content_type": 10,
		"codename": "change_paciente"
	}
}, {
	"model": "auth.permission",
	"pk": 30,
	"fields": {
		"name": "Can delete paciente",
		"content_type": 10,
		"codename": "delete_paciente"
	}
}, {
	"model": "auth.permission",
	"pk": 31,
	"fields": {
		"name": "Can add opcion pregunta",
		"content_type": 11,
		"codename": "add_opcionpregunta"
	}
}, {
	"model": "auth.permission",
	"pk": 32,
	"fields": {
		"name": "Can change opcion pregunta",
		"content_type": 11,
		"codename": "change_opcionpregunta"
	}
}, {
	"model": "auth.permission",
	"pk": 33,
	"fields": {
		"name": "Can delete opcion pregunta",
		"content_type": 11,
		"codename": "delete_opcionpregunta"
	}
}, {
	"model": "auth.permission",
	"pk": 34,
	"fields": {
		"name": "Can add observaciones",
		"content_type": 12,
		"codename": "add_observaciones"
	}
}, {
	"model": "auth.permission",
	"pk": 35,
	"fields": {
		"name": "Can change observaciones",
		"content_type": 12,
		"codename": "change_observaciones"
	}
}, {
	"model": "auth.permission",
	"pk": 36,
	"fields": {
		"name": "Can delete observaciones",
		"content_type": 12,
		"codename": "delete_observaciones"
	}
}, {
	"model": "auth.permission",
	"pk": 37,
	"fields": {
		"name": "Can add examen",
		"content_type": 13,
		"codename": "add_examen"
	}
}, {
	"model": "auth.permission",
	"pk": 38,
	"fields": {
		"name": "Can change examen",
		"content_type": 13,
		"codename": "change_examen"
	}
}, {
	"model": "auth.permission",
	"pk": 39,
	"fields": {
		"name": "Can delete examen",
		"content_type": 13,
		"codename": "delete_examen"
	}
}, {
	"model": "auth.permission",
	"pk": 40,
	"fields": {
		"name": "Can add puntaje categoria",
		"content_type": 14,
		"codename": "add_puntajecategoria"
	}
}, {
	"model": "auth.permission",
	"pk": 41,
	"fields": {
		"name": "Can change puntaje categoria",
		"content_type": 14,
		"codename": "change_puntajecategoria"
	}
}, {
	"model": "auth.permission",
	"pk": 42,
	"fields": {
		"name": "Can delete puntaje categoria",
		"content_type": 14,
		"codename": "delete_puntajecategoria"
	}
}, {
	"model": "auth.permission",
	"pk": 43,
	"fields": {
		"name": "Can add pregunta",
		"content_type": 15,
		"codename": "add_pregunta"
	}
}, {
	"model": "auth.permission",
	"pk": 44,
	"fields": {
		"name": "Can change pregunta",
		"content_type": 15,
		"codename": "change_pregunta"
	}
}, {
	"model": "auth.permission",
	"pk": 45,
	"fields": {
		"name": "Can delete pregunta",
		"content_type": 15,
		"codename": "delete_pregunta"
	}
}, {
	"model": "auth.permission",
	"pk": 46,
	"fields": {
		"name": "Can add tipo examen",
		"content_type": 16,
		"codename": "add_tipoexamen"
	}
}, {
	"model": "auth.permission",
	"pk": 47,
	"fields": {
		"name": "Can change tipo examen",
		"content_type": 16,
		"codename": "change_tipoexamen"
	}
}, {
	"model": "auth.permission",
	"pk": 48,
	"fields": {
		"name": "Can delete tipo examen",
		"content_type": 16,
		"codename": "delete_tipoexamen"
	}
}, {
	"model": "auth.permission",
	"pk": 49,
	"fields": {
		"name": "Can add respuesta",
		"content_type": 17,
		"codename": "add_respuesta"
	}
}, {
	"model": "auth.permission",
	"pk": 50,
	"fields": {
		"name": "Can change respuesta",
		"content_type": 17,
		"codename": "change_respuesta"
	}
}, {
	"model": "auth.permission",
	"pk": 51,
	"fields": {
		"name": "Can delete respuesta",
		"content_type": 17,
		"codename": "delete_respuesta"
	}
}, {
	"model": "auth.user",
	"pk": 1,
	"fields": {
		"password": "pbkdf2_sha256$36000$DNRL0scA1cfD$YVRy0qUg0zyhzNlK83wWB4WiX9y14bNCsQbdjanFxzw=",
		"last_login": "2018-02-01T04:40:23.144Z",
		"is_superuser": true,
		"username": "diego",
		"first_name": "",
		"last_name": "",
		"email": "dangulogallego@gmail.com",
		"is_staff": true,
		"is_active": true,
		"date_joined": "2018-02-01T04:39:30.549Z",
		"groups": [],
		"user_permissions": []
	}
}, {
	"model": "auth.user",
	"pk": 2,
	"fields": {
		"password": "pbkdf2_sha256$36000$TIW1yKbP3ZU6$ePV5FFfDwigw1CjXkM21CZO7khE/VmTAtHZ2bHZKJgE=",
		"last_login": null,
		"is_superuser": false,
		"username": "111",
		"first_name": "Juli\u00e1n",
		"last_name": "Martinez",
		"email": "",
		"is_staff": true,
		"is_active": true,
		"date_joined": "2018-02-01T05:39:57Z",
		"groups": [],
		"user_permissions": []
	}
}, {
	"model": "admin.logentry",
	"pk": 1,
	"fields": {
		"action_time": "2018-02-01T04:41:54.521Z",
		"user": 1,
		"content_type": 7,
		"object_id": "1",
		"object_repr": "R\u00e9gimen contributivo",
		"action_flag": 1,
		"change_message": "[{\"added\": {}}]"
	}
}, {
	"model": "admin.logentry",
	"pk": 2,
	"fields": {
		"action_time": "2018-02-01T04:42:07.602Z",
		"user": 1,
		"content_type": 7,
		"object_id": "2",
		"object_repr": "Medicina prepagada",
		"action_flag": 1,
		"change_message": "[{\"added\": {}}]"
	}
}, {
	"model": "admin.logentry",
	"pk": 3,
	"fields": {
		"action_time": "2018-02-01T04:42:29.105Z",
		"user": 1,
		"content_type": 7,
		"object_id": "3",
		"object_repr": "P\u00f3liza de salud particular",
		"action_flag": 1,
		"change_message": "[{\"added\": {}}]"
	}
}, {
	"model": "admin.logentry",
	"pk": 4,
	"fields": {
		"action_time": "2018-02-01T04:42:34.760Z",
		"user": 1,
		"content_type": 7,
		"object_id": "4",
		"object_repr": "Otro",
		"action_flag": 1,
		"change_message": "[{\"added\": {}}]"
	}
}, {
	"model": "admin.logentry",
	"pk": 5,
	"fields": {
		"action_time": "2018-02-01T04:43:01.232Z",
		"user": 1,
		"content_type": 9,
		"object_id": "1",
		"object_repr": "Ninguna",
		"action_flag": 1,
		"change_message": "[{\"added\": {}}]"
	}
}, {
	"model": "admin.logentry",
	"pk": 6,
	"fields": {
		"action_time": "2018-02-01T04:43:07.785Z",
		"user": 1,
		"content_type": 9,
		"object_id": "2",
		"object_repr": "Ingenier\u00eda",
		"action_flag": 1,
		"change_message": "[{\"added\": {}}]"
	}
}, {
	"model": "admin.logentry",
	"pk": 7,
	"fields": {
		"action_time": "2018-02-01T04:43:32.866Z",
		"user": 1,
		"content_type": 9,
		"object_id": "3",
		"object_repr": "Ciencias administrativas, econ\u00f3micas y contables",
		"action_flag": 1,
		"change_message": "[{\"added\": {}}]"
	}
}, {
	"model": "admin.logentry",
	"pk": 8,
	"fields": {
		"action_time": "2018-02-01T04:43:45.965Z",
		"user": 1,
		"content_type": 9,
		"object_id": "4",
		"object_repr": "Ciencias jur\u00eddicas y human\u00edsticas",
		"action_flag": 1,
		"change_message": "[{\"added\": {}}]"
	}
}, {
	"model": "admin.logentry",
	"pk": 9,
	"fields": {
		"action_time": "2018-02-01T04:43:55.458Z",
		"user": 1,
		"content_type": 9,
		"object_id": "5",
		"object_repr": "Ciencias de la salud",
		"action_flag": 1,
		"change_message": "[{\"added\": {}}]"
	}
}, {
	"model": "admin.logentry",
	"pk": 10,
	"fields": {
		"action_time": "2018-02-01T04:44:06.444Z",
		"user": 1,
		"content_type": 9,
		"object_id": "6",
		"object_repr": "Ciencias de la educaci\u00f3n",
		"action_flag": 1,
		"change_message": "[{\"added\": {}}]"
	}
}, {
	"model": "admin.logentry",
	"pk": 11,
	"fields": {
		"action_time": "2018-02-01T04:45:28.124Z",
		"user": 1,
		"content_type": 14,
		"object_id": "1",
		"object_repr": "Interacci\u00f3n Social",
		"action_flag": 1,
		"change_message": "[{\"added\": {}}]"
	}
}, {
	"model": "admin.logentry",
	"pk": 12,
	"fields": {
		"action_time": "2018-02-01T04:45:55.018Z",
		"user": 1,
		"content_type": 14,
		"object_id": "2",
		"object_repr": "Bienestar Personal",
		"action_flag": 1,
		"change_message": "[{\"added\": {}}]"
	}
}, {
	"model": "admin.logentry",
	"pk": 13,
	"fields": {
		"action_time": "2018-02-01T04:46:20.913Z",
		"user": 1,
		"content_type": 14,
		"object_id": "3",
		"object_repr": "Actividad F\u00edsica y Reposo",
		"action_flag": 1,
		"change_message": "[{\"added\": {}}]"
	}
}, {
	"model": "admin.logentry",
	"pk": 14,
	"fields": {
		"action_time": "2018-02-01T04:46:51.201Z",
		"user": 1,
		"content_type": 14,
		"object_id": "4",
		"object_repr": "Consumo de Alimentos",
		"action_flag": 1,
		"change_message": "[{\"added\": {}}]"
	}
}, {
	"model": "admin.logentry",
	"pk": 15,
	"fields": {
		"action_time": "2018-02-01T04:47:24.723Z",
		"user": 1,
		"content_type": 14,
		"object_id": "5",
		"object_repr": "Prom. del Funcionamiento y Desarrollo Personal",
		"action_flag": 1,
		"change_message": "[{\"added\": {}}]"
	}
}, {
	"model": "admin.logentry",
	"pk": 16,
	"fields": {
		"action_time": "2018-02-01T04:51:45.230Z",
		"user": 1,
		"content_type": 12,
		"object_id": "1",
		"object_repr": "Consume frutas y verduras",
		"action_flag": 1,
		"change_message": "[{\"added\": {}}]"
	}
}, {
	"model": "admin.logentry",
	"pk": 17,
	"fields": {
		"action_time": "2018-02-01T04:54:14.224Z",
		"user": 1,
		"content_type": 12,
		"object_id": "2",
		"object_repr": "Dedicar 150 minutos semanales a realizar actividades f\u00edsicas moderadas aer\u00f3bicas, o bien alg\u00fan tipo de actividad f\u00edsica vigorosa aer\u00f3bica durante 75 minutos, o una combinaci\u00f3n equivalente de actividad",
		"action_flag": 1,
		"change_message": "[{\"added\": {}}]"
	}
}, {
	"model": "admin.logentry",
	"pk": 18,
	"fields": {
		"action_time": "2018-02-01T04:58:00.218Z",
		"user": 1,
		"content_type": 12,
		"object_id": "3",
		"object_repr": "No centres tu vida en un solo aspecto, intenta pensar en muchos m\u00e1s. La pareja, la familia, los amigos, el trabajo, etc",
		"action_flag": 1,
		"change_message": "[{\"added\": {}}]"
	}
}, {
	"model": "admin.logentry",
	"pk": 19,
	"fields": {
		"action_time": "2018-02-01T04:59:54.286Z",
		"user": 1,
		"content_type": 12,
		"object_id": "4",
		"object_repr": "Establece tus metas",
		"action_flag": 1,
		"change_message": "[{\"added\": {}}]"
	}
}, {
	"model": "admin.logentry",
	"pk": 20,
	"fields": {
		"action_time": "2018-02-01T05:00:56.377Z",
		"user": 1,
		"content_type": 12,
		"object_id": "5",
		"object_repr": "Aprende a decir lo que piensas, s\u00f3lo de esa manera, te dar\u00e1s cuenta de que los dem\u00e1s tambi\u00e9n tienen derecho a dar su opini\u00f3n",
		"action_flag": 1,
		"change_message": "[{\"added\": {}}]"
	}
}, {
	"model": "admin.logentry",
	"pk": 21,
	"fields": {
		"action_time": "2018-02-01T05:01:51.570Z",
		"user": 1,
		"content_type": 11,
		"object_id": "1",
		"object_repr": "Nunca",
		"action_flag": 1,
		"change_message": "[{\"added\": {}}]"
	}
}, {
	"model": "admin.logentry",
	"pk": 22,
	"fields": {
		"action_time": "2018-02-01T05:02:04.244Z",
		"user": 1,
		"content_type": 11,
		"object_id": "2",
		"object_repr": "Casi Nunca",
		"action_flag": 1,
		"change_message": "[{\"added\": {}}]"
	}
}, {
	"model": "admin.logentry",
	"pk": 23,
	"fields": {
		"action_time": "2018-02-01T05:02:19.997Z",
		"user": 1,
		"content_type": 11,
		"object_id": "3",
		"object_repr": "Casi Siempre",
		"action_flag": 1,
		"change_message": "[{\"added\": {}}]"
	}
}, {
	"model": "admin.logentry",
	"pk": 24,
	"fields": {
		"action_time": "2018-02-01T05:02:31.504Z",
		"user": 1,
		"content_type": 11,
		"object_id": "4",
		"object_repr": "Siempre",
		"action_flag": 1,
		"change_message": "[{\"added\": {}}]"
	}
}, {
	"model": "admin.logentry",
	"pk": 25,
	"fields": {
		"action_time": "2018-02-01T05:04:17.089Z",
		"user": 1,
		"content_type": 15,
		"object_id": "1",
		"object_repr": "A medida que cambian las circunstancias yo voy haciendo ajustes para mantener mi salud.",
		"action_flag": 1,
		"change_message": "[{\"added\": {}}]"
	}
}, {
	"model": "admin.logentry",
	"pk": 26,
	"fields": {
		"action_time": "2018-02-01T05:05:12.879Z",
		"user": 1,
		"content_type": 15,
		"object_id": "2",
		"object_repr": "Reviso si las formas que practico habitualmente para mantenerme con salud, son buenas.",
		"action_flag": 1,
		"change_message": "[{\"added\": {}}]"
	}
}, {
	"model": "admin.logentry",
	"pk": 27,
	"fields": {
		"action_time": "2018-02-01T05:05:49.758Z",
		"user": 1,
		"content_type": 15,
		"object_id": "3",
		"object_repr": "Si tengo problemas para moverme o desplazarme me las arreglo para conseguir ayuda.",
		"action_flag": 1,
		"change_message": "[{\"added\": {}}]"
	}
}, {
	"model": "admin.logentry",
	"pk": 28,
	"fields": {
		"action_time": "2018-02-01T05:06:15.157Z",
		"user": 1,
		"content_type": 15,
		"object_id": "4",
		"object_repr": "Yo puedo hacer lo necesario para mantener limpio el ambiente donde vivo.",
		"action_flag": 1,
		"change_message": "[{\"added\": {}}]"
	}
}, {
	"model": "admin.logentry",
	"pk": 29,
	"fields": {
		"action_time": "2018-02-01T05:06:37.941Z",
		"user": 1,
		"content_type": 15,
		"object_id": "5",
		"object_repr": "Hago en primer lugar lo que sea necesario para mantenerme con salud.",
		"action_flag": 1,
		"change_message": "[{\"added\": {}}]"
	}
}, {
	"model": "admin.logentry",
	"pk": 30,
	"fields": {
		"action_time": "2018-02-01T05:07:10.350Z",
		"user": 1,
		"content_type": 15,
		"object_id": "6",
		"object_repr": "Me faltan las fuerzas necesarias para cuidarme como debo.",
		"action_flag": 1,
		"change_message": "[{\"added\": {}}]"
	}
}, {
	"model": "admin.logentry",
	"pk": 31,
	"fields": {
		"action_time": "2018-02-01T05:07:34.604Z",
		"user": 1,
		"content_type": 15,
		"object_id": "7",
		"object_repr": "Yo puedo buscar mejores formas para cuidar mi salud que las que tengo ahora.",
		"action_flag": 1,
		"change_message": "[{\"added\": {}}]"
	}
}, {
	"model": "admin.logentry",
	"pk": 32,
	"fields": {
		"action_time": "2018-02-01T05:08:01.373Z",
		"user": 1,
		"content_type": 15,
		"object_id": "8",
		"object_repr": "Cambio la frecuencia con que me ba\u00f1o para mantenerme limpio.",
		"action_flag": 1,
		"change_message": "[{\"added\": {}}]"
	}
}, {
	"model": "admin.logentry",
	"pk": 33,
	"fields": {
		"action_time": "2018-02-01T05:08:44.382Z",
		"user": 1,
		"content_type": 15,
		"object_id": "9",
		"object_repr": "Para mantener el peso que me corresponde hago cambios en mis h\u00e1bitos alimenticios.",
		"action_flag": 1,
		"change_message": "[{\"added\": {}}]"
	}
}, {
	"model": "admin.logentry",
	"pk": 34,
	"fields": {
		"action_time": "2018-02-01T05:09:13.948Z",
		"user": 1,
		"content_type": 15,
		"object_id": "10",
		"object_repr": "Cuando hay situaciones que me afectan yo las manejo de manera que pueda mantener mi forma de ser.",
		"action_flag": 1,
		"change_message": "[{\"added\": {}}]"
	}
}, {
	"model": "admin.logentry",
	"pk": 35,
	"fields": {
		"action_time": "2018-02-01T05:09:40.227Z",
		"user": 1,
		"content_type": 15,
		"object_id": "11",
		"object_repr": "Pienso en hacer ejercicio y descansar un poco durante el d\u00eda pero no llego a hacerlo.",
		"action_flag": 1,
		"change_message": "[{\"added\": {}}]"
	}
}, {
	"model": "admin.logentry",
	"pk": 36,
	"fields": {
		"action_time": "2018-02-01T05:10:10.092Z",
		"user": 1,
		"content_type": 15,
		"object_id": "12",
		"object_repr": "Cuando necesito ayuda puedo recurrir a mis amigos de siempre.",
		"action_flag": 1,
		"change_message": "[{\"added\": {}}]"
	}
}, {
	"model": "admin.logentry",
	"pk": 37,
	"fields": {
		"action_time": "2018-02-01T05:10:32.633Z",
		"user": 1,
		"content_type": 15,
		"object_id": "13",
		"object_repr": "Puedo dormir lo suficiente para sentirme descansado (a).",
		"action_flag": 1,
		"change_message": "[{\"added\": {}}]"
	}
}, {
	"model": "admin.logentry",
	"pk": 38,
	"fields": {
		"action_time": "2018-02-01T05:11:07.786Z",
		"user": 1,
		"content_type": 15,
		"object_id": "14",
		"object_repr": "Cuando obtengo informaci\u00f3n sobre mi salud pido explicaciones sobre lo que no entiendo.",
		"action_flag": 1,
		"change_message": "[{\"added\": {}}]"
	}
}, {
	"model": "admin.logentry",
	"pk": 39,
	"fields": {
		"action_time": "2018-02-01T05:11:41.747Z",
		"user": 1,
		"content_type": 15,
		"object_id": "15",
		"object_repr": "Yo examino mi cuerpo para ver si hay alg\u00fan cambio.",
		"action_flag": 1,
		"change_message": "[{\"added\": {}}]"
	}
}, {
	"model": "admin.logentry",
	"pk": 40,
	"fields": {
		"action_time": "2018-02-01T05:12:16.672Z",
		"user": 1,
		"content_type": 15,
		"object_id": "16",
		"object_repr": "He sido capaz de cambiar h\u00e1bitos que tenia muy arraigados con tal de mejorar mi salud.",
		"action_flag": 1,
		"change_message": "[{\"added\": {}}]"
	}
}, {
	"model": "admin.logentry",
	"pk": 41,
	"fields": {
		"action_time": "2018-02-01T05:12:56.859Z",
		"user": 1,
		"content_type": 15,
		"object_id": "17",
		"object_repr": "Cuando tengo que tomar una nueva medicina cuento con una persona que me brinde informaci\u00f3n sobre los efectos secundarios.",
		"action_flag": 1,
		"change_message": "[{\"added\": {}}]"
	}
}, {
	"model": "admin.logentry",
	"pk": 42,
	"fields": {
		"action_time": "2018-02-01T05:13:20.598Z",
		"user": 1,
		"content_type": 15,
		"object_id": "18",
		"object_repr": "Soy capaz de tomar medidas para garantizar que mi familia y yo no corramos peligro.",
		"action_flag": 1,
		"change_message": "[{\"added\": {}}]"
	}
}, {
	"model": "admin.logentry",
	"pk": 43,
	"fields": {
		"action_time": "2018-02-01T05:13:42.666Z",
		"user": 1,
		"content_type": 15,
		"object_id": "19",
		"object_repr": "Soy capaz de evaluar que tanto me sirve lo que hago para mantenerme con salud.",
		"action_flag": 1,
		"change_message": "[{\"added\": {}}]"
	}
}, {
	"model": "admin.logentry",
	"pk": 44,
	"fields": {
		"action_time": "2018-02-01T05:14:27.924Z",
		"user": 1,
		"content_type": 15,
		"object_id": "20",
		"object_repr": "Debido a mis ocupaciones diarias me resulta dif\u00edcil sacar tiempo para cuidarme.",
		"action_flag": 1,
		"change_message": "[{\"added\": {}}]"
	}
}, {
	"model": "admin.logentry",
	"pk": 45,
	"fields": {
		"action_time": "2018-02-01T05:14:57.852Z",
		"user": 1,
		"content_type": 15,
		"object_id": "21",
		"object_repr": "Si mi salud se ve afectada yo puedo conseguir la informaci\u00f3n necesaria sobre que hacer.",
		"action_flag": 1,
		"change_message": "[{\"added\": {}}]"
	}
}, {
	"model": "admin.logentry",
	"pk": 46,
	"fields": {
		"action_time": "2018-02-01T05:15:17.414Z",
		"user": 1,
		"content_type": 15,
		"object_id": "22",
		"object_repr": "Si yo no puedo cuidarme puedo buscar ayuda.",
		"action_flag": 1,
		"change_message": "[{\"added\": {}}]"
	}
}, {
	"model": "admin.logentry",
	"pk": 47,
	"fields": {
		"action_time": "2018-02-01T05:15:38.182Z",
		"user": 1,
		"content_type": 15,
		"object_id": "23",
		"object_repr": "Puedo sacar tiempo para mi.",
		"action_flag": 1,
		"change_message": "[{\"added\": {}}]"
	}
}, {
	"model": "admin.logentry",
	"pk": 48,
	"fields": {
		"action_time": "2018-02-01T05:15:57.381Z",
		"user": 1,
		"content_type": 15,
		"object_id": "24",
		"object_repr": "Si presento limitaciones para movilizarme soy capaz de cuidarme como a mi me gusta.",
		"action_flag": 1,
		"change_message": "[{\"added\": {}}]"
	}
}, {
	"model": "admin.logentry",
	"pk": 49,
	"fields": {
		"action_time": "2018-02-01T05:17:40.321Z",
		"user": 1,
		"content_type": 15,
		"object_id": "25",
		"object_repr": "Colesterol HDL",
		"action_flag": 1,
		"change_message": "[{\"added\": {}}]"
	}
}, {
	"model": "admin.logentry",
	"pk": 50,
	"fields": {
		"action_time": "2018-02-01T05:18:00.843Z",
		"user": 1,
		"content_type": 15,
		"object_id": "26",
		"object_repr": "Triglic\u00e9ridos",
		"action_flag": 1,
		"change_message": "[{\"added\": {}}]"
	}
}, {
	"model": "admin.logentry",
	"pk": 51,
	"fields": {
		"action_time": "2018-02-01T05:18:19.514Z",
		"user": 1,
		"content_type": 15,
		"object_id": "27",
		"object_repr": "Colesterol LDL",
		"action_flag": 1,
		"change_message": "[{\"added\": {}}]"
	}
}, {
	"model": "admin.logentry",
	"pk": 52,
	"fields": {
		"action_time": "2018-02-01T05:18:38.812Z",
		"user": 1,
		"content_type": 15,
		"object_id": "28",
		"object_repr": "Presi\u00f3n Arterial Sist\u00f3lica",
		"action_flag": 1,
		"change_message": "[{\"added\": {}}]"
	}
}, {
	"model": "admin.logentry",
	"pk": 53,
	"fields": {
		"action_time": "2018-02-01T05:20:24.986Z",
		"user": 1,
		"content_type": 16,
		"object_id": "1",
		"object_repr": "Test Asa",
		"action_flag": 1,
		"change_message": "[{\"added\": {}}]"
	}
}, {
	"model": "admin.logentry",
	"pk": 54,
	"fields": {
		"action_time": "2018-02-01T05:21:03.937Z",
		"user": 1,
		"content_type": 16,
		"object_id": "2",
		"object_repr": "Examen Lip\u00eddico",
		"action_flag": 1,
		"change_message": "[{\"added\": {}}]"
	}
}, {
	"model": "admin.logentry",
	"pk": 55,
	"fields": {
		"action_time": "2018-02-01T05:21:59.344Z",
		"user": 1,
		"content_type": 15,
		"object_id": "24",
		"object_repr": "Si presento limitaciones para movilizarme soy capaz de cuidarme como a mi me gusta.",
		"action_flag": 2,
		"change_message": "[]"
	}
}, {
	"model": "admin.logentry",
	"pk": 56,
	"fields": {
		"action_time": "2018-02-01T05:22:10.378Z",
		"user": 1,
		"content_type": 15,
		"object_id": "23",
		"object_repr": "Puedo sacar tiempo para mi.",
		"action_flag": 2,
		"change_message": "[]"
	}
}, {
	"model": "admin.logentry",
	"pk": 57,
	"fields": {
		"action_time": "2018-02-01T05:22:16.084Z",
		"user": 1,
		"content_type": 15,
		"object_id": "22",
		"object_repr": "Si yo no puedo cuidarme puedo buscar ayuda.",
		"action_flag": 2,
		"change_message": "[]"
	}
}, {
	"model": "admin.logentry",
	"pk": 58,
	"fields": {
		"action_time": "2018-02-01T05:22:32.966Z",
		"user": 1,
		"content_type": 15,
		"object_id": "25",
		"object_repr": "Colesterol HDL",
		"action_flag": 2,
		"change_message": "[]"
	}
}, {
	"model": "admin.logentry",
	"pk": 59,
	"fields": {
		"action_time": "2018-02-01T05:22:45.725Z",
		"user": 1,
		"content_type": 15,
		"object_id": "25",
		"object_repr": "Colesterol HDL",
		"action_flag": 2,
		"change_message": "[]"
	}
}, {
	"model": "admin.logentry",
	"pk": 60,
	"fields": {
		"action_time": "2018-02-01T05:23:00.137Z",
		"user": 1,
		"content_type": 15,
		"object_id": "21",
		"object_repr": "Si mi salud se ve afectada yo puedo conseguir la informaci\u00f3n necesaria sobre que hacer.",
		"action_flag": 2,
		"change_message": "[]"
	}
}, {
	"model": "admin.logentry",
	"pk": 61,
	"fields": {
		"action_time": "2018-02-01T05:23:05.811Z",
		"user": 1,
		"content_type": 15,
		"object_id": "20",
		"object_repr": "Debido a mis ocupaciones diarias me resulta dif\u00edcil sacar tiempo para cuidarme.",
		"action_flag": 2,
		"change_message": "[]"
	}
}, {
	"model": "admin.logentry",
	"pk": 62,
	"fields": {
		"action_time": "2018-02-01T05:23:13.858Z",
		"user": 1,
		"content_type": 15,
		"object_id": "19",
		"object_repr": "Soy capaz de evaluar que tanto me sirve lo que hago para mantenerme con salud.",
		"action_flag": 2,
		"change_message": "[]"
	}
}, {
	"model": "admin.logentry",
	"pk": 63,
	"fields": {
		"action_time": "2018-02-01T05:23:19.917Z",
		"user": 1,
		"content_type": 15,
		"object_id": "18",
		"object_repr": "Soy capaz de tomar medidas para garantizar que mi familia y yo no corramos peligro.",
		"action_flag": 2,
		"change_message": "[]"
	}
}, {
	"model": "admin.logentry",
	"pk": 64,
	"fields": {
		"action_time": "2018-02-01T05:23:29.367Z",
		"user": 1,
		"content_type": 15,
		"object_id": "17",
		"object_repr": "Cuando tengo que tomar una nueva medicina cuento con una persona que me brinde informaci\u00f3n sobre los efectos secundarios.",
		"action_flag": 2,
		"change_message": "[]"
	}
}, {
	"model": "admin.logentry",
	"pk": 65,
	"fields": {
		"action_time": "2018-02-01T05:23:34.204Z",
		"user": 1,
		"content_type": 15,
		"object_id": "16",
		"object_repr": "He sido capaz de cambiar h\u00e1bitos que tenia muy arraigados con tal de mejorar mi salud.",
		"action_flag": 2,
		"change_message": "[]"
	}
}, {
	"model": "admin.logentry",
	"pk": 66,
	"fields": {
		"action_time": "2018-02-01T05:23:52.658Z",
		"user": 1,
		"content_type": 15,
		"object_id": "15",
		"object_repr": "Yo examino mi cuerpo para ver si hay alg\u00fan cambio.",
		"action_flag": 2,
		"change_message": "[]"
	}
}, {
	"model": "admin.logentry",
	"pk": 67,
	"fields": {
		"action_time": "2018-02-01T05:24:08.809Z",
		"user": 1,
		"content_type": 15,
		"object_id": "14",
		"object_repr": "Cuando obtengo informaci\u00f3n sobre mi salud pido explicaciones sobre lo que no entiendo.",
		"action_flag": 2,
		"change_message": "[]"
	}
}, {
	"model": "admin.logentry",
	"pk": 68,
	"fields": {
		"action_time": "2018-02-01T05:24:17.352Z",
		"user": 1,
		"content_type": 15,
		"object_id": "13",
		"object_repr": "Puedo dormir lo suficiente para sentirme descansado (a).",
		"action_flag": 2,
		"change_message": "[]"
	}
}, {
	"model": "admin.logentry",
	"pk": 69,
	"fields": {
		"action_time": "2018-02-01T05:24:25.356Z",
		"user": 1,
		"content_type": 15,
		"object_id": "1",
		"object_repr": "A medida que cambian las circunstancias yo voy haciendo ajustes para mantener mi salud.",
		"action_flag": 2,
		"change_message": "[]"
	}
}, {
	"model": "admin.logentry",
	"pk": 70,
	"fields": {
		"action_time": "2018-02-01T05:24:30.577Z",
		"user": 1,
		"content_type": 15,
		"object_id": "2",
		"object_repr": "Reviso si las formas que practico habitualmente para mantenerme con salud, son buenas.",
		"action_flag": 2,
		"change_message": "[]"
	}
}, {
	"model": "admin.logentry",
	"pk": 71,
	"fields": {
		"action_time": "2018-02-01T05:24:35.297Z",
		"user": 1,
		"content_type": 15,
		"object_id": "3",
		"object_repr": "Si tengo problemas para moverme o desplazarme me las arreglo para conseguir ayuda.",
		"action_flag": 2,
		"change_message": "[]"
	}
}, {
	"model": "admin.logentry",
	"pk": 72,
	"fields": {
		"action_time": "2018-02-01T05:24:39.944Z",
		"user": 1,
		"content_type": 15,
		"object_id": "4",
		"object_repr": "Yo puedo hacer lo necesario para mantener limpio el ambiente donde vivo.",
		"action_flag": 2,
		"change_message": "[]"
	}
}, {
	"model": "admin.logentry",
	"pk": 73,
	"fields": {
		"action_time": "2018-02-01T05:24:45.174Z",
		"user": 1,
		"content_type": 15,
		"object_id": "5",
		"object_repr": "Hago en primer lugar lo que sea necesario para mantenerme con salud.",
		"action_flag": 2,
		"change_message": "[]"
	}
}, {
	"model": "admin.logentry",
	"pk": 74,
	"fields": {
		"action_time": "2018-02-01T05:24:51.342Z",
		"user": 1,
		"content_type": 15,
		"object_id": "6",
		"object_repr": "Me faltan las fuerzas necesarias para cuidarme como debo.",
		"action_flag": 2,
		"change_message": "[]"
	}
}, {
	"model": "admin.logentry",
	"pk": 75,
	"fields": {
		"action_time": "2018-02-01T05:24:58.225Z",
		"user": 1,
		"content_type": 15,
		"object_id": "7",
		"object_repr": "Yo puedo buscar mejores formas para cuidar mi salud que las que tengo ahora.",
		"action_flag": 2,
		"change_message": "[]"
	}
}, {
	"model": "admin.logentry",
	"pk": 76,
	"fields": {
		"action_time": "2018-02-01T05:25:06.512Z",
		"user": 1,
		"content_type": 15,
		"object_id": "8",
		"object_repr": "Cambio la frecuencia con que me ba\u00f1o para mantenerme limpio.",
		"action_flag": 2,
		"change_message": "[]"
	}
}, {
	"model": "admin.logentry",
	"pk": 77,
	"fields": {
		"action_time": "2018-02-01T05:25:15.615Z",
		"user": 1,
		"content_type": 15,
		"object_id": "9",
		"object_repr": "Para mantener el peso que me corresponde hago cambios en mis h\u00e1bitos alimenticios.",
		"action_flag": 2,
		"change_message": "[]"
	}
}, {
	"model": "admin.logentry",
	"pk": 78,
	"fields": {
		"action_time": "2018-02-01T05:25:23.360Z",
		"user": 1,
		"content_type": 15,
		"object_id": "10",
		"object_repr": "Cuando hay situaciones que me afectan yo las manejo de manera que pueda mantener mi forma de ser.",
		"action_flag": 2,
		"change_message": "[]"
	}
}, {
	"model": "admin.logentry",
	"pk": 79,
	"fields": {
		"action_time": "2018-02-01T05:25:33.383Z",
		"user": 1,
		"content_type": 15,
		"object_id": "11",
		"object_repr": "Pienso en hacer ejercicio y descansar un poco durante el d\u00eda pero no llego a hacerlo.",
		"action_flag": 2,
		"change_message": "[]"
	}
}, {
	"model": "admin.logentry",
	"pk": 80,
	"fields": {
		"action_time": "2018-02-01T05:25:38.897Z",
		"user": 1,
		"content_type": 15,
		"object_id": "12",
		"object_repr": "Cuando necesito ayuda puedo recurrir a mis amigos de siempre.",
		"action_flag": 2,
		"change_message": "[]"
	}
}, {
	"model": "admin.logentry",
	"pk": 81,
	"fields": {
		"action_time": "2018-02-01T05:39:57.976Z",
		"user": 1,
		"content_type": 4,
		"object_id": "2",
		"object_repr": "111",
		"action_flag": 1,
		"change_message": "[{\"added\": {}}]"
	}
}, {
	"model": "admin.logentry",
	"pk": 82,
	"fields": {
		"action_time": "2018-02-01T05:40:52.672Z",
		"user": 1,
		"content_type": 4,
		"object_id": "2",
		"object_repr": "111",
		"action_flag": 2,
		"change_message": "[{\"changed\": {\"fields\": [\"first_name\", \"last_name\", \"is_staff\"]}}]"
	}
}, {
	"model": "admin.logentry",
	"pk": 83,
	"fields": {
		"action_time": "2018-02-01T05:40:52.718Z",
		"user": 1,
		"content_type": 4,
		"object_id": "2",
		"object_repr": "111",
		"action_flag": 2,
		"change_message": "[]"
	}
}]
