[{
	"model": "contenttypes.contenttype",
	"pk": 1,
	"fields": {
		"app_label": "admin",
		"model": "logentry"
	}
}, {
	"model": "contenttypes.contenttype",
	"pk": 2,
	"fields": {
		"app_label": "auth",
		"model": "group"
	}
}, {
	"model": "contenttypes.contenttype",
	"pk": 3,
	"fields": {
		"app_label": "auth",
		"model": "permission"
	}
}, {
	"model": "contenttypes.contenttype",
	"pk": 4,
	"fields": {
		"app_label": "auth",
		"model": "user"
	}
}, {
	"model": "contenttypes.contenttype",
	"pk": 5,
	"fields": {
		"app_label": "contenttypes",
		"model": "contenttype"
	}
}, {
	"model": "contenttypes.contenttype",
	"pk": 6,
	"fields": {
		"app_label": "sessions",
		"model": "session"
	}
}, {
	"model": "contenttypes.contenttype",
	"pk": 7,
	"fields": {
		"app_label": "profiling",
		"model": "regimensalud"
	}
}, {
	"model": "contenttypes.contenttype",
	"pk": 8,
	"fields": {
		"app_label": "profiling",
		"model": "habitsantecedents"
	}
}, {
	"model": "contenttypes.contenttype",
	"pk": 9,
	"fields": {
		"app_label": "profiling",
		"model": "facultad"
	}
}, {
	"model": "contenttypes.contenttype",
	"pk": 10,
	"fields": {
		"app_label": "profiling",
		"model": "paciente"
	}
}, {
	"model": "contenttypes.contenttype",
	"pk": 11,
	"fields": {
		"app_label": "medical",
		"model": "opcionpregunta"
	}
}, {
	"model": "contenttypes.contenttype",
	"pk": 12,
	"fields": {
		"app_label": "medical",
		"model": "observaciones"
	}
}, {
	"model": "contenttypes.contenttype",
	"pk": 13,
	"fields": {
		"app_label": "medical",
		"model": "examen"
	}
}, {
	"model": "contenttypes.contenttype",
	"pk": 14,
	"fields": {
		"app_label": "medical",
		"model": "puntajecategoria"
	}
}, {
	"model": "contenttypes.contenttype",
	"pk": 15,
	"fields": {
		"app_label": "medical",
		"model": "pregunta"
	}
}, {
	"model": "contenttypes.contenttype",
	"pk": 16,
	"fields": {
		"app_label": "medical",
		"model": "tipoexamen"
	}
}, {
	"model": "contenttypes.contenttype",
	"pk": 17,
	"fields": {
		"app_label": "medical",
		"model": "respuesta"
	}
}, {
	"model": "sessions.session",
	"pk": "8ro1g6koflhb8xfxrq34yy2o5zylqh39",
	"fields": {
		"session_data": "ZDQwM2NiNmFlODBkMTU3NjNjZGJmNThhNmE2MmJkZGMxYWMwMTlkMDp7Il9hdXRoX3VzZXJfaGFzaCI6ImJjYjY0NGYyMGM4NWVhZDE3M2ZiYzY3ZTljMzg0ZThjZTNmMGQ1MzYiLCJfYXV0aF91c2VyX2JhY2tlbmQiOiJkamFuZ28uY29udHJpYi5hdXRoLmJhY2tlbmRzLk1vZGVsQmFja2VuZCIsIl9hdXRoX3VzZXJfaWQiOiIyIn0=",
		"expire_date": "2018-02-19T22:52:05.586Z"
	}
}, {
	"model": "sessions.session",
	"pk": "emhheowduzqd01w9dru4fzpyz0mz2avm",
	"fields": {
		"session_data": "MjAzZDM5YzJhMmRkNGRjNjU3OTNkMDA1ZDEwN2ZlYTU3YmVmM2M2YTp7Il9hdXRoX3VzZXJfaGFzaCI6IjVmOTM3YzE0YTY4OTY0ZmQ2NTllYjI3NTY4ZTZhMWYwZjA4ODI0MTIiLCJfYXV0aF91c2VyX2JhY2tlbmQiOiJkamFuZ28uY29udHJpYi5hdXRoLmJhY2tlbmRzLk1vZGVsQmFja2VuZCIsIl9hdXRoX3VzZXJfaWQiOiIxIn0=",
		"expire_date": "2018-02-15T04:40:23.149Z"
	}
}, {
	"model": "profiling.regimensalud",
	"pk": 1,
	"fields": {
		"nombre": "R\u00e9gimen contributivo"
	}
}, {
	"model": "profiling.regimensalud",
	"pk": 2,
	"fields": {
		"nombre": "Medicina prepagada"
	}
}, {
	"model": "profiling.regimensalud",
	"pk": 3,
	"fields": {
		"nombre": "P\u00f3liza de salud particular"
	}
}, {
	"model": "profiling.regimensalud",
	"pk": 4,
	"fields": {
		"nombre": "Otro"
	}
}, {
	"model": "profiling.facultad",
	"pk": 1,
	"fields": {
		"nombre": "Ninguna"
	}
}, {
	"model": "profiling.facultad",
	"pk": 2,
	"fields": {
		"nombre": "Ingenier\u00eda"
	}
}, {
	"model": "profiling.facultad",
	"pk": 3,
	"fields": {
		"nombre": "Ciencias administrativas, econ\u00f3micas y contables"
	}
}, {
	"model": "profiling.facultad",
	"pk": 4,
	"fields": {
		"nombre": "Ciencias jur\u00eddicas y human\u00edsticas"
	}
}, {
	"model": "profiling.facultad",
	"pk": 5,
	"fields": {
		"nombre": "Ciencias de la salud"
	}
}, {
	"model": "profiling.facultad",
	"pk": 6,
	"fields": {
		"nombre": "Ciencias de la educaci\u00f3n"
	}
}, {
	"model": "profiling.habitsantecedents",
	"pk": 1,
	"fields": {
		"paciente": 1,
		"tabaquismo": false,
		"diabetes": false,
		"hipertension": false,
		"iam": false,
		"seguimiento": 1,
		"fecha": "2018-02-05"
	}
}, {
	"model": "profiling.habitsantecedents",
	"pk": 2,
	"fields": {
		"paciente": 2,
		"tabaquismo": false,
		"diabetes": false,
		"hipertension": false,
		"iam": false,
		"seguimiento": 1,
		"fecha": "2018-02-05"
	}
}, {
	"model": "profiling.habitsantecedents",
	"pk": 3,
	"fields": {
		"paciente": 3,
		"tabaquismo": false,
		"diabetes": false,
		"hipertension": false,
		"iam": false,
		"seguimiento": 1,
		"fecha": "2018-02-05"
	}
}, {
	"model": "profiling.habitsantecedents",
	"pk": 4,
	"fields": {
		"paciente": 4,
		"tabaquismo": false,
		"diabetes": true,
		"hipertension": true,
		"iam": false,
		"seguimiento": 1,
		"fecha": "2018-02-05"
	}
}, {
	"model": "profiling.habitsantecedents",
	"pk": 5,
	"fields": {
		"paciente": 5,
		"tabaquismo": false,
		"diabetes": false,
		"hipertension": false,
		"iam": false,
		"seguimiento": 1,
		"fecha": "2018-02-05"
	}
}, {
	"model": "profiling.habitsantecedents",
	"pk": 6,
	"fields": {
		"paciente": 6,
		"tabaquismo": false,
		"diabetes": false,
		"hipertension": false,
		"iam": true,
		"seguimiento": 1,
		"fecha": "2018-02-05"
	}
}, {
	"model": "profiling.habitsantecedents",
	"pk": 7,
	"fields": {
		"paciente": 7,
		"tabaquismo": false,
		"diabetes": false,
		"hipertension": false,
		"iam": false,
		"seguimiento": 1,
		"fecha": "2018-02-05"
	}
}, {
	"model": "profiling.habitsantecedents",
	"pk": 8,
	"fields": {
		"paciente": 8,
		"tabaquismo": false,
		"diabetes": true,
		"hipertension": true,
		"iam": false,
		"seguimiento": 1,
		"fecha": "2018-02-05"
	}
}, {
	"model": "profiling.habitsantecedents",
	"pk": 9,
	"fields": {
		"paciente": 9,
		"tabaquismo": false,
		"diabetes": false,
		"hipertension": false,
		"iam": false,
		"seguimiento": 1,
		"fecha": "2018-02-05"
	}
}, {
	"model": "profiling.habitsantecedents",
	"pk": 10,
	"fields": {
		"paciente": 10,
		"tabaquismo": false,
		"diabetes": false,
		"hipertension": false,
		"iam": true,
		"seguimiento": 1,
		"fecha": "2018-02-05"
	}
}, {
	"model": "profiling.habitsantecedents",
	"pk": 11,
	"fields": {
		"paciente": 11,
		"tabaquismo": false,
		"diabetes": false,
		"hipertension": false,
		"iam": false,
		"seguimiento": 1,
		"fecha": "2018-02-05"
	}
}, {
	"model": "profiling.habitsantecedents",
	"pk": 12,
	"fields": {
		"paciente": 12,
		"tabaquismo": false,
		"diabetes": false,
		"hipertension": true,
		"iam": false,
		"seguimiento": 1,
		"fecha": "2018-02-05"
	}
}, {
	"model": "profiling.habitsantecedents",
	"pk": 13,
	"fields": {
		"paciente": 13,
		"tabaquismo": false,
		"diabetes": false,
		"hipertension": false,
		"iam": false,
		"seguimiento": 1,
		"fecha": "2018-02-05"
	}
}, {
	"model": "profiling.habitsantecedents",
	"pk": 14,
	"fields": {
		"paciente": 14,
		"tabaquismo": false,
		"diabetes": false,
		"hipertension": false,
		"iam": true,
		"seguimiento": 1,
		"fecha": "2018-02-05"
	}
}, {
	"model": "profiling.habitsantecedents",
	"pk": 15,
	"fields": {
		"paciente": 15,
		"tabaquismo": false,
		"diabetes": false,
		"hipertension": false,
		"iam": false,
		"seguimiento": 1,
		"fecha": "2018-02-05"
	}
}, {
	"model": "profiling.habitsantecedents",
	"pk": 16,
	"fields": {
		"paciente": 16,
		"tabaquismo": false,
		"diabetes": false,
		"hipertension": false,
		"iam": true,
		"seguimiento": 1,
		"fecha": "2018-02-05"
	}
}, {
	"model": "profiling.habitsantecedents",
	"pk": 17,
	"fields": {
		"paciente": 17,
		"tabaquismo": false,
		"diabetes": false,
		"hipertension": true,
		"iam": false,
		"seguimiento": 1,
		"fecha": "2018-02-05"
	}
}, {
	"model": "profiling.habitsantecedents",
	"pk": 18,
	"fields": {
		"paciente": 18,
		"tabaquismo": false,
		"diabetes": false,
		"hipertension": false,
		"iam": true,
		"seguimiento": 1,
		"fecha": "2018-02-05"
	}
}, {
	"model": "profiling.habitsantecedents",
	"pk": 19,
	"fields": {
		"paciente": 19,
		"tabaquismo": false,
		"diabetes": false,
		"hipertension": false,
		"iam": false,
		"seguimiento": 1,
		"fecha": "2018-02-05"
	}
}, {
	"model": "profiling.habitsantecedents",
	"pk": 20,
	"fields": {
		"paciente": 20,
		"tabaquismo": false,
		"diabetes": false,
		"hipertension": false,
		"iam": true,
		"seguimiento": 1,
		"fecha": "2018-02-05"
	}
}, {
	"model": "profiling.habitsantecedents",
	"pk": 21,
	"fields": {
		"paciente": 21,
		"tabaquismo": false,
		"diabetes": false,
		"hipertension": false,
		"iam": false,
		"seguimiento": 1,
		"fecha": "2018-02-05"
	}
}, {
	"model": "profiling.habitsantecedents",
	"pk": 22,
	"fields": {
		"paciente": 22,
		"tabaquismo": false,
		"diabetes": false,
		"hipertension": true,
		"iam": true,
		"seguimiento": 1,
		"fecha": "2018-02-05"
	}
}, {
	"model": "profiling.habitsantecedents",
	"pk": 23,
	"fields": {
		"paciente": 23,
		"tabaquismo": false,
		"diabetes": false,
		"hipertension": false,
		"iam": false,
		"seguimiento": 1,
		"fecha": "2018-02-05"
	}
}, {
	"model": "profiling.habitsantecedents",
	"pk": 24,
	"fields": {
		"paciente": 24,
		"tabaquismo": false,
		"diabetes": false,
		"hipertension": false,
		"iam": false,
		"seguimiento": 1,
		"fecha": "2018-02-05"
	}
}, {
	"model": "profiling.habitsantecedents",
	"pk": 25,
	"fields": {
		"paciente": 25,
		"tabaquismo": false,
		"diabetes": false,
		"hipertension": false,
		"iam": false,
		"seguimiento": 1,
		"fecha": "2018-02-05"
	}
}, {
	"model": "profiling.habitsantecedents",
	"pk": 26,
	"fields": {
		"paciente": 26,
		"tabaquismo": false,
		"diabetes": false,
		"hipertension": false,
		"iam": true,
		"seguimiento": 1,
		"fecha": "2018-02-05"
	}
}, {
	"model": "profiling.habitsantecedents",
	"pk": 27,
	"fields": {
		"paciente": 27,
		"tabaquismo": false,
		"diabetes": false,
		"hipertension": false,
		"iam": false,
		"seguimiento": 1,
		"fecha": "2018-02-05"
	}
}, {
	"model": "profiling.habitsantecedents",
	"pk": 28,
	"fields": {
		"paciente": 28,
		"tabaquismo": false,
		"diabetes": false,
		"hipertension": false,
		"iam": false,
		"seguimiento": 1,
		"fecha": "2018-02-05"
	}
}, {
	"model": "profiling.habitsantecedents",
	"pk": 29,
	"fields": {
		"paciente": 29,
		"tabaquismo": false,
		"diabetes": false,
		"hipertension": false,
		"iam": true,
		"seguimiento": 1,
		"fecha": "2018-02-05"
	}
}, {
	"model": "profiling.habitsantecedents",
	"pk": 30,
	"fields": {
		"paciente": 30,
		"tabaquismo": false,
		"diabetes": false,
		"hipertension": false,
		"iam": false,
		"seguimiento": 1,
		"fecha": "2018-02-05"
	}
}, {
	"model": "profiling.habitsantecedents",
	"pk": 31,
	"fields": {
		"paciente": 31,
		"tabaquismo": false,
		"diabetes": false,
		"hipertension": false,
		"iam": false,
		"seguimiento": 1,
		"fecha": "2018-02-05"
	}
}, {
	"model": "profiling.habitsantecedents",
	"pk": 32,
	"fields": {
		"paciente": 32,
		"tabaquismo": false,
		"diabetes": true,
		"hipertension": false,
		"iam": false,
		"seguimiento": 1,
		"fecha": "2018-02-05"
	}
}, {
	"model": "profiling.habitsantecedents",
	"pk": 33,
	"fields": {
		"paciente": 33,
		"tabaquismo": false,
		"diabetes": false,
		"hipertension": false,
		"iam": false,
		"seguimiento": 1,
		"fecha": "2018-02-05"
	}
}, {
	"model": "profiling.habitsantecedents",
	"pk": 34,
	"fields": {
		"paciente": 34,
		"tabaquismo": false,
		"diabetes": false,
		"hipertension": true,
		"iam": false,
		"seguimiento": 1,
		"fecha": "2018-02-05"
	}
}, {
	"model": "profiling.habitsantecedents",
	"pk": 35,
	"fields": {
		"paciente": 35,
		"tabaquismo": false,
		"diabetes": false,
		"hipertension": false,
		"iam": false,
		"seguimiento": 1,
		"fecha": "2018-02-05"
	}
}, {
	"model": "profiling.habitsantecedents",
	"pk": 36,
	"fields": {
		"paciente": 36,
		"tabaquismo": false,
		"diabetes": false,
		"hipertension": false,
		"iam": false,
		"seguimiento": 1,
		"fecha": "2018-02-05"
	}
}, {
	"model": "profiling.habitsantecedents",
	"pk": 37,
	"fields": {
		"paciente": 37,
		"tabaquismo": false,
		"diabetes": false,
		"hipertension": false,
		"iam": false,
		"seguimiento": 1,
		"fecha": "2018-02-05"
	}
}, {
	"model": "profiling.habitsantecedents",
	"pk": 38,
	"fields": {
		"paciente": 38,
		"tabaquismo": false,
		"diabetes": true,
		"hipertension": false,
		"iam": false,
		"seguimiento": 1,
		"fecha": "2018-02-05"
	}
}, {
	"model": "profiling.habitsantecedents",
	"pk": 39,
	"fields": {
		"paciente": 39,
		"tabaquismo": false,
		"diabetes": false,
		"hipertension": false,
		"iam": true,
		"seguimiento": 1,
		"fecha": "2018-02-05"
	}
}, {
	"model": "profiling.habitsantecedents",
	"pk": 40,
	"fields": {
		"paciente": 40,
		"tabaquismo": false,
		"diabetes": false,
		"hipertension": false,
		"iam": true,
		"seguimiento": 1,
		"fecha": "2018-02-05"
	}
}, {
	"model": "profiling.habitsantecedents",
	"pk": 41,
	"fields": {
		"paciente": 41,
		"tabaquismo": false,
		"diabetes": false,
		"hipertension": false,
		"iam": false,
		"seguimiento": 1,
		"fecha": "2018-02-05"
	}
}, {
	"model": "profiling.habitsantecedents",
	"pk": 42,
	"fields": {
		"paciente": 42,
		"tabaquismo": false,
		"diabetes": false,
		"hipertension": false,
		"iam": false,
		"seguimiento": 1,
		"fecha": "2018-02-05"
	}
}, {
	"model": "profiling.habitsantecedents",
	"pk": 43,
	"fields": {
		"paciente": 43,
		"tabaquismo": false,
		"diabetes": false,
		"hipertension": false,
		"iam": false,
		"seguimiento": 1,
		"fecha": "2018-02-05"
	}
}, {
	"model": "profiling.habitsantecedents",
	"pk": 44,
	"fields": {
		"paciente": 44,
		"tabaquismo": false,
		"diabetes": false,
		"hipertension": true,
		"iam": true,
		"seguimiento": 1,
		"fecha": "2018-02-05"
	}
}, {
	"model": "profiling.habitsantecedents",
	"pk": 45,
	"fields": {
		"paciente": 45,
		"tabaquismo": false,
		"diabetes": false,
		"hipertension": false,
		"iam": false,
		"seguimiento": 1,
		"fecha": "2018-02-05"
	}
}, {
	"model": "profiling.habitsantecedents",
	"pk": 46,
	"fields": {
		"paciente": 46,
		"tabaquismo": false,
		"diabetes": false,
		"hipertension": false,
		"iam": false,
		"seguimiento": 1,
		"fecha": "2018-02-05"
	}
}, {
	"model": "profiling.habitsantecedents",
	"pk": 47,
	"fields": {
		"paciente": 47,
		"tabaquismo": false,
		"diabetes": false,
		"hipertension": false,
		"iam": false,
		"seguimiento": 1,
		"fecha": "2018-02-05"
	}
}, {
	"model": "profiling.habitsantecedents",
	"pk": 48,
	"fields": {
		"paciente": 48,
		"tabaquismo": false,
		"diabetes": false,
		"hipertension": false,
		"iam": false,
		"seguimiento": 1,
		"fecha": "2018-02-05"
	}
}, {
	"model": "profiling.habitsantecedents",
	"pk": 49,
	"fields": {
		"paciente": 49,
		"tabaquismo": false,
		"diabetes": true,
		"hipertension": true,
		"iam": true,
		"seguimiento": 1,
		"fecha": "2018-02-05"
	}
}, {
	"model": "profiling.habitsantecedents",
	"pk": 50,
	"fields": {
		"paciente": 50,
		"tabaquismo": false,
		"diabetes": false,
		"hipertension": false,
		"iam": true,
		"seguimiento": 1,
		"fecha": "2018-02-05"
	}
}, {
	"model": "profiling.habitsantecedents",
	"pk": 51,
	"fields": {
		"paciente": 51,
		"tabaquismo": false,
		"diabetes": false,
		"hipertension": false,
		"iam": true,
		"seguimiento": 1,
		"fecha": "2018-02-05"
	}
}, {
	"model": "profiling.habitsantecedents",
	"pk": 52,
	"fields": {
		"paciente": 52,
		"tabaquismo": false,
		"diabetes": false,
		"hipertension": false,
		"iam": false,
		"seguimiento": 1,
		"fecha": "2018-02-05"
	}
}, {
	"model": "profiling.habitsantecedents",
	"pk": 53,
	"fields": {
		"paciente": 53,
		"tabaquismo": false,
		"diabetes": false,
		"hipertension": true,
		"iam": true,
		"seguimiento": 1,
		"fecha": "2018-02-05"
	}
}, {
	"model": "profiling.habitsantecedents",
	"pk": 54,
	"fields": {
		"paciente": 54,
		"tabaquismo": false,
		"diabetes": false,
		"hipertension": false,
		"iam": false,
		"seguimiento": 1,
		"fecha": "2018-02-05"
	}
}, {
	"model": "profiling.habitsantecedents",
	"pk": 55,
	"fields": {
		"paciente": 55,
		"tabaquismo": false,
		"diabetes": false,
		"hipertension": true,
		"iam": true,
		"seguimiento": 1,
		"fecha": "2018-02-05"
	}
}, {
	"model": "profiling.habitsantecedents",
	"pk": 56,
	"fields": {
		"paciente": 56,
		"tabaquismo": false,
		"diabetes": false,
		"hipertension": false,
		"iam": false,
		"seguimiento": 1,
		"fecha": "2018-02-05"
	}
}, {
	"model": "profiling.habitsantecedents",
	"pk": 57,
	"fields": {
		"paciente": 57,
		"tabaquismo": false,
		"diabetes": false,
		"hipertension": false,
		"iam": true,
		"seguimiento": 1,
		"fecha": "2018-02-05"
	}
}, {
	"model": "profiling.habitsantecedents",
	"pk": 58,
	"fields": {
		"paciente": 58,
		"tabaquismo": false,
		"diabetes": false,
		"hipertension": false,
		"iam": false,
		"seguimiento": 1,
		"fecha": "2018-02-05"
	}
}, {
	"model": "profiling.habitsantecedents",
	"pk": 59,
	"fields": {
		"paciente": 59,
		"tabaquismo": false,
		"diabetes": false,
		"hipertension": false,
		"iam": false,
		"seguimiento": 1,
		"fecha": "2018-02-05"
	}
}, {
	"model": "profiling.habitsantecedents",
	"pk": 60,
	"fields": {
		"paciente": 60,
		"tabaquismo": false,
		"diabetes": false,
		"hipertension": false,
		"iam": false,
		"seguimiento": 1,
		"fecha": "2018-02-05"
	}
}, {
	"model": "profiling.habitsantecedents",
	"pk": 61,
	"fields": {
		"paciente": 61,
		"tabaquismo": true,
		"diabetes": false,
		"hipertension": false,
		"iam": true,
		"seguimiento": 1,
		"fecha": "2018-02-05"
	}
}, {
	"model": "medical.puntajecategoria",
	"pk": 1,
	"fields": {
		"nombre": "Interacci\u00f3n Social",
		"minmala": 2,
		"maxmala": 5,
		"minbuena": 6,
		"maxbuena": 8
	}
}, {
	"model": "medical.puntajecategoria",
	"pk": 2,
	"fields": {
		"nombre": "Bienestar Personal",
		"minmala": 12,
		"maxmala": 35,
		"minbuena": 36,
		"maxbuena": 48
	}
}, {
	"model": "medical.puntajecategoria",
	"pk": 3,
	"fields": {
		"nombre": "Actividad F\u00edsica y Reposo",
		"minmala": 5,
		"maxmala": 14,
		"minbuena": 15,
		"maxbuena": 20
	}
}, {
	"model": "medical.puntajecategoria",
	"pk": 4,
	"fields": {
		"nombre": "Consumo de Alimentos",
		"minmala": 1,
		"maxmala": 2,
		"minbuena": 3,
		"maxbuena": 4
	}
}, {
	"model": "medical.puntajecategoria",
	"pk": 5,
	"fields": {
		"nombre": "Prom. del Funcionamiento y Desarrollo Personal",
		"minmala": 4,
		"maxmala": 11,
		"minbuena": 12,
		"maxbuena": 16
	}
}, {
	"model": "medical.observaciones",
	"pk": 1,
	"fields": {
		"categoria": 4,
		"observacion": "Consume frutas y verduras"
	}
}, {
	"model": "medical.observaciones",
	"pk": 2,
	"fields": {
		"categoria": 3,
		"observacion": "Dedicar 150 minutos semanales a realizar actividades f\u00edsicas moderadas aer\u00f3bicas, o bien alg\u00fan tipo de actividad f\u00edsica vigorosa aer\u00f3bica durante 75 minutos, o una combinaci\u00f3n equivalente de actividades moderadas y vigorosas"
	}
}, {
	"model": "medical.observaciones",
	"pk": 3,
	"fields": {
		"categoria": 2,
		"observacion": "No centres tu vida en un solo aspecto, intenta pensar en muchos m\u00e1s. La pareja, la familia, los amigos, el trabajo, etc"
	}
}, {
	"model": "medical.observaciones",
	"pk": 4,
	"fields": {
		"categoria": 5,
		"observacion": "Establece tus metas"
	}
}, {
	"model": "medical.observaciones",
	"pk": 5,
	"fields": {
		"categoria": 1,
		"observacion": "Aprende a decir lo que piensas, s\u00f3lo de esa manera, te dar\u00e1s cuenta de que los dem\u00e1s tambi\u00e9n tienen derecho a dar su opini\u00f3n"
	}
}, {
	"model": "medical.opcionpregunta",
	"pk": 1,
	"fields": {
		"texto": "Nunca",
		"valor": 1
	}
}, {
	"model": "medical.opcionpregunta",
	"pk": 2,
	"fields": {
		"texto": "Casi Nunca",
		"valor": 2
	}
}, {
	"model": "medical.opcionpregunta",
	"pk": 3,
	"fields": {
		"texto": "Casi Siempre",
		"valor": 3
	}
}, {
	"model": "medical.opcionpregunta",
	"pk": 4,
	"fields": {
		"texto": "Siempre",
		"valor": 4
	}
}, {
	"model": "medical.pregunta",
	"pk": 1,
	"fields": {
		"slug": null,
		"texto": "A medida que cambian las circunstancias yo voy haciendo ajustes para mantener mi salud.",
		"categoria": 5,
		"opciones": [1, 2, 3, 4]
	}
}, {
	"model": "medical.pregunta",
	"pk": 2,
	"fields": {
		"slug": null,
		"texto": "Reviso si las formas que practico habitualmente para mantenerme con salud, son buenas.",
		"categoria": 2,
		"opciones": [1, 2, 3, 4]
	}
}, {
	"model": "medical.pregunta",
	"pk": 3,
	"fields": {
		"slug": null,
		"texto": "Si tengo problemas para moverme o desplazarme me las arreglo para conseguir ayuda.",
		"categoria": 3,
		"opciones": [1, 2, 3, 4]
	}
}, {
	"model": "medical.pregunta",
	"pk": 4,
	"fields": {
		"slug": null,
		"texto": "Yo puedo hacer lo necesario para mantener limpio el ambiente donde vivo.",
		"categoria": 2,
		"opciones": [1, 2, 3, 4]
	}
}, {
	"model": "medical.pregunta",
	"pk": 5,
	"fields": {
		"slug": null,
		"texto": "Hago en primer lugar lo que sea necesario para mantenerme con salud.",
		"categoria": 2,
		"opciones": [1, 2, 3, 4]
	}
}, {
	"model": "medical.pregunta",
	"pk": 6,
	"fields": {
		"slug": null,
		"texto": "Me faltan las fuerzas necesarias para cuidarme como debo.",
		"categoria": 3,
		"opciones": [1, 2, 3, 4]
	}
}, {
	"model": "medical.pregunta",
	"pk": 7,
	"fields": {
		"slug": null,
		"texto": "Yo puedo buscar mejores formas para cuidar mi salud que las que tengo ahora.",
		"categoria": 2,
		"opciones": [1, 2, 3, 4]
	}
}, {
	"model": "medical.pregunta",
	"pk": 8,
	"fields": {
		"slug": null,
		"texto": "Cambio la frecuencia con que me ba\u00f1o para mantenerme limpio.",
		"categoria": 2,
		"opciones": [1, 2, 3, 4]
	}
}, {
	"model": "medical.pregunta",
	"pk": 9,
	"fields": {
		"slug": null,
		"texto": "Para mantener el peso que me corresponde hago cambios en mis h\u00e1bitos alimenticios.",
		"categoria": 4,
		"opciones": [1, 2, 3, 4]
	}
}, {
	"model": "medical.pregunta",
	"pk": 10,
	"fields": {
		"slug": null,
		"texto": "Cuando hay situaciones que me afectan yo las manejo de manera que pueda mantener mi forma de ser.",
		"categoria": 5,
		"opciones": [1, 2, 3, 4]
	}
}, {
	"model": "medical.pregunta",
	"pk": 11,
	"fields": {
		"slug": null,
		"texto": "Pienso en hacer ejercicio y descansar un poco durante el d\u00eda pero no llego a hacerlo.",
		"categoria": 3,
		"opciones": [1, 2, 3, 4]
	}
}, {
	"model": "medical.pregunta",
	"pk": 12,
	"fields": {
		"slug": null,
		"texto": "Cuando necesito ayuda puedo recurrir a mis amigos de siempre.",
		"categoria": 1,
		"opciones": [1, 2, 3, 4]
	}
}, {
	"model": "medical.pregunta",
	"pk": 13,
	"fields": {
		"slug": null,
		"texto": "Puedo dormir lo suficiente para sentirme descansado (a).",
		"categoria": 3,
		"opciones": [1, 2, 3, 4]
	}
}, {
	"model": "medical.pregunta",
	"pk": 14,
	"fields": {
		"slug": null,
		"texto": "Cuando obtengo informaci\u00f3n sobre mi salud pido explicaciones sobre lo que no entiendo.",
		"categoria": 2,
		"opciones": [1, 2, 3, 4]
	}
}, {
	"model": "medical.pregunta",
	"pk": 15,
	"fields": {
		"slug": null,
		"texto": "Yo examino mi cuerpo para ver si hay alg\u00fan cambio.",
		"categoria": 2,
		"opciones": [1, 2, 3, 4]
	}
}, {
	"model": "medical.pregunta",
	"pk": 16,
	"fields": {
		"slug": null,
		"texto": "He sido capaz de cambiar h\u00e1bitos que tenia muy arraigados con tal de mejorar mi salud.",
		"categoria": 2,
		"opciones": [1, 2, 3, 4]
	}
}, {
	"model": "medical.pregunta",
	"pk": 17,
	"fields": {
		"slug": null,
		"texto": "Cuando tengo que tomar una nueva medicina cuento con una persona que me brinde informaci\u00f3n sobre los efectos secundarios.",
		"categoria": 2,
		"opciones": [1, 2, 3, 4]
	}
}, {
	"model": "medical.pregunta",
	"pk": 18,
	"fields": {
		"slug": null,
		"texto": "Soy capaz de tomar medidas para garantizar que mi familia y yo no corramos peligro.",
		"categoria": 5,
		"opciones": [1, 2, 3, 4]
	}
}, {
	"model": "medical.pregunta",
	"pk": 19,
	"fields": {
		"slug": null,
		"texto": "Soy capaz de evaluar que tanto me sirve lo que hago para mantenerme con salud.",
		"categoria": 2,
		"opciones": [1, 2, 3, 4]
	}
}, {
	"model": "medical.pregunta",
	"pk": 20,
	"fields": {
		"slug": null,
		"texto": "Debido a mis ocupaciones diarias me resulta dif\u00edcil sacar tiempo para cuidarme.",
		"categoria": 3,
		"opciones": [1, 2, 3, 4]
	}
}, {
	"model": "medical.pregunta",
	"pk": 21,
	"fields": {
		"slug": null,
		"texto": "Si mi salud se ve afectada yo puedo conseguir la informaci\u00f3n necesaria sobre que hacer.",
		"categoria": 2,
		"opciones": [1, 2, 3, 4]
	}
}, {
	"model": "medical.pregunta",
	"pk": 22,
	"fields": {
		"slug": null,
		"texto": "Si yo no puedo cuidarme puedo buscar ayuda.",
		"categoria": 1,
		"opciones": [1, 2, 3, 4]
	}
}, {
	"model": "medical.pregunta",
	"pk": 23,
	"fields": {
		"slug": null,
		"texto": "Puedo sacar tiempo para mi.",
		"categoria": 2,
		"opciones": [1, 2, 3, 4]
	}
}, {
	"model": "medical.pregunta",
	"pk": 24,
	"fields": {
		"slug": null,
		"texto": "Si presento limitaciones para movilizarme soy capaz de cuidarme como a mi me gusta.",
		"categoria": 5,
		"opciones": [1, 2, 3, 4]
	}
}, {
	"model": "medical.pregunta",
	"pk": 25,
	"fields": {
		"slug": "hdl",
		"texto": "Colesterol HDL",
		"categoria": null,
		"opciones": []
	}
}, {
	"model": "medical.pregunta",
	"pk": 26,
	"fields": {
		"slug": "trigliceridos",
		"texto": "Triglic\u00e9ridos",
		"categoria": null,
		"opciones": []
	}
}, {
	"model": "medical.pregunta",
	"pk": 27,
	"fields": {
		"slug": "ldl",
		"texto": "Colesterol LDL",
		"categoria": null,
		"opciones": []
	}
}, {
	"model": "medical.pregunta",
	"pk": 28,
	"fields": {
		"slug": "pas",
		"texto": "Presi\u00f3n Arterial Sist\u00f3lica",
		"categoria": null,
		"opciones": []
	}
}, {
	"model": "medical.respuesta",
	"pk": 1,
	"fields": {
		"pregunta": 22,
		"valor": 4.0
	}
}, {
	"model": "medical.respuesta",
	"pk": 2,
	"fields": {
		"pregunta": 12,
		"valor": 4.0
	}
}, {
	"model": "medical.respuesta",
	"pk": 3,
	"fields": {
		"pregunta": 17,
		"valor": 4.0
	}
}, {
	"model": "medical.respuesta",
	"pk": 4,
	"fields": {
		"pregunta": 5,
		"valor": 4.0
	}
}, {
	"model": "medical.respuesta",
	"pk": 5,
	"fields": {
		"pregunta": 19,
		"valor": 4.0
	}
}, {
	"model": "medical.respuesta",
	"pk": 6,
	"fields": {
		"pregunta": 7,
		"valor": 4.0
	}
}, {
	"model": "medical.respuesta",
	"pk": 7,
	"fields": {
		"pregunta": 8,
		"valor": 3.0
	}
}, {
	"model": "medical.respuesta",
	"pk": 8,
	"fields": {
		"pregunta": 21,
		"valor": 4.0
	}
}, {
	"model": "medical.respuesta",
	"pk": 9,
	"fields": {
		"pregunta": 2,
		"valor": 4.0
	}
}, {
	"model": "medical.respuesta",
	"pk": 10,
	"fields": {
		"pregunta": 23,
		"valor": 3.0
	}
}, {
	"model": "medical.respuesta",
	"pk": 11,
	"fields": {
		"pregunta": 4,
		"valor": 4.0
	}
}, {
	"model": "medical.respuesta",
	"pk": 12,
	"fields": {
		"pregunta": 15,
		"valor": 3.0
	}
}, {
	"model": "medical.respuesta",
	"pk": 13,
	"fields": {
		"pregunta": 14,
		"valor": 3.0
	}
}, {
	"model": "medical.respuesta",
	"pk": 14,
	"fields": {
		"pregunta": 16,
		"valor": 3.0
	}
}, {
	"model": "medical.respuesta",
	"pk": 15,
	"fields": {
		"pregunta": 20,
		"valor": 3.0
	}
}, {
	"model": "medical.respuesta",
	"pk": 16,
	"fields": {
		"pregunta": 6,
		"valor": 4.0
	}
}, {
	"model": "medical.respuesta",
	"pk": 17,
	"fields": {
		"pregunta": 11,
		"valor": 3.0
	}
}, {
	"model": "medical.respuesta",
	"pk": 18,
	"fields": {
		"pregunta": 13,
		"valor": 4.0
	}
}, {
	"model": "medical.respuesta",
	"pk": 19,
	"fields": {
		"pregunta": 3,
		"valor": 4.0
	}
}, {
	"model": "medical.respuesta",
	"pk": 20,
	"fields": {
		"pregunta": 9,
		"valor": 4.0
	}
}, {
	"model": "medical.respuesta",
	"pk": 21,
	"fields": {
		"pregunta": 24,
		"valor": 3.0
	}
}, {
	"model": "medical.respuesta",
	"pk": 22,
	"fields": {
		"pregunta": 10,
		"valor": 4.0
	}
}, {
	"model": "medical.respuesta",
	"pk": 23,
	"fields": {
		"pregunta": 18,
		"valor": 4.0
	}
}, {
	"model": "medical.respuesta",
	"pk": 24,
	"fields": {
		"pregunta": 1,
		"valor": 4.0
	}
}, {
	"model": "medical.respuesta",
	"pk": 25,
	"fields": {
		"pregunta": 25,
		"valor": 50.6
	}
}, {
	"model": "medical.respuesta",
	"pk": 26,
	"fields": {
		"pregunta": 26,
		"valor": 127.0
	}
}, {
	"model": "medical.respuesta",
	"pk": 27,
	"fields": {
		"pregunta": 27,
		"valor": 174.3
	}
}, {
	"model": "medical.respuesta",
	"pk": 28,
	"fields": {
		"pregunta": 28,
		"valor": 110.0
	}
}, {
	"model": "medical.respuesta",
	"pk": 29,
	"fields": {
		"pregunta": 22,
		"valor": 3.0
	}
}, {
	"model": "medical.respuesta",
	"pk": 30,
	"fields": {
		"pregunta": 12,
		"valor": 1.0
	}
}, {
	"model": "medical.respuesta",
	"pk": 31,
	"fields": {
		"pregunta": 17,
		"valor": 4.0
	}
}, {
	"model": "medical.respuesta",
	"pk": 32,
	"fields": {
		"pregunta": 5,
		"valor": 4.0
	}
}, {
	"model": "medical.respuesta",
	"pk": 33,
	"fields": {
		"pregunta": 19,
		"valor": 4.0
	}
}, {
	"model": "medical.respuesta",
	"pk": 34,
	"fields": {
		"pregunta": 7,
		"valor": 1.0
	}
}, {
	"model": "medical.respuesta",
	"pk": 35,
	"fields": {
		"pregunta": 8,
		"valor": 4.0
	}
}, {
	"model": "medical.respuesta",
	"pk": 36,
	"fields": {
		"pregunta": 21,
		"valor": 4.0
	}
}, {
	"model": "medical.respuesta",
	"pk": 37,
	"fields": {
		"pregunta": 2,
		"valor": 4.0
	}
}, {
	"model": "medical.respuesta",
	"pk": 38,
	"fields": {
		"pregunta": 23,
		"valor": 4.0
	}
}, {
	"model": "medical.respuesta",
	"pk": 39,
	"fields": {
		"pregunta": 4,
		"valor": 4.0
	}
}, {
	"model": "medical.respuesta",
	"pk": 40,
	"fields": {
		"pregunta": 15,
		"valor": 4.0
	}
}, {
	"model": "medical.respuesta",
	"pk": 41,
	"fields": {
		"pregunta": 14,
		"valor": 4.0
	}
}, {
	"model": "medical.respuesta",
	"pk": 42,
	"fields": {
		"pregunta": 16,
		"valor": 4.0
	}
}, {
	"model": "medical.respuesta",
	"pk": 43,
	"fields": {
		"pregunta": 20,
		"valor": 4.0
	}
}, {
	"model": "medical.respuesta",
	"pk": 44,
	"fields": {
		"pregunta": 6,
		"valor": 4.0
	}
}, {
	"model": "medical.respuesta",
	"pk": 45,
	"fields": {
		"pregunta": 11,
		"valor": 4.0
	}
}, {
	"model": "medical.respuesta",
	"pk": 46,
	"fields": {
		"pregunta": 13,
		"valor": 4.0
	}
}, {
	"model": "medical.respuesta",
	"pk": 47,
	"fields": {
		"pregunta": 3,
		"valor": 4.0
	}
}, {
	"model": "medical.respuesta",
	"pk": 48,
	"fields": {
		"pregunta": 9,
		"valor": 4.0
	}
}, {
	"model": "medical.respuesta",
	"pk": 49,
	"fields": {
		"pregunta": 24,
		"valor": 4.0
	}
}, {
	"model": "medical.respuesta",
	"pk": 50,
	"fields": {
		"pregunta": 10,
		"valor": 4.0
	}
}, {
	"model": "medical.respuesta",
	"pk": 51,
	"fields": {
		"pregunta": 18,
		"valor": 3.0
	}
}, {
	"model": "medical.respuesta",
	"pk": 52,
	"fields": {
		"pregunta": 1,
		"valor": 4.0
	}
}, {
	"model": "medical.respuesta",
	"pk": 53,
	"fields": {
		"pregunta": 25,
		"valor": 84.2
	}
}, {
	"model": "medical.respuesta",
	"pk": 54,
	"fields": {
		"pregunta": 26,
		"valor": 108.0
	}
}, {
	"model": "medical.respuesta",
	"pk": 55,
	"fields": {
		"pregunta": 27,
		"valor": 143.2
	}
}, {
	"model": "medical.respuesta",
	"pk": 56,
	"fields": {
		"pregunta": 28,
		"valor": 90.0
	}
}, {
	"model": "medical.respuesta",
	"pk": 57,
	"fields": {
		"pregunta": 22,
		"valor": 3.0
	}
}, {
	"model": "medical.respuesta",
	"pk": 58,
	"fields": {
		"pregunta": 12,
		"valor": 3.0
	}
}, {
	"model": "medical.respuesta",
	"pk": 59,
	"fields": {
		"pregunta": 17,
		"valor": 3.0
	}
}, {
	"model": "medical.respuesta",
	"pk": 60,
	"fields": {
		"pregunta": 5,
		"valor": 2.0
	}
}, {
	"model": "medical.respuesta",
	"pk": 61,
	"fields": {
		"pregunta": 19,
		"valor": 3.0
	}
}, {
	"model": "medical.respuesta",
	"pk": 62,
	"fields": {
		"pregunta": 7,
		"valor": 3.0
	}
}, {
	"model": "medical.respuesta",
	"pk": 63,
	"fields": {
		"pregunta": 8,
		"valor": 4.0
	}
}, {
	"model": "medical.respuesta",
	"pk": 64,
	"fields": {
		"pregunta": 21,
		"valor": 3.0
	}
}, {
	"model": "medical.respuesta",
	"pk": 65,
	"fields": {
		"pregunta": 2,
		"valor": 2.0
	}
}, {
	"model": "medical.respuesta",
	"pk": 66,
	"fields": {
		"pregunta": 23,
		"valor": 2.0
	}
}, {
	"model": "medical.respuesta",
	"pk": 67,
	"fields": {
		"pregunta": 4,
		"valor": 3.0
	}
}, {
	"model": "medical.respuesta",
	"pk": 68,
	"fields": {
		"pregunta": 15,
		"valor": 3.0
	}
}, {
	"model": "medical.respuesta",
	"pk": 69,
	"fields": {
		"pregunta": 14,
		"valor": 3.0
	}
}, {
	"model": "medical.respuesta",
	"pk": 70,
	"fields": {
		"pregunta": 16,
		"valor": 3.0
	}
}, {
	"model": "medical.respuesta",
	"pk": 71,
	"fields": {
		"pregunta": 20,
		"valor": 1.0
	}
}, {
	"model": "medical.respuesta",
	"pk": 72,
	"fields": {
		"pregunta": 6,
		"valor": 4.0
	}
}, {
	"model": "medical.respuesta",
	"pk": 73,
	"fields": {
		"pregunta": 11,
		"valor": 3.0
	}
}, {
	"model": "medical.respuesta",
	"pk": 74,
	"fields": {
		"pregunta": 13,
		"valor": 4.0
	}
}, {
	"model": "medical.respuesta",
	"pk": 75,
	"fields": {
		"pregunta": 3,
		"valor": 4.0
	}
}, {
	"model": "medical.respuesta",
	"pk": 76,
	"fields": {
		"pregunta": 9,
		"valor": 3.0
	}
}, {
	"model": "medical.respuesta",
	"pk": 77,
	"fields": {
		"pregunta": 24,
		"valor": 1.0
	}
}, {
	"model": "medical.respuesta",
	"pk": 78,
	"fields": {
		"pregunta": 10,
		"valor": 3.0
	}
}, {
	"model": "medical.respuesta",
	"pk": 79,
	"fields": {
		"pregunta": 18,
		"valor": 3.0
	}
}, {
	"model": "medical.respuesta",
	"pk": 80,
	"fields": {
		"pregunta": 1,
		"valor": 3.0
	}
}, {
	"model": "medical.respuesta",
	"pk": 81,
	"fields": {
		"pregunta": 25,
		"valor": 40.7
	}
}, {
	"model": "medical.respuesta",
	"pk": 82,
	"fields": {
		"pregunta": 26,
		"valor": 133.1
	}
}, {
	"model": "medical.respuesta",
	"pk": 83,
	"fields": {
		"pregunta": 27,
		"valor": 101.0
	}
}, {
	"model": "medical.respuesta",
	"pk": 84,
	"fields": {
		"pregunta": 28,
		"valor": 110.0
	}
}, {
	"model": "medical.respuesta",
	"pk": 85,
	"fields": {
		"pregunta": 22,
		"valor": 4.0
	}
}, {
	"model": "medical.respuesta",
	"pk": 86,
	"fields": {
		"pregunta": 12,
		"valor": 2.0
	}
}, {
	"model": "medical.respuesta",
	"pk": 87,
	"fields": {
		"pregunta": 17,
		"valor": 3.0
	}
}, {
	"model": "medical.respuesta",
	"pk": 88,
	"fields": {
		"pregunta": 5,
		"valor": 4.0
	}
}, {
	"model": "medical.respuesta",
	"pk": 89,
	"fields": {
		"pregunta": 19,
		"valor": 3.0
	}
}, {
	"model": "medical.respuesta",
	"pk": 90,
	"fields": {
		"pregunta": 7,
		"valor": 3.0
	}
}, {
	"model": "medical.respuesta",
	"pk": 91,
	"fields": {
		"pregunta": 8,
		"valor": 3.0
	}
}, {
	"model": "medical.respuesta",
	"pk": 92,
	"fields": {
		"pregunta": 21,
		"valor": 4.0
	}
}, {
	"model": "medical.respuesta",
	"pk": 93,
	"fields": {
		"pregunta": 2,
		"valor": 3.0
	}
}, {
	"model": "medical.respuesta",
	"pk": 94,
	"fields": {
		"pregunta": 23,
		"valor": 3.0
	}
}, {
	"model": "medical.respuesta",
	"pk": 95,
	"fields": {
		"pregunta": 4,
		"valor": 4.0
	}
}, {
	"model": "medical.respuesta",
	"pk": 96,
	"fields": {
		"pregunta": 15,
		"valor": 3.0
	}
}, {
	"model": "medical.respuesta",
	"pk": 97,
	"fields": {
		"pregunta": 14,
		"valor": 4.0
	}
}, {
	"model": "medical.respuesta",
	"pk": 98,
	"fields": {
		"pregunta": 16,
		"valor": 4.0
	}
}, {
	"model": "medical.respuesta",
	"pk": 99,
	"fields": {
		"pregunta": 20,
		"valor": 3.0
	}
}, {
	"model": "medical.respuesta",
	"pk": 100,
	"fields": {
		"pregunta": 6,
		"valor": 1.0
	}
}, {
	"model": "medical.respuesta",
	"pk": 101,
	"fields": {
		"pregunta": 11,
		"valor": 3.0
	}
}, {
	"model": "medical.respuesta",
	"pk": 102,
	"fields": {
		"pregunta": 13,
		"valor": 4.0
	}
}, {
	"model": "medical.respuesta",
	"pk": 103,
	"fields": {
		"pregunta": 3,
		"valor": 3.0
	}
}, {
	"model": "medical.respuesta",
	"pk": 104,
	"fields": {
		"pregunta": 9,
		"valor": 3.0
	}
}, {
	"model": "medical.respuesta",
	"pk": 105,
	"fields": {
		"pregunta": 24,
		"valor": 3.0
	}
}, {
	"model": "medical.respuesta",
	"pk": 106,
	"fields": {
		"pregunta": 10,
		"valor": 3.0
	}
}, {
	"model": "medical.respuesta",
	"pk": 107,
	"fields": {
		"pregunta": 18,
		"valor": 3.0
	}
}, {
	"model": "medical.respuesta",
	"pk": 108,
	"fields": {
		"pregunta": 1,
		"valor": 4.0
	}
}, {
	"model": "medical.respuesta",
	"pk": 109,
	"fields": {
		"pregunta": 25,
		"valor": 39.6
	}
}, {
	"model": "medical.respuesta",
	"pk": 110,
	"fields": {
		"pregunta": 26,
		"valor": 182.0
	}
}, {
	"model": "medical.respuesta",
	"pk": 111,
	"fields": {
		"pregunta": 27,
		"valor": 75.1
	}
}, {
	"model": "medical.respuesta",
	"pk": 112,
	"fields": {
		"pregunta": 28,
		"valor": 100.0
	}
}, {
	"model": "medical.respuesta",
	"pk": 113,
	"fields": {
		"pregunta": 22,
		"valor": 4.0
	}
}, {
	"model": "medical.respuesta",
	"pk": 114,
	"fields": {
		"pregunta": 12,
		"valor": 4.0
	}
}, {
	"model": "medical.respuesta",
	"pk": 115,
	"fields": {
		"pregunta": 17,
		"valor": 4.0
	}
}, {
	"model": "medical.respuesta",
	"pk": 116,
	"fields": {
		"pregunta": 5,
		"valor": 4.0
	}
}, {
	"model": "medical.respuesta",
	"pk": 117,
	"fields": {
		"pregunta": 19,
		"valor": 4.0
	}
}, {
	"model": "medical.respuesta",
	"pk": 118,
	"fields": {
		"pregunta": 7,
		"valor": 3.0
	}
}, {
	"model": "medical.respuesta",
	"pk": 119,
	"fields": {
		"pregunta": 8,
		"valor": 4.0
	}
}, {
	"model": "medical.respuesta",
	"pk": 120,
	"fields": {
		"pregunta": 21,
		"valor": 4.0
	}
}, {
	"model": "medical.respuesta",
	"pk": 121,
	"fields": {
		"pregunta": 2,
		"valor": 2.0
	}
}, {
	"model": "medical.respuesta",
	"pk": 122,
	"fields": {
		"pregunta": 23,
		"valor": 3.0
	}
}, {
	"model": "medical.respuesta",
	"pk": 123,
	"fields": {
		"pregunta": 4,
		"valor": 3.0
	}
}, {
	"model": "medical.respuesta",
	"pk": 124,
	"fields": {
		"pregunta": 15,
		"valor": 4.0
	}
}, {
	"model": "medical.respuesta",
	"pk": 125,
	"fields": {
		"pregunta": 14,
		"valor": 4.0
	}
}, {
	"model": "medical.respuesta",
	"pk": 126,
	"fields": {
		"pregunta": 16,
		"valor": 3.0
	}
}, {
	"model": "medical.respuesta",
	"pk": 127,
	"fields": {
		"pregunta": 20,
		"valor": 3.0
	}
}, {
	"model": "medical.respuesta",
	"pk": 128,
	"fields": {
		"pregunta": 6,
		"valor": 4.0
	}
}, {
	"model": "medical.respuesta",
	"pk": 129,
	"fields": {
		"pregunta": 11,
		"valor": 2.0
	}
}, {
	"model": "medical.respuesta",
	"pk": 130,
	"fields": {
		"pregunta": 13,
		"valor": 3.0
	}
}, {
	"model": "medical.respuesta",
	"pk": 131,
	"fields": {
		"pregunta": 3,
		"valor": 4.0
	}
}, {
	"model": "medical.respuesta",
	"pk": 132,
	"fields": {
		"pregunta": 9,
		"valor": 4.0
	}
}, {
	"model": "medical.respuesta",
	"pk": 133,
	"fields": {
		"pregunta": 24,
		"valor": 3.0
	}
}, {
	"model": "medical.respuesta",
	"pk": 134,
	"fields": {
		"pregunta": 10,
		"valor": 4.0
	}
}, {
	"model": "medical.respuesta",
	"pk": 135,
	"fields": {
		"pregunta": 18,
		"valor": 4.0
	}
}, {
	"model": "medical.respuesta",
	"pk": 136,
	"fields": {
		"pregunta": 1,
		"valor": 3.0
	}
}, {
	"model": "medical.respuesta",
	"pk": 137,
	"fields": {
		"pregunta": 22,
		"valor": 3.0
	}
}, {
	"model": "medical.respuesta",
	"pk": 138,
	"fields": {
		"pregunta": 12,
		"valor": 3.0
	}
}, {
	"model": "medical.respuesta",
	"pk": 139,
	"fields": {
		"pregunta": 17,
		"valor": 4.0
	}
}, {
	"model": "medical.respuesta",
	"pk": 140,
	"fields": {
		"pregunta": 5,
		"valor": 3.0
	}
}, {
	"model": "medical.respuesta",
	"pk": 141,
	"fields": {
		"pregunta": 19,
		"valor": 4.0
	}
}, {
	"model": "medical.respuesta",
	"pk": 142,
	"fields": {
		"pregunta": 7,
		"valor": 3.0
	}
}, {
	"model": "medical.respuesta",
	"pk": 143,
	"fields": {
		"pregunta": 8,
		"valor": 4.0
	}
}, {
	"model": "medical.respuesta",
	"pk": 144,
	"fields": {
		"pregunta": 21,
		"valor": 4.0
	}
}, {
	"model": "medical.respuesta",
	"pk": 145,
	"fields": {
		"pregunta": 2,
		"valor": 3.0
	}
}, {
	"model": "medical.respuesta",
	"pk": 146,
	"fields": {
		"pregunta": 23,
		"valor": 3.0
	}
}, {
	"model": "medical.respuesta",
	"pk": 147,
	"fields": {
		"pregunta": 4,
		"valor": 4.0
	}
}, {
	"model": "medical.respuesta",
	"pk": 148,
	"fields": {
		"pregunta": 15,
		"valor": 4.0
	}
}, {
	"model": "medical.respuesta",
	"pk": 149,
	"fields": {
		"pregunta": 14,
		"valor": 4.0
	}
}, {
	"model": "medical.respuesta",
	"pk": 150,
	"fields": {
		"pregunta": 16,
		"valor": 3.0
	}
}, {
	"model": "medical.respuesta",
	"pk": 151,
	"fields": {
		"pregunta": 20,
		"valor": 2.0
	}
}, {
	"model": "medical.respuesta",
	"pk": 152,
	"fields": {
		"pregunta": 6,
		"valor": 3.0
	}
}, {
	"model": "medical.respuesta",
	"pk": 153,
	"fields": {
		"pregunta": 11,
		"valor": 2.0
	}
}, {
	"model": "medical.respuesta",
	"pk": 154,
	"fields": {
		"pregunta": 13,
		"valor": 3.0
	}
}, {
	"model": "medical.respuesta",
	"pk": 155,
	"fields": {
		"pregunta": 3,
		"valor": 4.0
	}
}, {
	"model": "medical.respuesta",
	"pk": 156,
	"fields": {
		"pregunta": 9,
		"valor": 3.0
	}
}, {
	"model": "medical.respuesta",
	"pk": 157,
	"fields": {
		"pregunta": 24,
		"valor": 4.0
	}
}, {
	"model": "medical.respuesta",
	"pk": 158,
	"fields": {
		"pregunta": 10,
		"valor": 3.0
	}
}, {
	"model": "medical.respuesta",
	"pk": 159,
	"fields": {
		"pregunta": 18,
		"valor": 4.0
	}
}, {
	"model": "medical.respuesta",
	"pk": 160,
	"fields": {
		"pregunta": 1,
		"valor": 3.0
	}
}, {
	"model": "medical.respuesta",
	"pk": 161,
	"fields": {
		"pregunta": 25,
		"valor": 38.7
	}
}, {
	"model": "medical.respuesta",
	"pk": 162,
	"fields": {
		"pregunta": 26,
		"valor": 174.25
	}
}, {
	"model": "medical.respuesta",
	"pk": 163,
	"fields": {
		"pregunta": 27,
		"valor": 133.87
	}
}, {
	"model": "medical.respuesta",
	"pk": 164,
	"fields": {
		"pregunta": 28,
		"valor": 110.0
	}
}, {
	"model": "medical.respuesta",
	"pk": 165,
	"fields": {
		"pregunta": 22,
		"valor": 3.0
	}
}, {
	"model": "medical.respuesta",
	"pk": 166,
	"fields": {
		"pregunta": 12,
		"valor": 4.0
	}
}, {
	"model": "medical.respuesta",
	"pk": 167,
	"fields": {
		"pregunta": 17,
		"valor": 4.0
	}
}, {
	"model": "medical.respuesta",
	"pk": 168,
	"fields": {
		"pregunta": 5,
		"valor": 3.0
	}
}, {
	"model": "medical.respuesta",
	"pk": 169,
	"fields": {
		"pregunta": 19,
		"valor": 4.0
	}
}, {
	"model": "medical.respuesta",
	"pk": 170,
	"fields": {
		"pregunta": 7,
		"valor": 3.0
	}
}, {
	"model": "medical.respuesta",
	"pk": 171,
	"fields": {
		"pregunta": 8,
		"valor": 4.0
	}
}, {
	"model": "medical.respuesta",
	"pk": 172,
	"fields": {
		"pregunta": 21,
		"valor": 3.0
	}
}, {
	"model": "medical.respuesta",
	"pk": 173,
	"fields": {
		"pregunta": 2,
		"valor": 2.0
	}
}, {
	"model": "medical.respuesta",
	"pk": 174,
	"fields": {
		"pregunta": 23,
		"valor": 3.0
	}
}, {
	"model": "medical.respuesta",
	"pk": 175,
	"fields": {
		"pregunta": 4,
		"valor": 4.0
	}
}, {
	"model": "medical.respuesta",
	"pk": 176,
	"fields": {
		"pregunta": 15,
		"valor": 4.0
	}
}, {
	"model": "medical.respuesta",
	"pk": 177,
	"fields": {
		"pregunta": 14,
		"valor": 3.0
	}
}, {
	"model": "medical.respuesta",
	"pk": 178,
	"fields": {
		"pregunta": 16,
		"valor": 4.0
	}
}, {
	"model": "medical.respuesta",
	"pk": 179,
	"fields": {
		"pregunta": 20,
		"valor": 2.0
	}
}, {
	"model": "medical.respuesta",
	"pk": 180,
	"fields": {
		"pregunta": 6,
		"valor": 2.0
	}
}, {
	"model": "medical.respuesta",
	"pk": 181,
	"fields": {
		"pregunta": 11,
		"valor": 3.0
	}
}, {
	"model": "medical.respuesta",
	"pk": 182,
	"fields": {
		"pregunta": 13,
		"valor": 4.0
	}
}, {
	"model": "medical.respuesta",
	"pk": 183,
	"fields": {
		"pregunta": 3,
		"valor": 4.0
	}
}, {
	"model": "medical.respuesta",
	"pk": 184,
	"fields": {
		"pregunta": 9,
		"valor": 4.0
	}
}, {
	"model": "medical.respuesta",
	"pk": 185,
	"fields": {
		"pregunta": 24,
		"valor": 3.0
	}
}, {
	"model": "medical.respuesta",
	"pk": 186,
	"fields": {
		"pregunta": 10,
		"valor": 3.0
	}
}, {
	"model": "medical.respuesta",
	"pk": 187,
	"fields": {
		"pregunta": 18,
		"valor": 3.0
	}
}, {
	"model": "medical.respuesta",
	"pk": 188,
	"fields": {
		"pregunta": 1,
		"valor": 3.0
	}
}, {
	"model": "medical.respuesta",
	"pk": 189,
	"fields": {
		"pregunta": 22,
		"valor": 3.0
	}
}, {
	"model": "medical.respuesta",
	"pk": 190,
	"fields": {
		"pregunta": 12,
		"valor": 3.0
	}
}, {
	"model": "medical.respuesta",
	"pk": 191,
	"fields": {
		"pregunta": 17,
		"valor": 4.0
	}
}, {
	"model": "medical.respuesta",
	"pk": 192,
	"fields": {
		"pregunta": 5,
		"valor": 4.0
	}
}, {
	"model": "medical.respuesta",
	"pk": 193,
	"fields": {
		"pregunta": 19,
		"valor": 3.0
	}
}, {
	"model": "medical.respuesta",
	"pk": 194,
	"fields": {
		"pregunta": 7,
		"valor": 4.0
	}
}, {
	"model": "medical.respuesta",
	"pk": 195,
	"fields": {
		"pregunta": 8,
		"valor": 4.0
	}
}, {
	"model": "medical.respuesta",
	"pk": 196,
	"fields": {
		"pregunta": 21,
		"valor": 4.0
	}
}, {
	"model": "medical.respuesta",
	"pk": 197,
	"fields": {
		"pregunta": 2,
		"valor": 3.0
	}
}, {
	"model": "medical.respuesta",
	"pk": 198,
	"fields": {
		"pregunta": 23,
		"valor": 2.0
	}
}, {
	"model": "medical.respuesta",
	"pk": 199,
	"fields": {
		"pregunta": 4,
		"valor": 4.0
	}
}, {
	"model": "medical.respuesta",
	"pk": 200,
	"fields": {
		"pregunta": 15,
		"valor": 3.0
	}
}, {
	"model": "medical.respuesta",
	"pk": 201,
	"fields": {
		"pregunta": 14,
		"valor": 4.0
	}
}, {
	"model": "medical.respuesta",
	"pk": 202,
	"fields": {
		"pregunta": 16,
		"valor": 3.0
	}
}, {
	"model": "medical.respuesta",
	"pk": 203,
	"fields": {
		"pregunta": 20,
		"valor": 2.0
	}
}, {
	"model": "medical.respuesta",
	"pk": 204,
	"fields": {
		"pregunta": 6,
		"valor": 4.0
	}
}, {
	"model": "medical.respuesta",
	"pk": 205,
	"fields": {
		"pregunta": 11,
		"valor": 2.0
	}
}, {
	"model": "medical.respuesta",
	"pk": 206,
	"fields": {
		"pregunta": 13,
		"valor": 3.0
	}
}, {
	"model": "medical.respuesta",
	"pk": 207,
	"fields": {
		"pregunta": 3,
		"valor": 3.0
	}
}, {
	"model": "medical.respuesta",
	"pk": 208,
	"fields": {
		"pregunta": 9,
		"valor": 2.0
	}
}, {
	"model": "medical.respuesta",
	"pk": 209,
	"fields": {
		"pregunta": 24,
		"valor": 3.0
	}
}, {
	"model": "medical.respuesta",
	"pk": 210,
	"fields": {
		"pregunta": 10,
		"valor": 4.0
	}
}, {
	"model": "medical.respuesta",
	"pk": 211,
	"fields": {
		"pregunta": 18,
		"valor": 4.0
	}
}, {
	"model": "medical.respuesta",
	"pk": 212,
	"fields": {
		"pregunta": 1,
		"valor": 3.0
	}
}, {
	"model": "medical.respuesta",
	"pk": 213,
	"fields": {
		"pregunta": 25,
		"valor": 30.9
	}
}, {
	"model": "medical.respuesta",
	"pk": 214,
	"fields": {
		"pregunta": 26,
		"valor": 322.0
	}
}, {
	"model": "medical.respuesta",
	"pk": 215,
	"fields": {
		"pregunta": 27,
		"valor": 66.7
	}
}, {
	"model": "medical.respuesta",
	"pk": 216,
	"fields": {
		"pregunta": 28,
		"valor": 120.0
	}
}, {
	"model": "medical.respuesta",
	"pk": 217,
	"fields": {
		"pregunta": 22,
		"valor": 2.0
	}
}, {
	"model": "medical.respuesta",
	"pk": 218,
	"fields": {
		"pregunta": 12,
		"valor": 4.0
	}
}, {
	"model": "medical.respuesta",
	"pk": 219,
	"fields": {
		"pregunta": 17,
		"valor": 4.0
	}
}, {
	"model": "medical.respuesta",
	"pk": 220,
	"fields": {
		"pregunta": 5,
		"valor": 4.0
	}
}, {
	"model": "medical.respuesta",
	"pk": 221,
	"fields": {
		"pregunta": 19,
		"valor": 4.0
	}
}, {
	"model": "medical.respuesta",
	"pk": 222,
	"fields": {
		"pregunta": 7,
		"valor": 4.0
	}
}, {
	"model": "medical.respuesta",
	"pk": 223,
	"fields": {
		"pregunta": 8,
		"valor": 1.0
	}
}, {
	"model": "medical.respuesta",
	"pk": 224,
	"fields": {
		"pregunta": 21,
		"valor": 4.0
	}
}, {
	"model": "medical.respuesta",
	"pk": 225,
	"fields": {
		"pregunta": 2,
		"valor": 4.0
	}
}, {
	"model": "medical.respuesta",
	"pk": 226,
	"fields": {
		"pregunta": 23,
		"valor": 4.0
	}
}, {
	"model": "medical.respuesta",
	"pk": 227,
	"fields": {
		"pregunta": 4,
		"valor": 4.0
	}
}, {
	"model": "medical.respuesta",
	"pk": 228,
	"fields": {
		"pregunta": 15,
		"valor": 4.0
	}
}, {
	"model": "medical.respuesta",
	"pk": 229,
	"fields": {
		"pregunta": 14,
		"valor": 4.0
	}
}, {
	"model": "medical.respuesta",
	"pk": 230,
	"fields": {
		"pregunta": 16,
		"valor": 3.0
	}
}, {
	"model": "medical.respuesta",
	"pk": 231,
	"fields": {
		"pregunta": 20,
		"valor": 4.0
	}
}, {
	"model": "medical.respuesta",
	"pk": 232,
	"fields": {
		"pregunta": 6,
		"valor": 4.0
	}
}, {
	"model": "medical.respuesta",
	"pk": 233,
	"fields": {
		"pregunta": 11,
		"valor": 3.0
	}
}, {
	"model": "medical.respuesta",
	"pk": 234,
	"fields": {
		"pregunta": 13,
		"valor": 4.0
	}
}, {
	"model": "medical.respuesta",
	"pk": 235,
	"fields": {
		"pregunta": 3,
		"valor": 4.0
	}
}, {
	"model": "medical.respuesta",
	"pk": 236,
	"fields": {
		"pregunta": 9,
		"valor": 1.0
	}
}, {
	"model": "medical.respuesta",
	"pk": 237,
	"fields": {
		"pregunta": 24,
		"valor": 4.0
	}
}, {
	"model": "medical.respuesta",
	"pk": 238,
	"fields": {
		"pregunta": 10,
		"valor": 4.0
	}
}, {
	"model": "medical.respuesta",
	"pk": 239,
	"fields": {
		"pregunta": 18,
		"valor": 4.0
	}
}, {
	"model": "medical.respuesta",
	"pk": 240,
	"fields": {
		"pregunta": 1,
		"valor": 4.0
	}
}, {
	"model": "medical.respuesta",
	"pk": 241,
	"fields": {
		"pregunta": 25,
		"valor": 59.4
	}
}, {
	"model": "medical.respuesta",
	"pk": 242,
	"fields": {
		"pregunta": 26,
		"valor": 128.0
	}
}, {
	"model": "medical.respuesta",
	"pk": 243,
	"fields": {
		"pregunta": 27,
		"valor": 134.0
	}
}, {
	"model": "medical.respuesta",
	"pk": 244,
	"fields": {
		"pregunta": 28,
		"valor": 118.0
	}
}, {
	"model": "medical.respuesta",
	"pk": 245,
	"fields": {
		"pregunta": 22,
		"valor": 4.0
	}
}, {
	"model": "medical.respuesta",
	"pk": 246,
	"fields": {
		"pregunta": 12,
		"valor": 4.0
	}
}, {
	"model": "medical.respuesta",
	"pk": 247,
	"fields": {
		"pregunta": 17,
		"valor": 2.0
	}
}, {
	"model": "medical.respuesta",
	"pk": 248,
	"fields": {
		"pregunta": 5,
		"valor": 4.0
	}
}, {
	"model": "medical.respuesta",
	"pk": 249,
	"fields": {
		"pregunta": 19,
		"valor": 3.0
	}
}, {
	"model": "medical.respuesta",
	"pk": 250,
	"fields": {
		"pregunta": 7,
		"valor": 3.0
	}
}, {
	"model": "medical.respuesta",
	"pk": 251,
	"fields": {
		"pregunta": 8,
		"valor": 4.0
	}
}, {
	"model": "medical.respuesta",
	"pk": 252,
	"fields": {
		"pregunta": 21,
		"valor": 3.0
	}
}, {
	"model": "medical.respuesta",
	"pk": 253,
	"fields": {
		"pregunta": 2,
		"valor": 3.0
	}
}, {
	"model": "medical.respuesta",
	"pk": 254,
	"fields": {
		"pregunta": 23,
		"valor": 4.0
	}
}, {
	"model": "medical.respuesta",
	"pk": 255,
	"fields": {
		"pregunta": 4,
		"valor": 4.0
	}
}, {
	"model": "medical.respuesta",
	"pk": 256,
	"fields": {
		"pregunta": 15,
		"valor": 3.0
	}
}, {
	"model": "medical.respuesta",
	"pk": 257,
	"fields": {
		"pregunta": 14,
		"valor": 4.0
	}
}, {
	"model": "medical.respuesta",
	"pk": 258,
	"fields": {
		"pregunta": 16,
		"valor": 3.0
	}
}, {
	"model": "medical.respuesta",
	"pk": 259,
	"fields": {
		"pregunta": 20,
		"valor": 3.0
	}
}, {
	"model": "medical.respuesta",
	"pk": 260,
	"fields": {
		"pregunta": 6,
		"valor": 4.0
	}
}, {
	"model": "medical.respuesta",
	"pk": 261,
	"fields": {
		"pregunta": 11,
		"valor": 3.0
	}
}, {
	"model": "medical.respuesta",
	"pk": 262,
	"fields": {
		"pregunta": 13,
		"valor": 4.0
	}
}, {
	"model": "medical.respuesta",
	"pk": 263,
	"fields": {
		"pregunta": 3,
		"valor": 1.0
	}
}, {
	"model": "medical.respuesta",
	"pk": 264,
	"fields": {
		"pregunta": 9,
		"valor": 4.0
	}
}, {
	"model": "medical.respuesta",
	"pk": 265,
	"fields": {
		"pregunta": 24,
		"valor": 4.0
	}
}, {
	"model": "medical.respuesta",
	"pk": 266,
	"fields": {
		"pregunta": 10,
		"valor": 4.0
	}
}, {
	"model": "medical.respuesta",
	"pk": 267,
	"fields": {
		"pregunta": 18,
		"valor": 4.0
	}
}, {
	"model": "medical.respuesta",
	"pk": 268,
	"fields": {
		"pregunta": 1,
		"valor": 4.0
	}
}, {
	"model": "medical.respuesta",
	"pk": 269,
	"fields": {
		"pregunta": 25,
		"valor": 38.9
	}
}, {
	"model": "medical.respuesta",
	"pk": 270,
	"fields": {
		"pregunta": 26,
		"valor": 198.0
	}
}, {
	"model": "medical.respuesta",
	"pk": 271,
	"fields": {
		"pregunta": 27,
		"valor": 146.5
	}
}, {
	"model": "medical.respuesta",
	"pk": 272,
	"fields": {
		"pregunta": 28,
		"valor": 110.0
	}
}, {
	"model": "medical.respuesta",
	"pk": 273,
	"fields": {
		"pregunta": 22,
		"valor": 4.0
	}
}, {
	"model": "medical.respuesta",
	"pk": 274,
	"fields": {
		"pregunta": 12,
		"valor": 3.0
	}
}, {
	"model": "medical.respuesta",
	"pk": 275,
	"fields": {
		"pregunta": 17,
		"valor": 4.0
	}
}, {
	"model": "medical.respuesta",
	"pk": 276,
	"fields": {
		"pregunta": 5,
		"valor": 4.0
	}
}, {
	"model": "medical.respuesta",
	"pk": 277,
	"fields": {
		"pregunta": 19,
		"valor": 4.0
	}
}, {
	"model": "medical.respuesta",
	"pk": 278,
	"fields": {
		"pregunta": 7,
		"valor": 4.0
	}
}, {
	"model": "medical.respuesta",
	"pk": 279,
	"fields": {
		"pregunta": 8,
		"valor": 2.0
	}
}, {
	"model": "medical.respuesta",
	"pk": 280,
	"fields": {
		"pregunta": 21,
		"valor": 4.0
	}
}, {
	"model": "medical.respuesta",
	"pk": 281,
	"fields": {
		"pregunta": 2,
		"valor": 2.0
	}
}, {
	"model": "medical.respuesta",
	"pk": 282,
	"fields": {
		"pregunta": 23,
		"valor": 4.0
	}
}, {
	"model": "medical.respuesta",
	"pk": 283,
	"fields": {
		"pregunta": 4,
		"valor": 4.0
	}
}, {
	"model": "medical.respuesta",
	"pk": 284,
	"fields": {
		"pregunta": 15,
		"valor": 4.0
	}
}, {
	"model": "medical.respuesta",
	"pk": 285,
	"fields": {
		"pregunta": 14,
		"valor": 4.0
	}
}, {
	"model": "medical.respuesta",
	"pk": 286,
	"fields": {
		"pregunta": 16,
		"valor": 4.0
	}
}, {
	"model": "medical.respuesta",
	"pk": 287,
	"fields": {
		"pregunta": 20,
		"valor": 4.0
	}
}, {
	"model": "medical.respuesta",
	"pk": 288,
	"fields": {
		"pregunta": 6,
		"valor": 4.0
	}
}, {
	"model": "medical.respuesta",
	"pk": 289,
	"fields": {
		"pregunta": 11,
		"valor": 4.0
	}
}, {
	"model": "medical.respuesta",
	"pk": 290,
	"fields": {
		"pregunta": 13,
		"valor": 4.0
	}
}, {
	"model": "medical.respuesta",
	"pk": 291,
	"fields": {
		"pregunta": 3,
		"valor": 3.0
	}
}, {
	"model": "medical.respuesta",
	"pk": 292,
	"fields": {
		"pregunta": 9,
		"valor": 4.0
	}
}, {
	"model": "medical.respuesta",
	"pk": 293,
	"fields": {
		"pregunta": 24,
		"valor": 4.0
	}
}, {
	"model": "medical.respuesta",
	"pk": 294,
	"fields": {
		"pregunta": 10,
		"valor": 3.0
	}
}, {
	"model": "medical.respuesta",
	"pk": 295,
	"fields": {
		"pregunta": 18,
		"valor": 4.0
	}
}, {
	"model": "medical.respuesta",
	"pk": 296,
	"fields": {
		"pregunta": 1,
		"valor": 3.0
	}
}, {
	"model": "medical.respuesta",
	"pk": 297,
	"fields": {
		"pregunta": 25,
		"valor": 51.0
	}
}, {
	"model": "medical.respuesta",
	"pk": 298,
	"fields": {
		"pregunta": 26,
		"valor": 88.0
	}
}, {
	"model": "medical.respuesta",
	"pk": 299,
	"fields": {
		"pregunta": 27,
		"valor": 109.4
	}
}, {
	"model": "medical.respuesta",
	"pk": 300,
	"fields": {
		"pregunta": 28,
		"valor": 110.0
	}
}, {
	"model": "medical.respuesta",
	"pk": 301,
	"fields": {
		"pregunta": 22,
		"valor": 4.0
	}
}, {
	"model": "medical.respuesta",
	"pk": 302,
	"fields": {
		"pregunta": 12,
		"valor": 3.0
	}
}, {
	"model": "medical.respuesta",
	"pk": 303,
	"fields": {
		"pregunta": 17,
		"valor": 3.0
	}
}, {
	"model": "medical.respuesta",
	"pk": 304,
	"fields": {
		"pregunta": 5,
		"valor": 3.0
	}
}, {
	"model": "medical.respuesta",
	"pk": 305,
	"fields": {
		"pregunta": 19,
		"valor": 4.0
	}
}, {
	"model": "medical.respuesta",
	"pk": 306,
	"fields": {
		"pregunta": 7,
		"valor": 2.0
	}
}, {
	"model": "medical.respuesta",
	"pk": 307,
	"fields": {
		"pregunta": 8,
		"valor": 3.0
	}
}, {
	"model": "medical.respuesta",
	"pk": 308,
	"fields": {
		"pregunta": 21,
		"valor": 4.0
	}
}, {
	"model": "medical.respuesta",
	"pk": 309,
	"fields": {
		"pregunta": 2,
		"valor": 3.0
	}
}, {
	"model": "medical.respuesta",
	"pk": 310,
	"fields": {
		"pregunta": 23,
		"valor": 3.0
	}
}, {
	"model": "medical.respuesta",
	"pk": 311,
	"fields": {
		"pregunta": 4,
		"valor": 4.0
	}
}, {
	"model": "medical.respuesta",
	"pk": 312,
	"fields": {
		"pregunta": 15,
		"valor": 3.0
	}
}, {
	"model": "medical.respuesta",
	"pk": 313,
	"fields": {
		"pregunta": 14,
		"valor": 3.0
	}
}, {
	"model": "medical.respuesta",
	"pk": 314,
	"fields": {
		"pregunta": 16,
		"valor": 3.0
	}
}, {
	"model": "medical.respuesta",
	"pk": 315,
	"fields": {
		"pregunta": 20,
		"valor": 2.0
	}
}, {
	"model": "medical.respuesta",
	"pk": 316,
	"fields": {
		"pregunta": 6,
		"valor": 3.0
	}
}, {
	"model": "medical.respuesta",
	"pk": 317,
	"fields": {
		"pregunta": 11,
		"valor": 3.0
	}
}, {
	"model": "medical.respuesta",
	"pk": 318,
	"fields": {
		"pregunta": 13,
		"valor": 3.0
	}
}, {
	"model": "medical.respuesta",
	"pk": 319,
	"fields": {
		"pregunta": 3,
		"valor": 2.0
	}
}, {
	"model": "medical.respuesta",
	"pk": 320,
	"fields": {
		"pregunta": 9,
		"valor": 2.0
	}
}, {
	"model": "medical.respuesta",
	"pk": 321,
	"fields": {
		"pregunta": 24,
		"valor": 3.0
	}
}, {
	"model": "medical.respuesta",
	"pk": 322,
	"fields": {
		"pregunta": 10,
		"valor": 3.0
	}
}, {
	"model": "medical.respuesta",
	"pk": 323,
	"fields": {
		"pregunta": 18,
		"valor": 3.0
	}
}, {
	"model": "medical.respuesta",
	"pk": 324,
	"fields": {
		"pregunta": 1,
		"valor": 2.0
	}
}, {
	"model": "medical.respuesta",
	"pk": 325,
	"fields": {
		"pregunta": 22,
		"valor": 4.0
	}
}, {
	"model": "medical.respuesta",
	"pk": 326,
	"fields": {
		"pregunta": 12,
		"valor": 4.0
	}
}, {
	"model": "medical.respuesta",
	"pk": 327,
	"fields": {
		"pregunta": 17,
		"valor": 3.0
	}
}, {
	"model": "medical.respuesta",
	"pk": 328,
	"fields": {
		"pregunta": 5,
		"valor": 4.0
	}
}, {
	"model": "medical.respuesta",
	"pk": 329,
	"fields": {
		"pregunta": 19,
		"valor": 3.0
	}
}, {
	"model": "medical.respuesta",
	"pk": 330,
	"fields": {
		"pregunta": 7,
		"valor": 3.0
	}
}, {
	"model": "medical.respuesta",
	"pk": 331,
	"fields": {
		"pregunta": 8,
		"valor": 3.0
	}
}, {
	"model": "medical.respuesta",
	"pk": 332,
	"fields": {
		"pregunta": 21,
		"valor": 3.0
	}
}, {
	"model": "medical.respuesta",
	"pk": 333,
	"fields": {
		"pregunta": 2,
		"valor": 2.0
	}
}, {
	"model": "medical.respuesta",
	"pk": 334,
	"fields": {
		"pregunta": 23,
		"valor": 3.0
	}
}, {
	"model": "medical.respuesta",
	"pk": 335,
	"fields": {
		"pregunta": 4,
		"valor": 4.0
	}
}, {
	"model": "medical.respuesta",
	"pk": 336,
	"fields": {
		"pregunta": 15,
		"valor": 3.0
	}
}, {
	"model": "medical.respuesta",
	"pk": 337,
	"fields": {
		"pregunta": 14,
		"valor": 4.0
	}
}, {
	"model": "medical.respuesta",
	"pk": 338,
	"fields": {
		"pregunta": 16,
		"valor": 3.0
	}
}, {
	"model": "medical.respuesta",
	"pk": 339,
	"fields": {
		"pregunta": 20,
		"valor": 2.0
	}
}, {
	"model": "medical.respuesta",
	"pk": 340,
	"fields": {
		"pregunta": 6,
		"valor": 4.0
	}
}, {
	"model": "medical.respuesta",
	"pk": 341,
	"fields": {
		"pregunta": 11,
		"valor": 2.0
	}
}, {
	"model": "medical.respuesta",
	"pk": 342,
	"fields": {
		"pregunta": 13,
		"valor": 3.0
	}
}, {
	"model": "medical.respuesta",
	"pk": 343,
	"fields": {
		"pregunta": 3,
		"valor": 4.0
	}
}, {
	"model": "medical.respuesta",
	"pk": 344,
	"fields": {
		"pregunta": 9,
		"valor": 2.0
	}
}, {
	"model": "medical.respuesta",
	"pk": 345,
	"fields": {
		"pregunta": 24,
		"valor": 4.0
	}
}, {
	"model": "medical.respuesta",
	"pk": 346,
	"fields": {
		"pregunta": 10,
		"valor": 4.0
	}
}, {
	"model": "medical.respuesta",
	"pk": 347,
	"fields": {
		"pregunta": 18,
		"valor": 4.0
	}
}, {
	"model": "medical.respuesta",
	"pk": 348,
	"fields": {
		"pregunta": 1,
		"valor": 3.0
	}
}, {
	"model": "medical.respuesta",
	"pk": 349,
	"fields": {
		"pregunta": 25,
		"valor": 51.6
	}
}, {
	"model": "medical.respuesta",
	"pk": 350,
	"fields": {
		"pregunta": 26,
		"valor": 108.1
	}
}, {
	"model": "medical.respuesta",
	"pk": 351,
	"fields": {
		"pregunta": 27,
		"valor": 140.0
	}
}, {
	"model": "medical.respuesta",
	"pk": 352,
	"fields": {
		"pregunta": 28,
		"valor": 110.0
	}
}, {
	"model": "medical.respuesta",
	"pk": 353,
	"fields": {
		"pregunta": 22,
		"valor": 4.0
	}
}, {
	"model": "medical.respuesta",
	"pk": 354,
	"fields": {
		"pregunta": 12,
		"valor": 3.0
	}
}, {
	"model": "medical.respuesta",
	"pk": 355,
	"fields": {
		"pregunta": 17,
		"valor": 2.0
	}
}, {
	"model": "medical.respuesta",
	"pk": 356,
	"fields": {
		"pregunta": 5,
		"valor": 3.0
	}
}, {
	"model": "medical.respuesta",
	"pk": 357,
	"fields": {
		"pregunta": 19,
		"valor": 4.0
	}
}, {
	"model": "medical.respuesta",
	"pk": 358,
	"fields": {
		"pregunta": 7,
		"valor": 4.0
	}
}, {
	"model": "medical.respuesta",
	"pk": 359,
	"fields": {
		"pregunta": 8,
		"valor": 4.0
	}
}, {
	"model": "medical.respuesta",
	"pk": 360,
	"fields": {
		"pregunta": 21,
		"valor": 4.0
	}
}, {
	"model": "medical.respuesta",
	"pk": 361,
	"fields": {
		"pregunta": 2,
		"valor": 2.0
	}
}, {
	"model": "medical.respuesta",
	"pk": 362,
	"fields": {
		"pregunta": 23,
		"valor": 2.0
	}
}, {
	"model": "medical.respuesta",
	"pk": 363,
	"fields": {
		"pregunta": 4,
		"valor": 4.0
	}
}, {
	"model": "medical.respuesta",
	"pk": 364,
	"fields": {
		"pregunta": 15,
		"valor": 2.0
	}
}, {
	"model": "medical.respuesta",
	"pk": 365,
	"fields": {
		"pregunta": 14,
		"valor": 4.0
	}
}, {
	"model": "medical.respuesta",
	"pk": 366,
	"fields": {
		"pregunta": 16,
		"valor": 3.0
	}
}, {
	"model": "medical.respuesta",
	"pk": 367,
	"fields": {
		"pregunta": 20,
		"valor": 1.0
	}
}, {
	"model": "medical.respuesta",
	"pk": 368,
	"fields": {
		"pregunta": 6,
		"valor": 4.0
	}
}, {
	"model": "medical.respuesta",
	"pk": 369,
	"fields": {
		"pregunta": 11,
		"valor": 1.0
	}
}, {
	"model": "medical.respuesta",
	"pk": 370,
	"fields": {
		"pregunta": 13,
		"valor": 4.0
	}
}, {
	"model": "medical.respuesta",
	"pk": 371,
	"fields": {
		"pregunta": 3,
		"valor": 3.0
	}
}, {
	"model": "medical.respuesta",
	"pk": 372,
	"fields": {
		"pregunta": 9,
		"valor": 3.0
	}
}, {
	"model": "medical.respuesta",
	"pk": 373,
	"fields": {
		"pregunta": 24,
		"valor": 3.0
	}
}, {
	"model": "medical.respuesta",
	"pk": 374,
	"fields": {
		"pregunta": 10,
		"valor": 3.0
	}
}, {
	"model": "medical.respuesta",
	"pk": 375,
	"fields": {
		"pregunta": 18,
		"valor": 4.0
	}
}, {
	"model": "medical.respuesta",
	"pk": 376,
	"fields": {
		"pregunta": 1,
		"valor": 1.0
	}
}, {
	"model": "medical.respuesta",
	"pk": 377,
	"fields": {
		"pregunta": 22,
		"valor": 4.0
	}
}, {
	"model": "medical.respuesta",
	"pk": 378,
	"fields": {
		"pregunta": 12,
		"valor": 3.0
	}
}, {
	"model": "medical.respuesta",
	"pk": 379,
	"fields": {
		"pregunta": 17,
		"valor": 3.0
	}
}, {
	"model": "medical.respuesta",
	"pk": 380,
	"fields": {
		"pregunta": 5,
		"valor": 2.0
	}
}, {
	"model": "medical.respuesta",
	"pk": 381,
	"fields": {
		"pregunta": 19,
		"valor": 3.0
	}
}, {
	"model": "medical.respuesta",
	"pk": 382,
	"fields": {
		"pregunta": 7,
		"valor": 4.0
	}
}, {
	"model": "medical.respuesta",
	"pk": 383,
	"fields": {
		"pregunta": 8,
		"valor": 3.0
	}
}, {
	"model": "medical.respuesta",
	"pk": 384,
	"fields": {
		"pregunta": 21,
		"valor": 4.0
	}
}, {
	"model": "medical.respuesta",
	"pk": 385,
	"fields": {
		"pregunta": 2,
		"valor": 2.0
	}
}, {
	"model": "medical.respuesta",
	"pk": 386,
	"fields": {
		"pregunta": 23,
		"valor": 3.0
	}
}, {
	"model": "medical.respuesta",
	"pk": 387,
	"fields": {
		"pregunta": 4,
		"valor": 4.0
	}
}, {
	"model": "medical.respuesta",
	"pk": 388,
	"fields": {
		"pregunta": 15,
		"valor": 2.0
	}
}, {
	"model": "medical.respuesta",
	"pk": 389,
	"fields": {
		"pregunta": 14,
		"valor": 4.0
	}
}, {
	"model": "medical.respuesta",
	"pk": 390,
	"fields": {
		"pregunta": 16,
		"valor": 3.0
	}
}, {
	"model": "medical.respuesta",
	"pk": 391,
	"fields": {
		"pregunta": 20,
		"valor": 2.0
	}
}, {
	"model": "medical.respuesta",
	"pk": 392,
	"fields": {
		"pregunta": 6,
		"valor": 4.0
	}
}, {
	"model": "medical.respuesta",
	"pk": 393,
	"fields": {
		"pregunta": 11,
		"valor": 1.0
	}
}, {
	"model": "medical.respuesta",
	"pk": 394,
	"fields": {
		"pregunta": 13,
		"valor": 4.0
	}
}, {
	"model": "medical.respuesta",
	"pk": 395,
	"fields": {
		"pregunta": 3,
		"valor": 4.0
	}
}, {
	"model": "medical.respuesta",
	"pk": 396,
	"fields": {
		"pregunta": 9,
		"valor": 2.0
	}
}, {
	"model": "medical.respuesta",
	"pk": 397,
	"fields": {
		"pregunta": 24,
		"valor": 3.0
	}
}, {
	"model": "medical.respuesta",
	"pk": 398,
	"fields": {
		"pregunta": 10,
		"valor": 2.0
	}
}, {
	"model": "medical.respuesta",
	"pk": 399,
	"fields": {
		"pregunta": 18,
		"valor": 3.0
	}
}, {
	"model": "medical.respuesta",
	"pk": 400,
	"fields": {
		"pregunta": 1,
		"valor": 2.0
	}
}, {
	"model": "medical.respuesta",
	"pk": 401,
	"fields": {
		"pregunta": 25,
		"valor": 40.1
	}
}, {
	"model": "medical.respuesta",
	"pk": 402,
	"fields": {
		"pregunta": 26,
		"valor": 167.2
	}
}, {
	"model": "medical.respuesta",
	"pk": 403,
	"fields": {
		"pregunta": 27,
		"valor": 152.5
	}
}, {
	"model": "medical.respuesta",
	"pk": 404,
	"fields": {
		"pregunta": 28,
		"valor": 120.0
	}
}, {
	"model": "medical.respuesta",
	"pk": 405,
	"fields": {
		"pregunta": 22,
		"valor": 4.0
	}
}, {
	"model": "medical.respuesta",
	"pk": 406,
	"fields": {
		"pregunta": 12,
		"valor": 2.0
	}
}, {
	"model": "medical.respuesta",
	"pk": 407,
	"fields": {
		"pregunta": 17,
		"valor": 4.0
	}
}, {
	"model": "medical.respuesta",
	"pk": 408,
	"fields": {
		"pregunta": 5,
		"valor": 3.0
	}
}, {
	"model": "medical.respuesta",
	"pk": 409,
	"fields": {
		"pregunta": 19,
		"valor": 4.0
	}
}, {
	"model": "medical.respuesta",
	"pk": 410,
	"fields": {
		"pregunta": 7,
		"valor": 4.0
	}
}, {
	"model": "medical.respuesta",
	"pk": 411,
	"fields": {
		"pregunta": 8,
		"valor": 2.0
	}
}, {
	"model": "medical.respuesta",
	"pk": 412,
	"fields": {
		"pregunta": 21,
		"valor": 4.0
	}
}, {
	"model": "medical.respuesta",
	"pk": 413,
	"fields": {
		"pregunta": 2,
		"valor": 4.0
	}
}, {
	"model": "medical.respuesta",
	"pk": 414,
	"fields": {
		"pregunta": 23,
		"valor": 3.0
	}
}, {
	"model": "medical.respuesta",
	"pk": 415,
	"fields": {
		"pregunta": 4,
		"valor": 4.0
	}
}, {
	"model": "medical.respuesta",
	"pk": 416,
	"fields": {
		"pregunta": 15,
		"valor": 4.0
	}
}, {
	"model": "medical.respuesta",
	"pk": 417,
	"fields": {
		"pregunta": 14,
		"valor": 4.0
	}
}, {
	"model": "medical.respuesta",
	"pk": 418,
	"fields": {
		"pregunta": 16,
		"valor": 3.0
	}
}, {
	"model": "medical.respuesta",
	"pk": 419,
	"fields": {
		"pregunta": 20,
		"valor": 2.0
	}
}, {
	"model": "medical.respuesta",
	"pk": 420,
	"fields": {
		"pregunta": 6,
		"valor": 3.0
	}
}, {
	"model": "medical.respuesta",
	"pk": 421,
	"fields": {
		"pregunta": 11,
		"valor": 2.0
	}
}, {
	"model": "medical.respuesta",
	"pk": 422,
	"fields": {
		"pregunta": 13,
		"valor": 3.0
	}
}, {
	"model": "medical.respuesta",
	"pk": 423,
	"fields": {
		"pregunta": 3,
		"valor": 4.0
	}
}, {
	"model": "medical.respuesta",
	"pk": 424,
	"fields": {
		"pregunta": 9,
		"valor": 4.0
	}
}, {
	"model": "medical.respuesta",
	"pk": 425,
	"fields": {
		"pregunta": 24,
		"valor": 4.0
	}
}, {
	"model": "medical.respuesta",
	"pk": 426,
	"fields": {
		"pregunta": 10,
		"valor": 3.0
	}
}, {
	"model": "medical.respuesta",
	"pk": 427,
	"fields": {
		"pregunta": 18,
		"valor": 4.0
	}
}, {
	"model": "medical.respuesta",
	"pk": 428,
	"fields": {
		"pregunta": 1,
		"valor": 4.0
	}
}, {
	"model": "medical.respuesta",
	"pk": 429,
	"fields": {
		"pregunta": 25,
		"valor": 66.3
	}
}, {
	"model": "medical.respuesta",
	"pk": 430,
	"fields": {
		"pregunta": 26,
		"valor": 75.9
	}
}, {
	"model": "medical.respuesta",
	"pk": 431,
	"fields": {
		"pregunta": 27,
		"valor": 75.2
	}
}, {
	"model": "medical.respuesta",
	"pk": 432,
	"fields": {
		"pregunta": 28,
		"valor": 110.0
	}
}, {
	"model": "medical.respuesta",
	"pk": 433,
	"fields": {
		"pregunta": 22,
		"valor": 3.0
	}
}, {
	"model": "medical.respuesta",
	"pk": 434,
	"fields": {
		"pregunta": 12,
		"valor": 1.0
	}
}, {
	"model": "medical.respuesta",
	"pk": 435,
	"fields": {
		"pregunta": 17,
		"valor": 3.0
	}
}, {
	"model": "medical.respuesta",
	"pk": 436,
	"fields": {
		"pregunta": 5,
		"valor": 2.0
	}
}, {
	"model": "medical.respuesta",
	"pk": 437,
	"fields": {
		"pregunta": 19,
		"valor": 3.0
	}
}, {
	"model": "medical.respuesta",
	"pk": 438,
	"fields": {
		"pregunta": 7,
		"valor": 4.0
	}
}, {
	"model": "medical.respuesta",
	"pk": 439,
	"fields": {
		"pregunta": 8,
		"valor": 4.0
	}
}, {
	"model": "medical.respuesta",
	"pk": 440,
	"fields": {
		"pregunta": 21,
		"valor": 4.0
	}
}, {
	"model": "medical.respuesta",
	"pk": 441,
	"fields": {
		"pregunta": 2,
		"valor": 2.0
	}
}, {
	"model": "medical.respuesta",
	"pk": 442,
	"fields": {
		"pregunta": 23,
		"valor": 1.0
	}
}, {
	"model": "medical.respuesta",
	"pk": 443,
	"fields": {
		"pregunta": 4,
		"valor": 3.0
	}
}, {
	"model": "medical.respuesta",
	"pk": 444,
	"fields": {
		"pregunta": 15,
		"valor": 2.0
	}
}, {
	"model": "medical.respuesta",
	"pk": 445,
	"fields": {
		"pregunta": 14,
		"valor": 3.0
	}
}, {
	"model": "medical.respuesta",
	"pk": 446,
	"fields": {
		"pregunta": 16,
		"valor": 2.0
	}
}, {
	"model": "medical.respuesta",
	"pk": 447,
	"fields": {
		"pregunta": 20,
		"valor": 1.0
	}
}, {
	"model": "medical.respuesta",
	"pk": 448,
	"fields": {
		"pregunta": 6,
		"valor": 2.0
	}
}, {
	"model": "medical.respuesta",
	"pk": 449,
	"fields": {
		"pregunta": 11,
		"valor": 1.0
	}
}, {
	"model": "medical.respuesta",
	"pk": 450,
	"fields": {
		"pregunta": 13,
		"valor": 2.0
	}
}, {
	"model": "medical.respuesta",
	"pk": 451,
	"fields": {
		"pregunta": 3,
		"valor": 1.0
	}
}, {
	"model": "medical.respuesta",
	"pk": 452,
	"fields": {
		"pregunta": 9,
		"valor": 2.0
	}
}, {
	"model": "medical.respuesta",
	"pk": 453,
	"fields": {
		"pregunta": 24,
		"valor": 1.0
	}
}, {
	"model": "medical.respuesta",
	"pk": 454,
	"fields": {
		"pregunta": 10,
		"valor": 3.0
	}
}, {
	"model": "medical.respuesta",
	"pk": 455,
	"fields": {
		"pregunta": 18,
		"valor": 4.0
	}
}, {
	"model": "medical.respuesta",
	"pk": 456,
	"fields": {
		"pregunta": 1,
		"valor": 2.0
	}
}, {
	"model": "medical.respuesta",
	"pk": 457,
	"fields": {
		"pregunta": 25,
		"valor": 38.6
	}
}, {
	"model": "medical.respuesta",
	"pk": 458,
	"fields": {
		"pregunta": 26,
		"valor": 104.0
	}
}, {
	"model": "medical.respuesta",
	"pk": 459,
	"fields": {
		"pregunta": 27,
		"valor": 112.2
	}
}, {
	"model": "medical.respuesta",
	"pk": 460,
	"fields": {
		"pregunta": 28,
		"valor": 110.0
	}
}, {
	"model": "medical.respuesta",
	"pk": 461,
	"fields": {
		"pregunta": 22,
		"valor": 3.0
	}
}, {
	"model": "medical.respuesta",
	"pk": 462,
	"fields": {
		"pregunta": 12,
		"valor": 2.0
	}
}, {
	"model": "medical.respuesta",
	"pk": 463,
	"fields": {
		"pregunta": 17,
		"valor": 2.0
	}
}, {
	"model": "medical.respuesta",
	"pk": 464,
	"fields": {
		"pregunta": 5,
		"valor": 4.0
	}
}, {
	"model": "medical.respuesta",
	"pk": 465,
	"fields": {
		"pregunta": 19,
		"valor": 4.0
	}
}, {
	"model": "medical.respuesta",
	"pk": 466,
	"fields": {
		"pregunta": 7,
		"valor": 4.0
	}
}, {
	"model": "medical.respuesta",
	"pk": 467,
	"fields": {
		"pregunta": 8,
		"valor": 3.0
	}
}, {
	"model": "medical.respuesta",
	"pk": 468,
	"fields": {
		"pregunta": 21,
		"valor": 4.0
	}
}, {
	"model": "medical.respuesta",
	"pk": 469,
	"fields": {
		"pregunta": 2,
		"valor": 3.0
	}
}, {
	"model": "medical.respuesta",
	"pk": 470,
	"fields": {
		"pregunta": 23,
		"valor": 3.0
	}
}, {
	"model": "medical.respuesta",
	"pk": 471,
	"fields": {
		"pregunta": 4,
		"valor": 4.0
	}
}, {
	"model": "medical.respuesta",
	"pk": 472,
	"fields": {
		"pregunta": 15,
		"valor": 3.0
	}
}, {
	"model": "medical.respuesta",
	"pk": 473,
	"fields": {
		"pregunta": 14,
		"valor": 4.0
	}
}, {
	"model": "medical.respuesta",
	"pk": 474,
	"fields": {
		"pregunta": 16,
		"valor": 4.0
	}
}, {
	"model": "medical.respuesta",
	"pk": 475,
	"fields": {
		"pregunta": 20,
		"valor": 3.0
	}
}, {
	"model": "medical.respuesta",
	"pk": 476,
	"fields": {
		"pregunta": 6,
		"valor": 4.0
	}
}, {
	"model": "medical.respuesta",
	"pk": 477,
	"fields": {
		"pregunta": 11,
		"valor": 3.0
	}
}, {
	"model": "medical.respuesta",
	"pk": 478,
	"fields": {
		"pregunta": 13,
		"valor": 3.0
	}
}, {
	"model": "medical.respuesta",
	"pk": 479,
	"fields": {
		"pregunta": 3,
		"valor": 4.0
	}
}, {
	"model": "medical.respuesta",
	"pk": 480,
	"fields": {
		"pregunta": 9,
		"valor": 3.0
	}
}, {
	"model": "medical.respuesta",
	"pk": 481,
	"fields": {
		"pregunta": 24,
		"valor": 4.0
	}
}, {
	"model": "medical.respuesta",
	"pk": 482,
	"fields": {
		"pregunta": 10,
		"valor": 4.0
	}
}, {
	"model": "medical.respuesta",
	"pk": 483,
	"fields": {
		"pregunta": 18,
		"valor": 4.0
	}
}, {
	"model": "medical.respuesta",
	"pk": 484,
	"fields": {
		"pregunta": 1,
		"valor": 3.0
	}
}, {
	"model": "medical.respuesta",
	"pk": 485,
	"fields": {
		"pregunta": 22,
		"valor": 4.0
	}
}, {
	"model": "medical.respuesta",
	"pk": 486,
	"fields": {
		"pregunta": 12,
		"valor": 3.0
	}
}, {
	"model": "medical.respuesta",
	"pk": 487,
	"fields": {
		"pregunta": 17,
		"valor": 4.0
	}
}, {
	"model": "medical.respuesta",
	"pk": 488,
	"fields": {
		"pregunta": 5,
		"valor": 3.0
	}
}, {
	"model": "medical.respuesta",
	"pk": 489,
	"fields": {
		"pregunta": 19,
		"valor": 3.0
	}
}, {
	"model": "medical.respuesta",
	"pk": 490,
	"fields": {
		"pregunta": 7,
		"valor": 2.0
	}
}, {
	"model": "medical.respuesta",
	"pk": 491,
	"fields": {
		"pregunta": 8,
		"valor": 4.0
	}
}, {
	"model": "medical.respuesta",
	"pk": 492,
	"fields": {
		"pregunta": 21,
		"valor": 4.0
	}
}, {
	"model": "medical.respuesta",
	"pk": 493,
	"fields": {
		"pregunta": 2,
		"valor": 3.0
	}
}, {
	"model": "medical.respuesta",
	"pk": 494,
	"fields": {
		"pregunta": 23,
		"valor": 4.0
	}
}, {
	"model": "medical.respuesta",
	"pk": 495,
	"fields": {
		"pregunta": 4,
		"valor": 4.0
	}
}, {
	"model": "medical.respuesta",
	"pk": 496,
	"fields": {
		"pregunta": 15,
		"valor": 3.0
	}
}, {
	"model": "medical.respuesta",
	"pk": 497,
	"fields": {
		"pregunta": 14,
		"valor": 4.0
	}
}, {
	"model": "medical.respuesta",
	"pk": 498,
	"fields": {
		"pregunta": 16,
		"valor": 3.0
	}
}, {
	"model": "medical.respuesta",
	"pk": 499,
	"fields": {
		"pregunta": 20,
		"valor": 4.0
	}
}, {
	"model": "medical.respuesta",
	"pk": 500,
	"fields": {
		"pregunta": 6,
		"valor": 4.0
	}
}, {
	"model": "medical.respuesta",
	"pk": 501,
	"fields": {
		"pregunta": 11,
		"valor": 4.0
	}
}, {
	"model": "medical.respuesta",
	"pk": 502,
	"fields": {
		"pregunta": 13,
		"valor": 3.0
	}
}, {
	"model": "medical.respuesta",
	"pk": 503,
	"fields": {
		"pregunta": 3,
		"valor": 4.0
	}
}, {
	"model": "medical.respuesta",
	"pk": 504,
	"fields": {
		"pregunta": 9,
		"valor": 3.0
	}
}, {
	"model": "medical.respuesta",
	"pk": 505,
	"fields": {
		"pregunta": 24,
		"valor": 2.0
	}
}, {
	"model": "medical.respuesta",
	"pk": 506,
	"fields": {
		"pregunta": 10,
		"valor": 3.0
	}
}, {
	"model": "medical.respuesta",
	"pk": 507,
	"fields": {
		"pregunta": 18,
		"valor": 3.0
	}
}, {
	"model": "medical.respuesta",
	"pk": 508,
	"fields": {
		"pregunta": 1,
		"valor": 3.0
	}
}, {
	"model": "medical.respuesta",
	"pk": 509,
	"fields": {
		"pregunta": 25,
		"valor": 45.3
	}
}, {
	"model": "medical.respuesta",
	"pk": 510,
	"fields": {
		"pregunta": 26,
		"valor": 244.0
	}
}, {
	"model": "medical.respuesta",
	"pk": 511,
	"fields": {
		"pregunta": 27,
		"valor": 114.9
	}
}, {
	"model": "medical.respuesta",
	"pk": 512,
	"fields": {
		"pregunta": 28,
		"valor": 90.0
	}
}, {
	"model": "medical.respuesta",
	"pk": 513,
	"fields": {
		"pregunta": 22,
		"valor": 3.0
	}
}, {
	"model": "medical.respuesta",
	"pk": 514,
	"fields": {
		"pregunta": 12,
		"valor": 3.0
	}
}, {
	"model": "medical.respuesta",
	"pk": 515,
	"fields": {
		"pregunta": 17,
		"valor": 2.0
	}
}, {
	"model": "medical.respuesta",
	"pk": 516,
	"fields": {
		"pregunta": 5,
		"valor": 4.0
	}
}, {
	"model": "medical.respuesta",
	"pk": 517,
	"fields": {
		"pregunta": 19,
		"valor": 3.0
	}
}, {
	"model": "medical.respuesta",
	"pk": 518,
	"fields": {
		"pregunta": 7,
		"valor": 4.0
	}
}, {
	"model": "medical.respuesta",
	"pk": 519,
	"fields": {
		"pregunta": 8,
		"valor": 2.0
	}
}, {
	"model": "medical.respuesta",
	"pk": 520,
	"fields": {
		"pregunta": 21,
		"valor": 3.0
	}
}, {
	"model": "medical.respuesta",
	"pk": 521,
	"fields": {
		"pregunta": 2,
		"valor": 3.0
	}
}, {
	"model": "medical.respuesta",
	"pk": 522,
	"fields": {
		"pregunta": 23,
		"valor": 3.0
	}
}, {
	"model": "medical.respuesta",
	"pk": 523,
	"fields": {
		"pregunta": 4,
		"valor": 4.0
	}
}, {
	"model": "medical.respuesta",
	"pk": 524,
	"fields": {
		"pregunta": 15,
		"valor": 3.0
	}
}, {
	"model": "medical.respuesta",
	"pk": 525,
	"fields": {
		"pregunta": 14,
		"valor": 4.0
	}
}, {
	"model": "medical.respuesta",
	"pk": 526,
	"fields": {
		"pregunta": 16,
		"valor": 4.0
	}
}, {
	"model": "medical.respuesta",
	"pk": 527,
	"fields": {
		"pregunta": 20,
		"valor": 2.0
	}
}, {
	"model": "medical.respuesta",
	"pk": 528,
	"fields": {
		"pregunta": 6,
		"valor": 3.0
	}
}, {
	"model": "medical.respuesta",
	"pk": 529,
	"fields": {
		"pregunta": 11,
		"valor": 3.0
	}
}, {
	"model": "medical.respuesta",
	"pk": 530,
	"fields": {
		"pregunta": 13,
		"valor": 3.0
	}
}, {
	"model": "medical.respuesta",
	"pk": 531,
	"fields": {
		"pregunta": 3,
		"valor": 4.0
	}
}, {
	"model": "medical.respuesta",
	"pk": 532,
	"fields": {
		"pregunta": 9,
		"valor": 3.0
	}
}, {
	"model": "medical.respuesta",
	"pk": 533,
	"fields": {
		"pregunta": 24,
		"valor": 3.0
	}
}, {
	"model": "medical.respuesta",
	"pk": 534,
	"fields": {
		"pregunta": 10,
		"valor": 3.0
	}
}, {
	"model": "medical.respuesta",
	"pk": 535,
	"fields": {
		"pregunta": 18,
		"valor": 4.0
	}
}, {
	"model": "medical.respuesta",
	"pk": 536,
	"fields": {
		"pregunta": 1,
		"valor": 3.0
	}
}, {
	"model": "medical.respuesta",
	"pk": 537,
	"fields": {
		"pregunta": 25,
		"valor": 48.0
	}
}, {
	"model": "medical.respuesta",
	"pk": 538,
	"fields": {
		"pregunta": 26,
		"valor": 145.0
	}
}, {
	"model": "medical.respuesta",
	"pk": 539,
	"fields": {
		"pregunta": 27,
		"valor": 98.0
	}
}, {
	"model": "medical.respuesta",
	"pk": 540,
	"fields": {
		"pregunta": 28,
		"valor": 120.0
	}
}, {
	"model": "medical.respuesta",
	"pk": 541,
	"fields": {
		"pregunta": 22,
		"valor": 3.0
	}
}, {
	"model": "medical.respuesta",
	"pk": 542,
	"fields": {
		"pregunta": 12,
		"valor": 3.0
	}
}, {
	"model": "medical.respuesta",
	"pk": 543,
	"fields": {
		"pregunta": 17,
		"valor": 4.0
	}
}, {
	"model": "medical.respuesta",
	"pk": 544,
	"fields": {
		"pregunta": 5,
		"valor": 4.0
	}
}, {
	"model": "medical.respuesta",
	"pk": 545,
	"fields": {
		"pregunta": 19,
		"valor": 4.0
	}
}, {
	"model": "medical.respuesta",
	"pk": 546,
	"fields": {
		"pregunta": 7,
		"valor": 2.0
	}
}, {
	"model": "medical.respuesta",
	"pk": 547,
	"fields": {
		"pregunta": 8,
		"valor": 4.0
	}
}, {
	"model": "medical.respuesta",
	"pk": 548,
	"fields": {
		"pregunta": 21,
		"valor": 3.0
	}
}, {
	"model": "medical.respuesta",
	"pk": 549,
	"fields": {
		"pregunta": 2,
		"valor": 4.0
	}
}, {
	"model": "medical.respuesta",
	"pk": 550,
	"fields": {
		"pregunta": 23,
		"valor": 3.0
	}
}, {
	"model": "medical.respuesta",
	"pk": 551,
	"fields": {
		"pregunta": 4,
		"valor": 4.0
	}
}, {
	"model": "medical.respuesta",
	"pk": 552,
	"fields": {
		"pregunta": 15,
		"valor": 3.0
	}
}, {
	"model": "medical.respuesta",
	"pk": 553,
	"fields": {
		"pregunta": 14,
		"valor": 4.0
	}
}, {
	"model": "medical.respuesta",
	"pk": 554,
	"fields": {
		"pregunta": 16,
		"valor": 4.0
	}
}, {
	"model": "medical.respuesta",
	"pk": 555,
	"fields": {
		"pregunta": 20,
		"valor": 3.0
	}
}, {
	"model": "medical.respuesta",
	"pk": 556,
	"fields": {
		"pregunta": 6,
		"valor": 4.0
	}
}, {
	"model": "medical.respuesta",
	"pk": 557,
	"fields": {
		"pregunta": 11,
		"valor": 4.0
	}
}, {
	"model": "medical.respuesta",
	"pk": 558,
	"fields": {
		"pregunta": 13,
		"valor": 3.0
	}
}, {
	"model": "medical.respuesta",
	"pk": 559,
	"fields": {
		"pregunta": 3,
		"valor": 2.0
	}
}, {
	"model": "medical.respuesta",
	"pk": 560,
	"fields": {
		"pregunta": 9,
		"valor": 4.0
	}
}, {
	"model": "medical.respuesta",
	"pk": 561,
	"fields": {
		"pregunta": 24,
		"valor": 3.0
	}
}, {
	"model": "medical.respuesta",
	"pk": 562,
	"fields": {
		"pregunta": 10,
		"valor": 3.0
	}
}, {
	"model": "medical.respuesta",
	"pk": 563,
	"fields": {
		"pregunta": 18,
		"valor": 4.0
	}
}, {
	"model": "medical.respuesta",
	"pk": 564,
	"fields": {
		"pregunta": 1,
		"valor": 4.0
	}
}, {
	"model": "medical.respuesta",
	"pk": 565,
	"fields": {
		"pregunta": 25,
		"valor": 43.8
	}
}, {
	"model": "medical.respuesta",
	"pk": 566,
	"fields": {
		"pregunta": 26,
		"valor": 93.0
	}
}, {
	"model": "medical.respuesta",
	"pk": 567,
	"fields": {
		"pregunta": 27,
		"valor": 171.5
	}
}, {
	"model": "medical.respuesta",
	"pk": 568,
	"fields": {
		"pregunta": 28,
		"valor": 118.0
	}
}, {
	"model": "medical.respuesta",
	"pk": 569,
	"fields": {
		"pregunta": 22,
		"valor": 2.0
	}
}, {
	"model": "medical.respuesta",
	"pk": 570,
	"fields": {
		"pregunta": 12,
		"valor": 3.0
	}
}, {
	"model": "medical.respuesta",
	"pk": 571,
	"fields": {
		"pregunta": 17,
		"valor": 3.0
	}
}, {
	"model": "medical.respuesta",
	"pk": 572,
	"fields": {
		"pregunta": 5,
		"valor": 3.0
	}
}, {
	"model": "medical.respuesta",
	"pk": 573,
	"fields": {
		"pregunta": 19,
		"valor": 2.0
	}
}, {
	"model": "medical.respuesta",
	"pk": 574,
	"fields": {
		"pregunta": 7,
		"valor": 2.0
	}
}, {
	"model": "medical.respuesta",
	"pk": 575,
	"fields": {
		"pregunta": 8,
		"valor": 4.0
	}
}, {
	"model": "medical.respuesta",
	"pk": 576,
	"fields": {
		"pregunta": 21,
		"valor": 3.0
	}
}, {
	"model": "medical.respuesta",
	"pk": 577,
	"fields": {
		"pregunta": 2,
		"valor": 3.0
	}
}, {
	"model": "medical.respuesta",
	"pk": 578,
	"fields": {
		"pregunta": 23,
		"valor": 3.0
	}
}, {
	"model": "medical.respuesta",
	"pk": 579,
	"fields": {
		"pregunta": 4,
		"valor": 4.0
	}
}, {
	"model": "medical.respuesta",
	"pk": 580,
	"fields": {
		"pregunta": 15,
		"valor": 3.0
	}
}, {
	"model": "medical.respuesta",
	"pk": 581,
	"fields": {
		"pregunta": 14,
		"valor": 3.0
	}
}, {
	"model": "medical.respuesta",
	"pk": 582,
	"fields": {
		"pregunta": 16,
		"valor": 4.0
	}
}, {
	"model": "medical.respuesta",
	"pk": 583,
	"fields": {
		"pregunta": 20,
		"valor": 3.0
	}
}, {
	"model": "medical.respuesta",
	"pk": 584,
	"fields": {
		"pregunta": 6,
		"valor": 4.0
	}
}, {
	"model": "medical.respuesta",
	"pk": 585,
	"fields": {
		"pregunta": 11,
		"valor": 3.0
	}
}, {
	"model": "medical.respuesta",
	"pk": 586,
	"fields": {
		"pregunta": 13,
		"valor": 3.0
	}
}, {
	"model": "medical.respuesta",
	"pk": 587,
	"fields": {
		"pregunta": 3,
		"valor": 2.0
	}
}, {
	"model": "medical.respuesta",
	"pk": 588,
	"fields": {
		"pregunta": 9,
		"valor": 3.0
	}
}, {
	"model": "medical.respuesta",
	"pk": 589,
	"fields": {
		"pregunta": 24,
		"valor": 2.0
	}
}, {
	"model": "medical.respuesta",
	"pk": 590,
	"fields": {
		"pregunta": 10,
		"valor": 3.0
	}
}, {
	"model": "medical.respuesta",
	"pk": 591,
	"fields": {
		"pregunta": 18,
		"valor": 4.0
	}
}, {
	"model": "medical.respuesta",
	"pk": 592,
	"fields": {
		"pregunta": 1,
		"valor": 4.0
	}
}, {
	"model": "medical.respuesta",
	"pk": 593,
	"fields": {
		"pregunta": 25,
		"valor": 38.0
	}
}, {
	"model": "medical.respuesta",
	"pk": 594,
	"fields": {
		"pregunta": 26,
		"valor": 200.0
	}
}, {
	"model": "medical.respuesta",
	"pk": 595,
	"fields": {
		"pregunta": 27,
		"valor": 116.0
	}
}, {
	"model": "medical.respuesta",
	"pk": 596,
	"fields": {
		"pregunta": 28,
		"valor": 130.0
	}
}, {
	"model": "medical.respuesta",
	"pk": 597,
	"fields": {
		"pregunta": 22,
		"valor": 3.0
	}
}, {
	"model": "medical.respuesta",
	"pk": 598,
	"fields": {
		"pregunta": 12,
		"valor": 3.0
	}
}, {
	"model": "medical.respuesta",
	"pk": 599,
	"fields": {
		"pregunta": 17,
		"valor": 4.0
	}
}, {
	"model": "medical.respuesta",
	"pk": 600,
	"fields": {
		"pregunta": 5,
		"valor": 3.0
	}
}, {
	"model": "medical.respuesta",
	"pk": 601,
	"fields": {
		"pregunta": 19,
		"valor": 3.0
	}
}, {
	"model": "medical.respuesta",
	"pk": 602,
	"fields": {
		"pregunta": 7,
		"valor": 3.0
	}
}, {
	"model": "medical.respuesta",
	"pk": 603,
	"fields": {
		"pregunta": 8,
		"valor": 1.0
	}
}, {
	"model": "medical.respuesta",
	"pk": 604,
	"fields": {
		"pregunta": 21,
		"valor": 3.0
	}
}, {
	"model": "medical.respuesta",
	"pk": 605,
	"fields": {
		"pregunta": 2,
		"valor": 2.0
	}
}, {
	"model": "medical.respuesta",
	"pk": 606,
	"fields": {
		"pregunta": 23,
		"valor": 3.0
	}
}, {
	"model": "medical.respuesta",
	"pk": 607,
	"fields": {
		"pregunta": 4,
		"valor": 4.0
	}
}, {
	"model": "medical.respuesta",
	"pk": 608,
	"fields": {
		"pregunta": 15,
		"valor": 3.0
	}
}, {
	"model": "medical.respuesta",
	"pk": 609,
	"fields": {
		"pregunta": 14,
		"valor": 3.0
	}
}, {
	"model": "medical.respuesta",
	"pk": 610,
	"fields": {
		"pregunta": 16,
		"valor": 3.0
	}
}, {
	"model": "medical.respuesta",
	"pk": 611,
	"fields": {
		"pregunta": 20,
		"valor": 4.0
	}
}, {
	"model": "medical.respuesta",
	"pk": 612,
	"fields": {
		"pregunta": 6,
		"valor": 4.0
	}
}, {
	"model": "medical.respuesta",
	"pk": 613,
	"fields": {
		"pregunta": 11,
		"valor": 4.0
	}
}, {
	"model": "medical.respuesta",
	"pk": 614,
	"fields": {
		"pregunta": 13,
		"valor": 2.0
	}
}, {
	"model": "medical.respuesta",
	"pk": 615,
	"fields": {
		"pregunta": 3,
		"valor": 4.0
	}
}, {
	"model": "medical.respuesta",
	"pk": 616,
	"fields": {
		"pregunta": 9,
		"valor": 3.0
	}
}, {
	"model": "medical.respuesta",
	"pk": 617,
	"fields": {
		"pregunta": 24,
		"valor": 2.0
	}
}, {
	"model": "medical.respuesta",
	"pk": 618,
	"fields": {
		"pregunta": 10,
		"valor": 2.0
	}
}, {
	"model": "medical.respuesta",
	"pk": 619,
	"fields": {
		"pregunta": 18,
		"valor": 3.0
	}
}, {
	"model": "medical.respuesta",
	"pk": 620,
	"fields": {
		"pregunta": 1,
		"valor": 3.0
	}
}, {
	"model": "medical.respuesta",
	"pk": 621,
	"fields": {
		"pregunta": 25,
		"valor": 41.0
	}
}, {
	"model": "medical.respuesta",
	"pk": 622,
	"fields": {
		"pregunta": 26,
		"valor": 132.5
	}
}, {
	"model": "medical.respuesta",
	"pk": 623,
	"fields": {
		"pregunta": 27,
		"valor": 158.7
	}
}, {
	"model": "medical.respuesta",
	"pk": 624,
	"fields": {
		"pregunta": 28,
		"valor": 115.0
	}
}, {
	"model": "medical.respuesta",
	"pk": 625,
	"fields": {
		"pregunta": 22,
		"valor": 4.0
	}
}, {
	"model": "medical.respuesta",
	"pk": 626,
	"fields": {
		"pregunta": 12,
		"valor": 4.0
	}
}, {
	"model": "medical.respuesta",
	"pk": 627,
	"fields": {
		"pregunta": 17,
		"valor": 2.0
	}
}, {
	"model": "medical.respuesta",
	"pk": 628,
	"fields": {
		"pregunta": 5,
		"valor": 3.0
	}
}, {
	"model": "medical.respuesta",
	"pk": 629,
	"fields": {
		"pregunta": 19,
		"valor": 3.0
	}
}, {
	"model": "medical.respuesta",
	"pk": 630,
	"fields": {
		"pregunta": 7,
		"valor": 4.0
	}
}, {
	"model": "medical.respuesta",
	"pk": 631,
	"fields": {
		"pregunta": 8,
		"valor": 1.0
	}
}, {
	"model": "medical.respuesta",
	"pk": 632,
	"fields": {
		"pregunta": 21,
		"valor": 3.0
	}
}, {
	"model": "medical.respuesta",
	"pk": 633,
	"fields": {
		"pregunta": 2,
		"valor": 2.0
	}
}, {
	"model": "medical.respuesta",
	"pk": 634,
	"fields": {
		"pregunta": 23,
		"valor": 3.0
	}
}, {
	"model": "medical.respuesta",
	"pk": 635,
	"fields": {
		"pregunta": 4,
		"valor": 4.0
	}
}, {
	"model": "medical.respuesta",
	"pk": 636,
	"fields": {
		"pregunta": 15,
		"valor": 4.0
	}
}, {
	"model": "medical.respuesta",
	"pk": 637,
	"fields": {
		"pregunta": 14,
		"valor": 4.0
	}
}, {
	"model": "medical.respuesta",
	"pk": 638,
	"fields": {
		"pregunta": 16,
		"valor": 3.0
	}
}, {
	"model": "medical.respuesta",
	"pk": 639,
	"fields": {
		"pregunta": 20,
		"valor": 2.0
	}
}, {
	"model": "medical.respuesta",
	"pk": 640,
	"fields": {
		"pregunta": 6,
		"valor": 4.0
	}
}, {
	"model": "medical.respuesta",
	"pk": 641,
	"fields": {
		"pregunta": 11,
		"valor": 1.0
	}
}, {
	"model": "medical.respuesta",
	"pk": 642,
	"fields": {
		"pregunta": 13,
		"valor": 4.0
	}
}, {
	"model": "medical.respuesta",
	"pk": 643,
	"fields": {
		"pregunta": 3,
		"valor": 4.0
	}
}, {
	"model": "medical.respuesta",
	"pk": 644,
	"fields": {
		"pregunta": 9,
		"valor": 1.0
	}
}, {
	"model": "medical.respuesta",
	"pk": 645,
	"fields": {
		"pregunta": 24,
		"valor": 3.0
	}
}, {
	"model": "medical.respuesta",
	"pk": 646,
	"fields": {
		"pregunta": 10,
		"valor": 3.0
	}
}, {
	"model": "medical.respuesta",
	"pk": 647,
	"fields": {
		"pregunta": 18,
		"valor": 3.0
	}
}, {
	"model": "medical.respuesta",
	"pk": 648,
	"fields": {
		"pregunta": 1,
		"valor": 3.0
	}
}, {
	"model": "medical.respuesta",
	"pk": 649,
	"fields": {
		"pregunta": 25,
		"valor": 43.4
	}
}, {
	"model": "medical.respuesta",
	"pk": 650,
	"fields": {
		"pregunta": 26,
		"valor": 226.4
	}
}, {
	"model": "medical.respuesta",
	"pk": 651,
	"fields": {
		"pregunta": 27,
		"valor": 130.1
	}
}, {
	"model": "medical.respuesta",
	"pk": 652,
	"fields": {
		"pregunta": 28,
		"valor": 118.0
	}
}, {
	"model": "medical.respuesta",
	"pk": 653,
	"fields": {
		"pregunta": 22,
		"valor": 3.0
	}
}, {
	"model": "medical.respuesta",
	"pk": 654,
	"fields": {
		"pregunta": 12,
		"valor": 4.0
	}
}, {
	"model": "medical.respuesta",
	"pk": 655,
	"fields": {
		"pregunta": 17,
		"valor": 3.0
	}
}, {
	"model": "medical.respuesta",
	"pk": 656,
	"fields": {
		"pregunta": 5,
		"valor": 3.0
	}
}, {
	"model": "medical.respuesta",
	"pk": 657,
	"fields": {
		"pregunta": 19,
		"valor": 3.0
	}
}, {
	"model": "medical.respuesta",
	"pk": 658,
	"fields": {
		"pregunta": 7,
		"valor": 2.0
	}
}, {
	"model": "medical.respuesta",
	"pk": 659,
	"fields": {
		"pregunta": 8,
		"valor": 4.0
	}
}, {
	"model": "medical.respuesta",
	"pk": 660,
	"fields": {
		"pregunta": 21,
		"valor": 3.0
	}
}, {
	"model": "medical.respuesta",
	"pk": 661,
	"fields": {
		"pregunta": 2,
		"valor": 2.0
	}
}, {
	"model": "medical.respuesta",
	"pk": 662,
	"fields": {
		"pregunta": 23,
		"valor": 3.0
	}
}, {
	"model": "medical.respuesta",
	"pk": 663,
	"fields": {
		"pregunta": 4,
		"valor": 3.0
	}
}, {
	"model": "medical.respuesta",
	"pk": 664,
	"fields": {
		"pregunta": 15,
		"valor": 2.0
	}
}, {
	"model": "medical.respuesta",
	"pk": 665,
	"fields": {
		"pregunta": 14,
		"valor": 4.0
	}
}, {
	"model": "medical.respuesta",
	"pk": 666,
	"fields": {
		"pregunta": 16,
		"valor": 2.0
	}
}, {
	"model": "medical.respuesta",
	"pk": 667,
	"fields": {
		"pregunta": 20,
		"valor": 4.0
	}
}, {
	"model": "medical.respuesta",
	"pk": 668,
	"fields": {
		"pregunta": 6,
		"valor": 4.0
	}
}, {
	"model": "medical.respuesta",
	"pk": 669,
	"fields": {
		"pregunta": 11,
		"valor": 4.0
	}
}, {
	"model": "medical.respuesta",
	"pk": 670,
	"fields": {
		"pregunta": 13,
		"valor": 3.0
	}
}, {
	"model": "medical.respuesta",
	"pk": 671,
	"fields": {
		"pregunta": 3,
		"valor": 3.0
	}
}, {
	"model": "medical.respuesta",
	"pk": 672,
	"fields": {
		"pregunta": 9,
		"valor": 2.0
	}
}, {
	"model": "medical.respuesta",
	"pk": 673,
	"fields": {
		"pregunta": 24,
		"valor": 3.0
	}
}, {
	"model": "medical.respuesta",
	"pk": 674,
	"fields": {
		"pregunta": 10,
		"valor": 3.0
	}
}, {
	"model": "medical.respuesta",
	"pk": 675,
	"fields": {
		"pregunta": 18,
		"valor": 4.0
	}
}, {
	"model": "medical.respuesta",
	"pk": 676,
	"fields": {
		"pregunta": 1,
		"valor": 2.0
	}
}, {
	"model": "medical.respuesta",
	"pk": 677,
	"fields": {
		"pregunta": 25,
		"valor": 50.9
	}
}, {
	"model": "medical.respuesta",
	"pk": 678,
	"fields": {
		"pregunta": 26,
		"valor": 154.3
	}
}, {
	"model": "medical.respuesta",
	"pk": 679,
	"fields": {
		"pregunta": 27,
		"valor": 182.0
	}
}, {
	"model": "medical.respuesta",
	"pk": 680,
	"fields": {
		"pregunta": 28,
		"valor": 105.0
	}
}, {
	"model": "medical.respuesta",
	"pk": 681,
	"fields": {
		"pregunta": 22,
		"valor": 4.0
	}
}, {
	"model": "medical.respuesta",
	"pk": 682,
	"fields": {
		"pregunta": 12,
		"valor": 3.0
	}
}, {
	"model": "medical.respuesta",
	"pk": 683,
	"fields": {
		"pregunta": 17,
		"valor": 4.0
	}
}, {
	"model": "medical.respuesta",
	"pk": 684,
	"fields": {
		"pregunta": 5,
		"valor": 4.0
	}
}, {
	"model": "medical.respuesta",
	"pk": 685,
	"fields": {
		"pregunta": 19,
		"valor": 3.0
	}
}, {
	"model": "medical.respuesta",
	"pk": 686,
	"fields": {
		"pregunta": 7,
		"valor": 4.0
	}
}, {
	"model": "medical.respuesta",
	"pk": 687,
	"fields": {
		"pregunta": 8,
		"valor": 1.0
	}
}, {
	"model": "medical.respuesta",
	"pk": 688,
	"fields": {
		"pregunta": 21,
		"valor": 4.0
	}
}, {
	"model": "medical.respuesta",
	"pk": 689,
	"fields": {
		"pregunta": 2,
		"valor": 4.0
	}
}, {
	"model": "medical.respuesta",
	"pk": 690,
	"fields": {
		"pregunta": 23,
		"valor": 4.0
	}
}, {
	"model": "medical.respuesta",
	"pk": 691,
	"fields": {
		"pregunta": 4,
		"valor": 4.0
	}
}, {
	"model": "medical.respuesta",
	"pk": 692,
	"fields": {
		"pregunta": 15,
		"valor": 4.0
	}
}, {
	"model": "medical.respuesta",
	"pk": 693,
	"fields": {
		"pregunta": 14,
		"valor": 4.0
	}
}, {
	"model": "medical.respuesta",
	"pk": 694,
	"fields": {
		"pregunta": 16,
		"valor": 4.0
	}
}, {
	"model": "medical.respuesta",
	"pk": 695,
	"fields": {
		"pregunta": 20,
		"valor": 3.0
	}
}, {
	"model": "medical.respuesta",
	"pk": 696,
	"fields": {
		"pregunta": 6,
		"valor": 4.0
	}
}, {
	"model": "medical.respuesta",
	"pk": 697,
	"fields": {
		"pregunta": 11,
		"valor": 2.0
	}
}, {
	"model": "medical.respuesta",
	"pk": 698,
	"fields": {
		"pregunta": 13,
		"valor": 4.0
	}
}, {
	"model": "medical.respuesta",
	"pk": 699,
	"fields": {
		"pregunta": 3,
		"valor": 4.0
	}
}, {
	"model": "medical.respuesta",
	"pk": 700,
	"fields": {
		"pregunta": 9,
		"valor": 4.0
	}
}, {
	"model": "medical.respuesta",
	"pk": 701,
	"fields": {
		"pregunta": 24,
		"valor": 4.0
	}
}, {
	"model": "medical.respuesta",
	"pk": 702,
	"fields": {
		"pregunta": 10,
		"valor": 4.0
	}
}, {
	"model": "medical.respuesta",
	"pk": 703,
	"fields": {
		"pregunta": 18,
		"valor": 4.0
	}
}, {
	"model": "medical.respuesta",
	"pk": 704,
	"fields": {
		"pregunta": 1,
		"valor": 3.0
	}
}, {
	"model": "medical.respuesta",
	"pk": 705,
	"fields": {
		"pregunta": 22,
		"valor": 3.0
	}
}, {
	"model": "medical.respuesta",
	"pk": 706,
	"fields": {
		"pregunta": 12,
		"valor": 1.0
	}
}, {
	"model": "medical.respuesta",
	"pk": 707,
	"fields": {
		"pregunta": 17,
		"valor": 2.0
	}
}, {
	"model": "medical.respuesta",
	"pk": 708,
	"fields": {
		"pregunta": 5,
		"valor": 4.0
	}
}, {
	"model": "medical.respuesta",
	"pk": 709,
	"fields": {
		"pregunta": 19,
		"valor": 3.0
	}
}, {
	"model": "medical.respuesta",
	"pk": 710,
	"fields": {
		"pregunta": 7,
		"valor": 4.0
	}
}, {
	"model": "medical.respuesta",
	"pk": 711,
	"fields": {
		"pregunta": 8,
		"valor": 3.0
	}
}, {
	"model": "medical.respuesta",
	"pk": 712,
	"fields": {
		"pregunta": 21,
		"valor": 4.0
	}
}, {
	"model": "medical.respuesta",
	"pk": 713,
	"fields": {
		"pregunta": 2,
		"valor": 4.0
	}
}, {
	"model": "medical.respuesta",
	"pk": 714,
	"fields": {
		"pregunta": 23,
		"valor": 3.0
	}
}, {
	"model": "medical.respuesta",
	"pk": 715,
	"fields": {
		"pregunta": 4,
		"valor": 4.0
	}
}, {
	"model": "medical.respuesta",
	"pk": 716,
	"fields": {
		"pregunta": 15,
		"valor": 4.0
	}
}, {
	"model": "medical.respuesta",
	"pk": 717,
	"fields": {
		"pregunta": 14,
		"valor": 4.0
	}
}, {
	"model": "medical.respuesta",
	"pk": 718,
	"fields": {
		"pregunta": 16,
		"valor": 3.0
	}
}, {
	"model": "medical.respuesta",
	"pk": 719,
	"fields": {
		"pregunta": 20,
		"valor": 2.0
	}
}, {
	"model": "medical.respuesta",
	"pk": 720,
	"fields": {
		"pregunta": 6,
		"valor": 4.0
	}
}, {
	"model": "medical.respuesta",
	"pk": 721,
	"fields": {
		"pregunta": 11,
		"valor": 2.0
	}
}, {
	"model": "medical.respuesta",
	"pk": 722,
	"fields": {
		"pregunta": 13,
		"valor": 3.0
	}
}, {
	"model": "medical.respuesta",
	"pk": 723,
	"fields": {
		"pregunta": 3,
		"valor": 4.0
	}
}, {
	"model": "medical.respuesta",
	"pk": 724,
	"fields": {
		"pregunta": 9,
		"valor": 2.0
	}
}, {
	"model": "medical.respuesta",
	"pk": 725,
	"fields": {
		"pregunta": 24,
		"valor": 3.0
	}
}, {
	"model": "medical.respuesta",
	"pk": 726,
	"fields": {
		"pregunta": 10,
		"valor": 3.0
	}
}, {
	"model": "medical.respuesta",
	"pk": 727,
	"fields": {
		"pregunta": 18,
		"valor": 4.0
	}
}, {
	"model": "medical.respuesta",
	"pk": 728,
	"fields": {
		"pregunta": 1,
		"valor": 1.0
	}
}, {
	"model": "medical.respuesta",
	"pk": 729,
	"fields": {
		"pregunta": 22,
		"valor": 4.0
	}
}, {
	"model": "medical.respuesta",
	"pk": 730,
	"fields": {
		"pregunta": 12,
		"valor": 4.0
	}
}, {
	"model": "medical.respuesta",
	"pk": 731,
	"fields": {
		"pregunta": 17,
		"valor": 2.0
	}
}, {
	"model": "medical.respuesta",
	"pk": 732,
	"fields": {
		"pregunta": 5,
		"valor": 4.0
	}
}, {
	"model": "medical.respuesta",
	"pk": 733,
	"fields": {
		"pregunta": 19,
		"valor": 4.0
	}
}, {
	"model": "medical.respuesta",
	"pk": 734,
	"fields": {
		"pregunta": 7,
		"valor": 3.0
	}
}, {
	"model": "medical.respuesta",
	"pk": 735,
	"fields": {
		"pregunta": 8,
		"valor": 4.0
	}
}, {
	"model": "medical.respuesta",
	"pk": 736,
	"fields": {
		"pregunta": 21,
		"valor": 3.0
	}
}, {
	"model": "medical.respuesta",
	"pk": 737,
	"fields": {
		"pregunta": 2,
		"valor": 3.0
	}
}, {
	"model": "medical.respuesta",
	"pk": 738,
	"fields": {
		"pregunta": 23,
		"valor": 3.0
	}
}, {
	"model": "medical.respuesta",
	"pk": 739,
	"fields": {
		"pregunta": 4,
		"valor": 4.0
	}
}, {
	"model": "medical.respuesta",
	"pk": 740,
	"fields": {
		"pregunta": 15,
		"valor": 4.0
	}
}, {
	"model": "medical.respuesta",
	"pk": 741,
	"fields": {
		"pregunta": 14,
		"valor": 3.0
	}
}, {
	"model": "medical.respuesta",
	"pk": 742,
	"fields": {
		"pregunta": 16,
		"valor": 3.0
	}
}, {
	"model": "medical.respuesta",
	"pk": 743,
	"fields": {
		"pregunta": 20,
		"valor": 2.0
	}
}, {
	"model": "medical.respuesta",
	"pk": 744,
	"fields": {
		"pregunta": 6,
		"valor": 4.0
	}
}, {
	"model": "medical.respuesta",
	"pk": 745,
	"fields": {
		"pregunta": 11,
		"valor": 3.0
	}
}, {
	"model": "medical.respuesta",
	"pk": 746,
	"fields": {
		"pregunta": 13,
		"valor": 3.0
	}
}, {
	"model": "medical.respuesta",
	"pk": 747,
	"fields": {
		"pregunta": 3,
		"valor": 4.0
	}
}, {
	"model": "medical.respuesta",
	"pk": 748,
	"fields": {
		"pregunta": 9,
		"valor": 3.0
	}
}, {
	"model": "medical.respuesta",
	"pk": 749,
	"fields": {
		"pregunta": 24,
		"valor": 3.0
	}
}, {
	"model": "medical.respuesta",
	"pk": 750,
	"fields": {
		"pregunta": 10,
		"valor": 4.0
	}
}, {
	"model": "medical.respuesta",
	"pk": 751,
	"fields": {
		"pregunta": 18,
		"valor": 3.0
	}
}, {
	"model": "medical.respuesta",
	"pk": 752,
	"fields": {
		"pregunta": 1,
		"valor": 3.0
	}
}, {
	"model": "medical.respuesta",
	"pk": 753,
	"fields": {
		"pregunta": 25,
		"valor": 55.0
	}
}, {
	"model": "medical.respuesta",
	"pk": 754,
	"fields": {
		"pregunta": 26,
		"valor": 96.0
	}
}, {
	"model": "medical.respuesta",
	"pk": 755,
	"fields": {
		"pregunta": 27,
		"valor": 134.8
	}
}, {
	"model": "medical.respuesta",
	"pk": 756,
	"fields": {
		"pregunta": 28,
		"valor": 108.0
	}
}, {
	"model": "medical.respuesta",
	"pk": 757,
	"fields": {
		"pregunta": 22,
		"valor": 4.0
	}
}, {
	"model": "medical.respuesta",
	"pk": 758,
	"fields": {
		"pregunta": 12,
		"valor": 4.0
	}
}, {
	"model": "medical.respuesta",
	"pk": 759,
	"fields": {
		"pregunta": 17,
		"valor": 3.0
	}
}, {
	"model": "medical.respuesta",
	"pk": 760,
	"fields": {
		"pregunta": 5,
		"valor": 3.0
	}
}, {
	"model": "medical.respuesta",
	"pk": 761,
	"fields": {
		"pregunta": 19,
		"valor": 3.0
	}
}, {
	"model": "medical.respuesta",
	"pk": 762,
	"fields": {
		"pregunta": 7,
		"valor": 4.0
	}
}, {
	"model": "medical.respuesta",
	"pk": 763,
	"fields": {
		"pregunta": 8,
		"valor": 4.0
	}
}, {
	"model": "medical.respuesta",
	"pk": 764,
	"fields": {
		"pregunta": 21,
		"valor": 4.0
	}
}, {
	"model": "medical.respuesta",
	"pk": 765,
	"fields": {
		"pregunta": 2,
		"valor": 3.0
	}
}, {
	"model": "medical.respuesta",
	"pk": 766,
	"fields": {
		"pregunta": 23,
		"valor": 4.0
	}
}, {
	"model": "medical.respuesta",
	"pk": 767,
	"fields": {
		"pregunta": 4,
		"valor": 4.0
	}
}, {
	"model": "medical.respuesta",
	"pk": 768,
	"fields": {
		"pregunta": 15,
		"valor": 2.0
	}
}, {
	"model": "medical.respuesta",
	"pk": 769,
	"fields": {
		"pregunta": 14,
		"valor": 3.0
	}
}, {
	"model": "medical.respuesta",
	"pk": 770,
	"fields": {
		"pregunta": 16,
		"valor": 2.0
	}
}, {
	"model": "medical.respuesta",
	"pk": 771,
	"fields": {
		"pregunta": 20,
		"valor": 3.0
	}
}, {
	"model": "medical.respuesta",
	"pk": 772,
	"fields": {
		"pregunta": 6,
		"valor": 4.0
	}
}, {
	"model": "medical.respuesta",
	"pk": 773,
	"fields": {
		"pregunta": 11,
		"valor": 3.0
	}
}, {
	"model": "medical.respuesta",
	"pk": 774,
	"fields": {
		"pregunta": 13,
		"valor": 4.0
	}
}, {
	"model": "medical.respuesta",
	"pk": 775,
	"fields": {
		"pregunta": 3,
		"valor": 3.0
	}
}, {
	"model": "medical.respuesta",
	"pk": 776,
	"fields": {
		"pregunta": 9,
		"valor": 4.0
	}
}, {
	"model": "medical.respuesta",
	"pk": 777,
	"fields": {
		"pregunta": 24,
		"valor": 4.0
	}
}, {
	"model": "medical.respuesta",
	"pk": 778,
	"fields": {
		"pregunta": 10,
		"valor": 3.0
	}
}, {
	"model": "medical.respuesta",
	"pk": 779,
	"fields": {
		"pregunta": 18,
		"valor": 4.0
	}
}, {
	"model": "medical.respuesta",
	"pk": 780,
	"fields": {
		"pregunta": 1,
		"valor": 3.0
	}
}, {
	"model": "medical.respuesta",
	"pk": 781,
	"fields": {
		"pregunta": 25,
		"valor": 39.8
	}
}, {
	"model": "medical.respuesta",
	"pk": 782,
	"fields": {
		"pregunta": 26,
		"valor": 212.0
	}
}, {
	"model": "medical.respuesta",
	"pk": 783,
	"fields": {
		"pregunta": 27,
		"valor": 170.8
	}
}, {
	"model": "medical.respuesta",
	"pk": 784,
	"fields": {
		"pregunta": 28,
		"valor": 120.0
	}
}, {
	"model": "medical.respuesta",
	"pk": 785,
	"fields": {
		"pregunta": 22,
		"valor": 4.0
	}
}, {
	"model": "medical.respuesta",
	"pk": 786,
	"fields": {
		"pregunta": 12,
		"valor": 4.0
	}
}, {
	"model": "medical.respuesta",
	"pk": 787,
	"fields": {
		"pregunta": 17,
		"valor": 4.0
	}
}, {
	"model": "medical.respuesta",
	"pk": 788,
	"fields": {
		"pregunta": 5,
		"valor": 3.0
	}
}, {
	"model": "medical.respuesta",
	"pk": 789,
	"fields": {
		"pregunta": 19,
		"valor": 4.0
	}
}, {
	"model": "medical.respuesta",
	"pk": 790,
	"fields": {
		"pregunta": 7,
		"valor": 4.0
	}
}, {
	"model": "medical.respuesta",
	"pk": 791,
	"fields": {
		"pregunta": 8,
		"valor": 1.0
	}
}, {
	"model": "medical.respuesta",
	"pk": 792,
	"fields": {
		"pregunta": 21,
		"valor": 3.0
	}
}, {
	"model": "medical.respuesta",
	"pk": 793,
	"fields": {
		"pregunta": 2,
		"valor": 3.0
	}
}, {
	"model": "medical.respuesta",
	"pk": 794,
	"fields": {
		"pregunta": 23,
		"valor": 4.0
	}
}, {
	"model": "medical.respuesta",
	"pk": 795,
	"fields": {
		"pregunta": 4,
		"valor": 4.0
	}
}, {
	"model": "medical.respuesta",
	"pk": 796,
	"fields": {
		"pregunta": 15,
		"valor": 3.0
	}
}, {
	"model": "medical.respuesta",
	"pk": 797,
	"fields": {
		"pregunta": 14,
		"valor": 4.0
	}
}, {
	"model": "medical.respuesta",
	"pk": 798,
	"fields": {
		"pregunta": 16,
		"valor": 3.0
	}
}, {
	"model": "medical.respuesta",
	"pk": 799,
	"fields": {
		"pregunta": 20,
		"valor": 3.0
	}
}, {
	"model": "medical.respuesta",
	"pk": 800,
	"fields": {
		"pregunta": 6,
		"valor": 4.0
	}
}, {
	"model": "medical.respuesta",
	"pk": 801,
	"fields": {
		"pregunta": 11,
		"valor": 2.0
	}
}, {
	"model": "medical.respuesta",
	"pk": 802,
	"fields": {
		"pregunta": 13,
		"valor": 4.0
	}
}, {
	"model": "medical.respuesta",
	"pk": 803,
	"fields": {
		"pregunta": 3,
		"valor": 1.0
	}
}, {
	"model": "medical.respuesta",
	"pk": 804,
	"fields": {
		"pregunta": 9,
		"valor": 3.0
	}
}, {
	"model": "medical.respuesta",
	"pk": 805,
	"fields": {
		"pregunta": 24,
		"valor": 4.0
	}
}, {
	"model": "medical.respuesta",
	"pk": 806,
	"fields": {
		"pregunta": 10,
		"valor": 4.0
	}
}, {
	"model": "medical.respuesta",
	"pk": 807,
	"fields": {
		"pregunta": 18,
		"valor": 4.0
	}
}, {
	"model": "medical.respuesta",
	"pk": 808,
	"fields": {
		"pregunta": 1,
		"valor": 3.0
	}
}, {
	"model": "medical.respuesta",
	"pk": 809,
	"fields": {
		"pregunta": 22,
		"valor": 4.0
	}
}, {
	"model": "medical.respuesta",
	"pk": 810,
	"fields": {
		"pregunta": 12,
		"valor": 4.0
	}
}, {
	"model": "medical.respuesta",
	"pk": 811,
	"fields": {
		"pregunta": 17,
		"valor": 4.0
	}
}, {
	"model": "medical.respuesta",
	"pk": 812,
	"fields": {
		"pregunta": 5,
		"valor": 4.0
	}
}, {
	"model": "medical.respuesta",
	"pk": 813,
	"fields": {
		"pregunta": 19,
		"valor": 4.0
	}
}, {
	"model": "medical.respuesta",
	"pk": 814,
	"fields": {
		"pregunta": 7,
		"valor": 4.0
	}
}, {
	"model": "medical.respuesta",
	"pk": 815,
	"fields": {
		"pregunta": 8,
		"valor": 3.0
	}
}, {
	"model": "medical.respuesta",
	"pk": 816,
	"fields": {
		"pregunta": 21,
		"valor": 4.0
	}
}, {
	"model": "medical.respuesta",
	"pk": 817,
	"fields": {
		"pregunta": 2,
		"valor": 4.0
	}
}, {
	"model": "medical.respuesta",
	"pk": 818,
	"fields": {
		"pregunta": 23,
		"valor": 4.0
	}
}, {
	"model": "medical.respuesta",
	"pk": 819,
	"fields": {
		"pregunta": 4,
		"valor": 4.0
	}
}, {
	"model": "medical.respuesta",
	"pk": 820,
	"fields": {
		"pregunta": 15,
		"valor": 1.0
	}
}, {
	"model": "medical.respuesta",
	"pk": 821,
	"fields": {
		"pregunta": 14,
		"valor": 4.0
	}
}, {
	"model": "medical.respuesta",
	"pk": 822,
	"fields": {
		"pregunta": 16,
		"valor": 4.0
	}
}, {
	"model": "medical.respuesta",
	"pk": 823,
	"fields": {
		"pregunta": 20,
		"valor": 1.0
	}
}, {
	"model": "medical.respuesta",
	"pk": 824,
	"fields": {
		"pregunta": 6,
		"valor": 4.0
	}
}, {
	"model": "medical.respuesta",
	"pk": 825,
	"fields": {
		"pregunta": 11,
		"valor": 1.0
	}
}, {
	"model": "medical.respuesta",
	"pk": 826,
	"fields": {
		"pregunta": 13,
		"valor": 4.0
	}
}, {
	"model": "medical.respuesta",
	"pk": 827,
	"fields": {
		"pregunta": 3,
		"valor": 4.0
	}
}, {
	"model": "medical.respuesta",
	"pk": 828,
	"fields": {
		"pregunta": 9,
		"valor": 2.0
	}
}, {
	"model": "medical.respuesta",
	"pk": 829,
	"fields": {
		"pregunta": 24,
		"valor": 4.0
	}
}, {
	"model": "medical.respuesta",
	"pk": 830,
	"fields": {
		"pregunta": 10,
		"valor": 4.0
	}
}, {
	"model": "medical.respuesta",
	"pk": 831,
	"fields": {
		"pregunta": 18,
		"valor": 4.0
	}
}, {
	"model": "medical.respuesta",
	"pk": 832,
	"fields": {
		"pregunta": 1,
		"valor": 4.0
	}
}, {
	"model": "medical.respuesta",
	"pk": 833,
	"fields": {
		"pregunta": 25,
		"valor": 32.2
	}
}, {
	"model": "medical.respuesta",
	"pk": 834,
	"fields": {
		"pregunta": 26,
		"valor": 159.6
	}
}, {
	"model": "medical.respuesta",
	"pk": 835,
	"fields": {
		"pregunta": 27,
		"valor": 89.9
	}
}, {
	"model": "medical.respuesta",
	"pk": 836,
	"fields": {
		"pregunta": 28,
		"valor": 115.0
	}
}, {
	"model": "medical.respuesta",
	"pk": 837,
	"fields": {
		"pregunta": 22,
		"valor": 3.0
	}
}, {
	"model": "medical.respuesta",
	"pk": 838,
	"fields": {
		"pregunta": 12,
		"valor": 3.0
	}
}, {
	"model": "medical.respuesta",
	"pk": 839,
	"fields": {
		"pregunta": 17,
		"valor": 4.0
	}
}, {
	"model": "medical.respuesta",
	"pk": 840,
	"fields": {
		"pregunta": 5,
		"valor": 4.0
	}
}, {
	"model": "medical.respuesta",
	"pk": 841,
	"fields": {
		"pregunta": 19,
		"valor": 3.0
	}
}, {
	"model": "medical.respuesta",
	"pk": 842,
	"fields": {
		"pregunta": 7,
		"valor": 3.0
	}
}, {
	"model": "medical.respuesta",
	"pk": 843,
	"fields": {
		"pregunta": 8,
		"valor": 2.0
	}
}, {
	"model": "medical.respuesta",
	"pk": 844,
	"fields": {
		"pregunta": 21,
		"valor": 3.0
	}
}, {
	"model": "medical.respuesta",
	"pk": 845,
	"fields": {
		"pregunta": 2,
		"valor": 3.0
	}
}, {
	"model": "medical.respuesta",
	"pk": 846,
	"fields": {
		"pregunta": 23,
		"valor": 3.0
	}
}, {
	"model": "medical.respuesta",
	"pk": 847,
	"fields": {
		"pregunta": 4,
		"valor": 4.0
	}
}, {
	"model": "medical.respuesta",
	"pk": 848,
	"fields": {
		"pregunta": 15,
		"valor": 4.0
	}
}, {
	"model": "medical.respuesta",
	"pk": 849,
	"fields": {
		"pregunta": 14,
		"valor": 4.0
	}
}, {
	"model": "medical.respuesta",
	"pk": 850,
	"fields": {
		"pregunta": 16,
		"valor": 4.0
	}
}, {
	"model": "medical.respuesta",
	"pk": 851,
	"fields": {
		"pregunta": 20,
		"valor": 3.0
	}
}, {
	"model": "medical.respuesta",
	"pk": 852,
	"fields": {
		"pregunta": 6,
		"valor": 4.0
	}
}, {
	"model": "medical.respuesta",
	"pk": 853,
	"fields": {
		"pregunta": 11,
		"valor": 3.0
	}
}, {
	"model": "medical.respuesta",
	"pk": 854,
	"fields": {
		"pregunta": 13,
		"valor": 3.0
	}
}, {
	"model": "medical.respuesta",
	"pk": 855,
	"fields": {
		"pregunta": 3,
		"valor": 3.0
	}
}, {
	"model": "medical.respuesta",
	"pk": 856,
	"fields": {
		"pregunta": 9,
		"valor": 3.0
	}
}, {
	"model": "medical.respuesta",
	"pk": 857,
	"fields": {
		"pregunta": 24,
		"valor": 3.0
	}
}, {
	"model": "medical.respuesta",
	"pk": 858,
	"fields": {
		"pregunta": 10,
		"valor": 3.0
	}
}, {
	"model": "medical.respuesta",
	"pk": 859,
	"fields": {
		"pregunta": 18,
		"valor": 3.0
	}
}, {
	"model": "medical.respuesta",
	"pk": 860,
	"fields": {
		"pregunta": 1,
		"valor": 3.0
	}
}, {
	"model": "medical.respuesta",
	"pk": 861,
	"fields": {
		"pregunta": 25,
		"valor": 37.7
	}
}, {
	"model": "medical.respuesta",
	"pk": 862,
	"fields": {
		"pregunta": 26,
		"valor": 78.0
	}
}, {
	"model": "medical.respuesta",
	"pk": 863,
	"fields": {
		"pregunta": 27,
		"valor": 56.7
	}
}, {
	"model": "medical.respuesta",
	"pk": 864,
	"fields": {
		"pregunta": 28,
		"valor": 130.0
	}
}, {
	"model": "medical.respuesta",
	"pk": 865,
	"fields": {
		"pregunta": 22,
		"valor": 4.0
	}
}, {
	"model": "medical.respuesta",
	"pk": 866,
	"fields": {
		"pregunta": 12,
		"valor": 3.0
	}
}, {
	"model": "medical.respuesta",
	"pk": 867,
	"fields": {
		"pregunta": 17,
		"valor": 3.0
	}
}, {
	"model": "medical.respuesta",
	"pk": 868,
	"fields": {
		"pregunta": 5,
		"valor": 3.0
	}
}, {
	"model": "medical.respuesta",
	"pk": 869,
	"fields": {
		"pregunta": 19,
		"valor": 4.0
	}
}, {
	"model": "medical.respuesta",
	"pk": 870,
	"fields": {
		"pregunta": 7,
		"valor": 3.0
	}
}, {
	"model": "medical.respuesta",
	"pk": 871,
	"fields": {
		"pregunta": 8,
		"valor": 3.0
	}
}, {
	"model": "medical.respuesta",
	"pk": 872,
	"fields": {
		"pregunta": 21,
		"valor": 3.0
	}
}, {
	"model": "medical.respuesta",
	"pk": 873,
	"fields": {
		"pregunta": 2,
		"valor": 2.0
	}
}, {
	"model": "medical.respuesta",
	"pk": 874,
	"fields": {
		"pregunta": 23,
		"valor": 3.0
	}
}, {
	"model": "medical.respuesta",
	"pk": 875,
	"fields": {
		"pregunta": 4,
		"valor": 4.0
	}
}, {
	"model": "medical.respuesta",
	"pk": 876,
	"fields": {
		"pregunta": 15,
		"valor": 3.0
	}
}, {
	"model": "medical.respuesta",
	"pk": 877,
	"fields": {
		"pregunta": 14,
		"valor": 4.0
	}
}, {
	"model": "medical.respuesta",
	"pk": 878,
	"fields": {
		"pregunta": 16,
		"valor": 4.0
	}
}, {
	"model": "medical.respuesta",
	"pk": 879,
	"fields": {
		"pregunta": 20,
		"valor": 4.0
	}
}, {
	"model": "medical.respuesta",
	"pk": 880,
	"fields": {
		"pregunta": 6,
		"valor": 4.0
	}
}, {
	"model": "medical.respuesta",
	"pk": 881,
	"fields": {
		"pregunta": 11,
		"valor": 4.0
	}
}, {
	"model": "medical.respuesta",
	"pk": 882,
	"fields": {
		"pregunta": 13,
		"valor": 3.0
	}
}, {
	"model": "medical.respuesta",
	"pk": 883,
	"fields": {
		"pregunta": 3,
		"valor": 3.0
	}
}, {
	"model": "medical.respuesta",
	"pk": 884,
	"fields": {
		"pregunta": 9,
		"valor": 3.0
	}
}, {
	"model": "medical.respuesta",
	"pk": 885,
	"fields": {
		"pregunta": 24,
		"valor": 4.0
	}
}, {
	"model": "medical.respuesta",
	"pk": 886,
	"fields": {
		"pregunta": 10,
		"valor": 2.0
	}
}, {
	"model": "medical.respuesta",
	"pk": 887,
	"fields": {
		"pregunta": 18,
		"valor": 4.0
	}
}, {
	"model": "medical.respuesta",
	"pk": 888,
	"fields": {
		"pregunta": 1,
		"valor": 3.0
	}
}, {
	"model": "medical.respuesta",
	"pk": 889,
	"fields": {
		"pregunta": 22,
		"valor": 3.0
	}
}, {
	"model": "medical.respuesta",
	"pk": 890,
	"fields": {
		"pregunta": 12,
		"valor": 2.0
	}
}, {
	"model": "medical.respuesta",
	"pk": 891,
	"fields": {
		"pregunta": 17,
		"valor": 3.0
	}
}, {
	"model": "medical.respuesta",
	"pk": 892,
	"fields": {
		"pregunta": 5,
		"valor": 4.0
	}
}, {
	"model": "medical.respuesta",
	"pk": 893,
	"fields": {
		"pregunta": 19,
		"valor": 3.0
	}
}, {
	"model": "medical.respuesta",
	"pk": 894,
	"fields": {
		"pregunta": 7,
		"valor": 3.0
	}
}, {
	"model": "medical.respuesta",
	"pk": 895,
	"fields": {
		"pregunta": 8,
		"valor": 2.0
	}
}, {
	"model": "medical.respuesta",
	"pk": 896,
	"fields": {
		"pregunta": 21,
		"valor": 2.0
	}
}, {
	"model": "medical.respuesta",
	"pk": 897,
	"fields": {
		"pregunta": 2,
		"valor": 3.0
	}
}, {
	"model": "medical.respuesta",
	"pk": 898,
	"fields": {
		"pregunta": 23,
		"valor": 4.0
	}
}, {
	"model": "medical.respuesta",
	"pk": 899,
	"fields": {
		"pregunta": 4,
		"valor": 3.0
	}
}, {
	"model": "medical.respuesta",
	"pk": 900,
	"fields": {
		"pregunta": 15,
		"valor": 4.0
	}
}, {
	"model": "medical.respuesta",
	"pk": 901,
	"fields": {
		"pregunta": 14,
		"valor": 4.0
	}
}, {
	"model": "medical.respuesta",
	"pk": 902,
	"fields": {
		"pregunta": 16,
		"valor": 3.0
	}
}, {
	"model": "medical.respuesta",
	"pk": 903,
	"fields": {
		"pregunta": 20,
		"valor": 3.0
	}
}, {
	"model": "medical.respuesta",
	"pk": 904,
	"fields": {
		"pregunta": 6,
		"valor": 4.0
	}
}, {
	"model": "medical.respuesta",
	"pk": 905,
	"fields": {
		"pregunta": 11,
		"valor": 2.0
	}
}, {
	"model": "medical.respuesta",
	"pk": 906,
	"fields": {
		"pregunta": 13,
		"valor": 3.0
	}
}, {
	"model": "medical.respuesta",
	"pk": 907,
	"fields": {
		"pregunta": 3,
		"valor": 3.0
	}
}, {
	"model": "medical.respuesta",
	"pk": 908,
	"fields": {
		"pregunta": 9,
		"valor": 4.0
	}
}, {
	"model": "medical.respuesta",
	"pk": 909,
	"fields": {
		"pregunta": 24,
		"valor": 3.0
	}
}, {
	"model": "medical.respuesta",
	"pk": 910,
	"fields": {
		"pregunta": 10,
		"valor": 3.0
	}
}, {
	"model": "medical.respuesta",
	"pk": 911,
	"fields": {
		"pregunta": 18,
		"valor": 3.0
	}
}, {
	"model": "medical.respuesta",
	"pk": 912,
	"fields": {
		"pregunta": 1,
		"valor": 3.0
	}
}, {
	"model": "medical.respuesta",
	"pk": 913,
	"fields": {
		"pregunta": 25,
		"valor": 55.7
	}
}, {
	"model": "medical.respuesta",
	"pk": 914,
	"fields": {
		"pregunta": 26,
		"valor": 62.0
	}
}, {
	"model": "medical.respuesta",
	"pk": 915,
	"fields": {
		"pregunta": 27,
		"valor": 96.9
	}
}, {
	"model": "medical.respuesta",
	"pk": 916,
	"fields": {
		"pregunta": 28,
		"valor": 120.0
	}
}, {
	"model": "medical.respuesta",
	"pk": 917,
	"fields": {
		"pregunta": 22,
		"valor": 3.0
	}
}, {
	"model": "medical.respuesta",
	"pk": 918,
	"fields": {
		"pregunta": 12,
		"valor": 3.0
	}
}, {
	"model": "medical.respuesta",
	"pk": 919,
	"fields": {
		"pregunta": 17,
		"valor": 3.0
	}
}, {
	"model": "medical.respuesta",
	"pk": 920,
	"fields": {
		"pregunta": 5,
		"valor": 3.0
	}
}, {
	"model": "medical.respuesta",
	"pk": 921,
	"fields": {
		"pregunta": 19,
		"valor": 3.0
	}
}, {
	"model": "medical.respuesta",
	"pk": 922,
	"fields": {
		"pregunta": 7,
		"valor": 2.0
	}
}, {
	"model": "medical.respuesta",
	"pk": 923,
	"fields": {
		"pregunta": 8,
		"valor": 3.0
	}
}, {
	"model": "medical.respuesta",
	"pk": 924,
	"fields": {
		"pregunta": 21,
		"valor": 3.0
	}
}, {
	"model": "medical.respuesta",
	"pk": 925,
	"fields": {
		"pregunta": 2,
		"valor": 3.0
	}
}, {
	"model": "medical.respuesta",
	"pk": 926,
	"fields": {
		"pregunta": 23,
		"valor": 3.0
	}
}, {
	"model": "medical.respuesta",
	"pk": 927,
	"fields": {
		"pregunta": 4,
		"valor": 3.0
	}
}, {
	"model": "medical.respuesta",
	"pk": 928,
	"fields": {
		"pregunta": 15,
		"valor": 3.0
	}
}, {
	"model": "medical.respuesta",
	"pk": 929,
	"fields": {
		"pregunta": 14,
		"valor": 3.0
	}
}, {
	"model": "medical.respuesta",
	"pk": 930,
	"fields": {
		"pregunta": 16,
		"valor": 4.0
	}
}, {
	"model": "medical.respuesta",
	"pk": 931,
	"fields": {
		"pregunta": 20,
		"valor": 4.0
	}
}, {
	"model": "medical.respuesta",
	"pk": 932,
	"fields": {
		"pregunta": 6,
		"valor": 4.0
	}
}, {
	"model": "medical.respuesta",
	"pk": 933,
	"fields": {
		"pregunta": 11,
		"valor": 1.0
	}
}, {
	"model": "medical.respuesta",
	"pk": 934,
	"fields": {
		"pregunta": 13,
		"valor": 3.0
	}
}, {
	"model": "medical.respuesta",
	"pk": 935,
	"fields": {
		"pregunta": 3,
		"valor": 3.0
	}
}, {
	"model": "medical.respuesta",
	"pk": 936,
	"fields": {
		"pregunta": 9,
		"valor": 3.0
	}
}, {
	"model": "medical.respuesta",
	"pk": 937,
	"fields": {
		"pregunta": 24,
		"valor": 3.0
	}
}, {
	"model": "medical.respuesta",
	"pk": 938,
	"fields": {
		"pregunta": 10,
		"valor": 2.0
	}
}, {
	"model": "medical.respuesta",
	"pk": 939,
	"fields": {
		"pregunta": 18,
		"valor": 3.0
	}
}, {
	"model": "medical.respuesta",
	"pk": 940,
	"fields": {
		"pregunta": 1,
		"valor": 3.0
	}
}, {
	"model": "medical.respuesta",
	"pk": 941,
	"fields": {
		"pregunta": 22,
		"valor": 4.0
	}
}, {
	"model": "medical.respuesta",
	"pk": 942,
	"fields": {
		"pregunta": 12,
		"valor": 4.0
	}
}, {
	"model": "medical.respuesta",
	"pk": 943,
	"fields": {
		"pregunta": 17,
		"valor": 1.0
	}
}, {
	"model": "medical.respuesta",
	"pk": 944,
	"fields": {
		"pregunta": 5,
		"valor": 3.0
	}
}, {
	"model": "medical.respuesta",
	"pk": 945,
	"fields": {
		"pregunta": 19,
		"valor": 4.0
	}
}, {
	"model": "medical.respuesta",
	"pk": 946,
	"fields": {
		"pregunta": 7,
		"valor": 4.0
	}
}, {
	"model": "medical.respuesta",
	"pk": 947,
	"fields": {
		"pregunta": 8,
		"valor": 4.0
	}
}, {
	"model": "medical.respuesta",
	"pk": 948,
	"fields": {
		"pregunta": 21,
		"valor": 4.0
	}
}, {
	"model": "medical.respuesta",
	"pk": 949,
	"fields": {
		"pregunta": 2,
		"valor": 1.0
	}
}, {
	"model": "medical.respuesta",
	"pk": 950,
	"fields": {
		"pregunta": 23,
		"valor": 4.0
	}
}, {
	"model": "medical.respuesta",
	"pk": 951,
	"fields": {
		"pregunta": 4,
		"valor": 4.0
	}
}, {
	"model": "medical.respuesta",
	"pk": 952,
	"fields": {
		"pregunta": 15,
		"valor": 1.0
	}
}, {
	"model": "medical.respuesta",
	"pk": 953,
	"fields": {
		"pregunta": 14,
		"valor": 4.0
	}
}, {
	"model": "medical.respuesta",
	"pk": 954,
	"fields": {
		"pregunta": 16,
		"valor": 3.0
	}
}, {
	"model": "medical.respuesta",
	"pk": 955,
	"fields": {
		"pregunta": 20,
		"valor": 1.0
	}
}, {
	"model": "medical.respuesta",
	"pk": 956,
	"fields": {
		"pregunta": 6,
		"valor": 4.0
	}
}, {
	"model": "medical.respuesta",
	"pk": 957,
	"fields": {
		"pregunta": 11,
		"valor": 4.0
	}
}, {
	"model": "medical.respuesta",
	"pk": 958,
	"fields": {
		"pregunta": 13,
		"valor": 4.0
	}
}, {
	"model": "medical.respuesta",
	"pk": 959,
	"fields": {
		"pregunta": 3,
		"valor": 1.0
	}
}, {
	"model": "medical.respuesta",
	"pk": 960,
	"fields": {
		"pregunta": 9,
		"valor": 3.0
	}
}, {
	"model": "medical.respuesta",
	"pk": 961,
	"fields": {
		"pregunta": 24,
		"valor": 4.0
	}
}, {
	"model": "medical.respuesta",
	"pk": 962,
	"fields": {
		"pregunta": 10,
		"valor": 4.0
	}
}, {
	"model": "medical.respuesta",
	"pk": 963,
	"fields": {
		"pregunta": 18,
		"valor": 4.0
	}
}, {
	"model": "medical.respuesta",
	"pk": 964,
	"fields": {
		"pregunta": 1,
		"valor": 1.0
	}
}, {
	"model": "medical.respuesta",
	"pk": 965,
	"fields": {
		"pregunta": 25,
		"valor": 41.6
	}
}, {
	"model": "medical.respuesta",
	"pk": 966,
	"fields": {
		"pregunta": 26,
		"valor": 135.0
	}
}, {
	"model": "medical.respuesta",
	"pk": 967,
	"fields": {
		"pregunta": 27,
		"valor": 118.0
	}
}, {
	"model": "medical.respuesta",
	"pk": 968,
	"fields": {
		"pregunta": 28,
		"valor": 130.0
	}
}, {
	"model": "medical.respuesta",
	"pk": 969,
	"fields": {
		"pregunta": 22,
		"valor": 4.0
	}
}, {
	"model": "medical.respuesta",
	"pk": 970,
	"fields": {
		"pregunta": 12,
		"valor": 4.0
	}
}, {
	"model": "medical.respuesta",
	"pk": 971,
	"fields": {
		"pregunta": 17,
		"valor": 4.0
	}
}, {
	"model": "medical.respuesta",
	"pk": 972,
	"fields": {
		"pregunta": 5,
		"valor": 3.0
	}
}, {
	"model": "medical.respuesta",
	"pk": 973,
	"fields": {
		"pregunta": 19,
		"valor": 3.0
	}
}, {
	"model": "medical.respuesta",
	"pk": 974,
	"fields": {
		"pregunta": 7,
		"valor": 4.0
	}
}, {
	"model": "medical.respuesta",
	"pk": 975,
	"fields": {
		"pregunta": 8,
		"valor": 1.0
	}
}, {
	"model": "medical.respuesta",
	"pk": 976,
	"fields": {
		"pregunta": 21,
		"valor": 3.0
	}
}, {
	"model": "medical.respuesta",
	"pk": 977,
	"fields": {
		"pregunta": 2,
		"valor": 3.0
	}
}, {
	"model": "medical.respuesta",
	"pk": 978,
	"fields": {
		"pregunta": 23,
		"valor": 3.0
	}
}, {
	"model": "medical.respuesta",
	"pk": 979,
	"fields": {
		"pregunta": 4,
		"valor": 4.0
	}
}, {
	"model": "medical.respuesta",
	"pk": 980,
	"fields": {
		"pregunta": 15,
		"valor": 4.0
	}
}, {
	"model": "medical.respuesta",
	"pk": 981,
	"fields": {
		"pregunta": 14,
		"valor": 4.0
	}
}, {
	"model": "medical.respuesta",
	"pk": 982,
	"fields": {
		"pregunta": 16,
		"valor": 3.0
	}
}, {
	"model": "medical.respuesta",
	"pk": 983,
	"fields": {
		"pregunta": 20,
		"valor": 3.0
	}
}, {
	"model": "medical.respuesta",
	"pk": 984,
	"fields": {
		"pregunta": 6,
		"valor": 4.0
	}
}, {
	"model": "medical.respuesta",
	"pk": 985,
	"fields": {
		"pregunta": 11,
		"valor": 1.0
	}
}, {
	"model": "medical.respuesta",
	"pk": 986,
	"fields": {
		"pregunta": 13,
		"valor": 4.0
	}
}, {
	"model": "medical.respuesta",
	"pk": 987,
	"fields": {
		"pregunta": 3,
		"valor": 4.0
	}
}, {
	"model": "medical.respuesta",
	"pk": 988,
	"fields": {
		"pregunta": 9,
		"valor": 2.0
	}
}, {
	"model": "medical.respuesta",
	"pk": 989,
	"fields": {
		"pregunta": 24,
		"valor": 4.0
	}
}, {
	"model": "medical.respuesta",
	"pk": 990,
	"fields": {
		"pregunta": 10,
		"valor": 4.0
	}
}, {
	"model": "medical.respuesta",
	"pk": 991,
	"fields": {
		"pregunta": 18,
		"valor": 3.0
	}
}, {
	"model": "medical.respuesta",
	"pk": 992,
	"fields": {
		"pregunta": 1,
		"valor": 3.0
	}
}, {
	"model": "medical.respuesta",
	"pk": 993,
	"fields": {
		"pregunta": 22,
		"valor": 3.0
	}
}, {
	"model": "medical.respuesta",
	"pk": 994,
	"fields": {
		"pregunta": 12,
		"valor": 4.0
	}
}, {
	"model": "medical.respuesta",
	"pk": 995,
	"fields": {
		"pregunta": 17,
		"valor": 2.0
	}
}, {
	"model": "medical.respuesta",
	"pk": 996,
	"fields": {
		"pregunta": 5,
		"valor": 4.0
	}
}, {
	"model": "medical.respuesta",
	"pk": 997,
	"fields": {
		"pregunta": 19,
		"valor": 4.0
	}
}, {
	"model": "medical.respuesta",
	"pk": 998,
	"fields": {
		"pregunta": 7,
		"valor": 3.0
	}
}, {
	"model": "medical.respuesta",
	"pk": 999,
	"fields": {
		"pregunta": 8,
		"valor": 2.0
	}
}, {
	"model": "medical.respuesta",
	"pk": 1000,
	"fields": {
		"pregunta": 21,
		"valor": 4.0
	}
}, {
	"model": "medical.respuesta",
	"pk": 1001,
	"fields": {
		"pregunta": 2,
		"valor": 3.0
	}
}, {
	"model": "medical.respuesta",
	"pk": 1002,
	"fields": {
		"pregunta": 23,
		"valor": 3.0
	}
}, {
	"model": "medical.respuesta",
	"pk": 1003,
	"fields": {
		"pregunta": 4,
		"valor": 3.0
	}
}, {
	"model": "medical.respuesta",
	"pk": 1004,
	"fields": {
		"pregunta": 15,
		"valor": 3.0
	}
}, {
	"model": "medical.respuesta",
	"pk": 1005,
	"fields": {
		"pregunta": 14,
		"valor": 4.0
	}
}, {
	"model": "medical.respuesta",
	"pk": 1006,
	"fields": {
		"pregunta": 16,
		"valor": 4.0
	}
}, {
	"model": "medical.respuesta",
	"pk": 1007,
	"fields": {
		"pregunta": 20,
		"valor": 4.0
	}
}, {
	"model": "medical.respuesta",
	"pk": 1008,
	"fields": {
		"pregunta": 6,
		"valor": 4.0
	}
}, {
	"model": "medical.respuesta",
	"pk": 1009,
	"fields": {
		"pregunta": 11,
		"valor": 4.0
	}
}, {
	"model": "medical.respuesta",
	"pk": 1010,
	"fields": {
		"pregunta": 13,
		"valor": 3.0
	}
}, {
	"model": "medical.respuesta",
	"pk": 1011,
	"fields": {
		"pregunta": 3,
		"valor": 3.0
	}
}, {
	"model": "medical.respuesta",
	"pk": 1012,
	"fields": {
		"pregunta": 9,
		"valor": 2.0
	}
}, {
	"model": "medical.respuesta",
	"pk": 1013,
	"fields": {
		"pregunta": 24,
		"valor": 3.0
	}
}, {
	"model": "medical.respuesta",
	"pk": 1014,
	"fields": {
		"pregunta": 10,
		"valor": 4.0
	}
}, {
	"model": "medical.respuesta",
	"pk": 1015,
	"fields": {
		"pregunta": 18,
		"valor": 4.0
	}
}, {
	"model": "medical.respuesta",
	"pk": 1016,
	"fields": {
		"pregunta": 1,
		"valor": 4.0
	}
}, {
	"model": "medical.respuesta",
	"pk": 1017,
	"fields": {
		"pregunta": 25,
		"valor": 35.3
	}
}, {
	"model": "medical.respuesta",
	"pk": 1018,
	"fields": {
		"pregunta": 26,
		"valor": 158.0
	}
}, {
	"model": "medical.respuesta",
	"pk": 1019,
	"fields": {
		"pregunta": 27,
		"valor": 60.0
	}
}, {
	"model": "medical.respuesta",
	"pk": 1020,
	"fields": {
		"pregunta": 28,
		"valor": 110.0
	}
}, {
	"model": "medical.respuesta",
	"pk": 1021,
	"fields": {
		"pregunta": 22,
		"valor": 4.0
	}
}, {
	"model": "medical.respuesta",
	"pk": 1022,
	"fields": {
		"pregunta": 12,
		"valor": 4.0
	}
}, {
	"model": "medical.respuesta",
	"pk": 1023,
	"fields": {
		"pregunta": 17,
		"valor": 3.0
	}
}, {
	"model": "medical.respuesta",
	"pk": 1024,
	"fields": {
		"pregunta": 5,
		"valor": 3.0
	}
}, {
	"model": "medical.respuesta",
	"pk": 1025,
	"fields": {
		"pregunta": 19,
		"valor": 4.0
	}
}, {
	"model": "medical.respuesta",
	"pk": 1026,
	"fields": {
		"pregunta": 7,
		"valor": 4.0
	}
}, {
	"model": "medical.respuesta",
	"pk": 1027,
	"fields": {
		"pregunta": 8,
		"valor": 4.0
	}
}, {
	"model": "medical.respuesta",
	"pk": 1028,
	"fields": {
		"pregunta": 21,
		"valor": 4.0
	}
}, {
	"model": "medical.respuesta",
	"pk": 1029,
	"fields": {
		"pregunta": 2,
		"valor": 3.0
	}
}, {
	"model": "medical.respuesta",
	"pk": 1030,
	"fields": {
		"pregunta": 23,
		"valor": 3.0
	}
}, {
	"model": "medical.respuesta",
	"pk": 1031,
	"fields": {
		"pregunta": 4,
		"valor": 4.0
	}
}, {
	"model": "medical.respuesta",
	"pk": 1032,
	"fields": {
		"pregunta": 15,
		"valor": 3.0
	}
}, {
	"model": "medical.respuesta",
	"pk": 1033,
	"fields": {
		"pregunta": 14,
		"valor": 4.0
	}
}, {
	"model": "medical.respuesta",
	"pk": 1034,
	"fields": {
		"pregunta": 16,
		"valor": 3.0
	}
}, {
	"model": "medical.respuesta",
	"pk": 1035,
	"fields": {
		"pregunta": 20,
		"valor": 2.0
	}
}, {
	"model": "medical.respuesta",
	"pk": 1036,
	"fields": {
		"pregunta": 6,
		"valor": 4.0
	}
}, {
	"model": "medical.respuesta",
	"pk": 1037,
	"fields": {
		"pregunta": 11,
		"valor": 3.0
	}
}, {
	"model": "medical.respuesta",
	"pk": 1038,
	"fields": {
		"pregunta": 13,
		"valor": 4.0
	}
}, {
	"model": "medical.respuesta",
	"pk": 1039,
	"fields": {
		"pregunta": 3,
		"valor": 4.0
	}
}, {
	"model": "medical.respuesta",
	"pk": 1040,
	"fields": {
		"pregunta": 9,
		"valor": 3.0
	}
}, {
	"model": "medical.respuesta",
	"pk": 1041,
	"fields": {
		"pregunta": 24,
		"valor": 4.0
	}
}, {
	"model": "medical.respuesta",
	"pk": 1042,
	"fields": {
		"pregunta": 10,
		"valor": 3.0
	}
}, {
	"model": "medical.respuesta",
	"pk": 1043,
	"fields": {
		"pregunta": 18,
		"valor": 4.0
	}
}, {
	"model": "medical.respuesta",
	"pk": 1044,
	"fields": {
		"pregunta": 1,
		"valor": 3.0
	}
}, {
	"model": "medical.respuesta",
	"pk": 1045,
	"fields": {
		"pregunta": 25,
		"valor": 33.0
	}
}, {
	"model": "medical.respuesta",
	"pk": 1046,
	"fields": {
		"pregunta": 26,
		"valor": 179.0
	}
}, {
	"model": "medical.respuesta",
	"pk": 1047,
	"fields": {
		"pregunta": 27,
		"valor": 96.2
	}
}, {
	"model": "medical.respuesta",
	"pk": 1048,
	"fields": {
		"pregunta": 28,
		"valor": 122.0
	}
}, {
	"model": "medical.respuesta",
	"pk": 1049,
	"fields": {
		"pregunta": 22,
		"valor": 4.0
	}
}, {
	"model": "medical.respuesta",
	"pk": 1050,
	"fields": {
		"pregunta": 12,
		"valor": 4.0
	}
}, {
	"model": "medical.respuesta",
	"pk": 1051,
	"fields": {
		"pregunta": 17,
		"valor": 3.0
	}
}, {
	"model": "medical.respuesta",
	"pk": 1052,
	"fields": {
		"pregunta": 5,
		"valor": 4.0
	}
}, {
	"model": "medical.respuesta",
	"pk": 1053,
	"fields": {
		"pregunta": 19,
		"valor": 4.0
	}
}, {
	"model": "medical.respuesta",
	"pk": 1054,
	"fields": {
		"pregunta": 7,
		"valor": 3.0
	}
}, {
	"model": "medical.respuesta",
	"pk": 1055,
	"fields": {
		"pregunta": 8,
		"valor": 4.0
	}
}, {
	"model": "medical.respuesta",
	"pk": 1056,
	"fields": {
		"pregunta": 21,
		"valor": 4.0
	}
}, {
	"model": "medical.respuesta",
	"pk": 1057,
	"fields": {
		"pregunta": 2,
		"valor": 4.0
	}
}, {
	"model": "medical.respuesta",
	"pk": 1058,
	"fields": {
		"pregunta": 23,
		"valor": 3.0
	}
}, {
	"model": "medical.respuesta",
	"pk": 1059,
	"fields": {
		"pregunta": 4,
		"valor": 4.0
	}
}, {
	"model": "medical.respuesta",
	"pk": 1060,
	"fields": {
		"pregunta": 15,
		"valor": 4.0
	}
}, {
	"model": "medical.respuesta",
	"pk": 1061,
	"fields": {
		"pregunta": 14,
		"valor": 4.0
	}
}, {
	"model": "medical.respuesta",
	"pk": 1062,
	"fields": {
		"pregunta": 16,
		"valor": 3.0
	}
}, {
	"model": "medical.respuesta",
	"pk": 1063,
	"fields": {
		"pregunta": 20,
		"valor": 4.0
	}
}, {
	"model": "medical.respuesta",
	"pk": 1064,
	"fields": {
		"pregunta": 6,
		"valor": 4.0
	}
}, {
	"model": "medical.respuesta",
	"pk": 1065,
	"fields": {
		"pregunta": 11,
		"valor": 4.0
	}
}, {
	"model": "medical.respuesta",
	"pk": 1066,
	"fields": {
		"pregunta": 13,
		"valor": 4.0
	}
}, {
	"model": "medical.respuesta",
	"pk": 1067,
	"fields": {
		"pregunta": 3,
		"valor": 4.0
	}
}, {
	"model": "medical.respuesta",
	"pk": 1068,
	"fields": {
		"pregunta": 9,
		"valor": 4.0
	}
}, {
	"model": "medical.respuesta",
	"pk": 1069,
	"fields": {
		"pregunta": 24,
		"valor": 3.0
	}
}, {
	"model": "medical.respuesta",
	"pk": 1070,
	"fields": {
		"pregunta": 10,
		"valor": 3.0
	}
}, {
	"model": "medical.respuesta",
	"pk": 1071,
	"fields": {
		"pregunta": 18,
		"valor": 3.0
	}
}, {
	"model": "medical.respuesta",
	"pk": 1072,
	"fields": {
		"pregunta": 1,
		"valor": 4.0
	}
}, {
	"model": "medical.respuesta",
	"pk": 1073,
	"fields": {
		"pregunta": 25,
		"valor": 53.9
	}
}, {
	"model": "medical.respuesta",
	"pk": 1074,
	"fields": {
		"pregunta": 26,
		"valor": 104.7
	}
}, {
	"model": "medical.respuesta",
	"pk": 1075,
	"fields": {
		"pregunta": 27,
		"valor": 155.9
	}
}, {
	"model": "medical.respuesta",
	"pk": 1076,
	"fields": {
		"pregunta": 28,
		"valor": 118.0
	}
}, {
	"model": "medical.respuesta",
	"pk": 1077,
	"fields": {
		"pregunta": 22,
		"valor": 2.0
	}
}, {
	"model": "medical.respuesta",
	"pk": 1078,
	"fields": {
		"pregunta": 12,
		"valor": 1.0
	}
}, {
	"model": "medical.respuesta",
	"pk": 1079,
	"fields": {
		"pregunta": 17,
		"valor": 2.0
	}
}, {
	"model": "medical.respuesta",
	"pk": 1080,
	"fields": {
		"pregunta": 5,
		"valor": 4.0
	}
}, {
	"model": "medical.respuesta",
	"pk": 1081,
	"fields": {
		"pregunta": 19,
		"valor": 3.0
	}
}, {
	"model": "medical.respuesta",
	"pk": 1082,
	"fields": {
		"pregunta": 7,
		"valor": 3.0
	}
}, {
	"model": "medical.respuesta",
	"pk": 1083,
	"fields": {
		"pregunta": 8,
		"valor": 4.0
	}
}, {
	"model": "medical.respuesta",
	"pk": 1084,
	"fields": {
		"pregunta": 21,
		"valor": 2.0
	}
}, {
	"model": "medical.respuesta",
	"pk": 1085,
	"fields": {
		"pregunta": 2,
		"valor": 3.0
	}
}, {
	"model": "medical.respuesta",
	"pk": 1086,
	"fields": {
		"pregunta": 23,
		"valor": 4.0
	}
}, {
	"model": "medical.respuesta",
	"pk": 1087,
	"fields": {
		"pregunta": 4,
		"valor": 3.0
	}
}, {
	"model": "medical.respuesta",
	"pk": 1088,
	"fields": {
		"pregunta": 15,
		"valor": 4.0
	}
}, {
	"model": "medical.respuesta",
	"pk": 1089,
	"fields": {
		"pregunta": 14,
		"valor": 4.0
	}
}, {
	"model": "medical.respuesta",
	"pk": 1090,
	"fields": {
		"pregunta": 16,
		"valor": 4.0
	}
}, {
	"model": "medical.respuesta",
	"pk": 1091,
	"fields": {
		"pregunta": 20,
		"valor": 4.0
	}
}, {
	"model": "medical.respuesta",
	"pk": 1092,
	"fields": {
		"pregunta": 6,
		"valor": 4.0
	}
}, {
	"model": "medical.respuesta",
	"pk": 1093,
	"fields": {
		"pregunta": 11,
		"valor": 4.0
	}
}, {
	"model": "medical.respuesta",
	"pk": 1094,
	"fields": {
		"pregunta": 13,
		"valor": 4.0
	}
}, {
	"model": "medical.respuesta",
	"pk": 1095,
	"fields": {
		"pregunta": 3,
		"valor": 1.0
	}
}, {
	"model": "medical.respuesta",
	"pk": 1096,
	"fields": {
		"pregunta": 9,
		"valor": 4.0
	}
}, {
	"model": "medical.respuesta",
	"pk": 1097,
	"fields": {
		"pregunta": 24,
		"valor": 3.0
	}
}, {
	"model": "medical.respuesta",
	"pk": 1098,
	"fields": {
		"pregunta": 10,
		"valor": 3.0
	}
}, {
	"model": "medical.respuesta",
	"pk": 1099,
	"fields": {
		"pregunta": 18,
		"valor": 4.0
	}
}, {
	"model": "medical.respuesta",
	"pk": 1100,
	"fields": {
		"pregunta": 1,
		"valor": 4.0
	}
}, {
	"model": "medical.respuesta",
	"pk": 1101,
	"fields": {
		"pregunta": 25,
		"valor": 39.06
	}
}, {
	"model": "medical.respuesta",
	"pk": 1102,
	"fields": {
		"pregunta": 26,
		"valor": 120.0
	}
}, {
	"model": "medical.respuesta",
	"pk": 1103,
	"fields": {
		"pregunta": 27,
		"valor": 104.94
	}
}, {
	"model": "medical.respuesta",
	"pk": 1104,
	"fields": {
		"pregunta": 28,
		"valor": 130.0
	}
}, {
	"model": "medical.respuesta",
	"pk": 1105,
	"fields": {
		"pregunta": 22,
		"valor": 3.0
	}
}, {
	"model": "medical.respuesta",
	"pk": 1106,
	"fields": {
		"pregunta": 12,
		"valor": 3.0
	}
}, {
	"model": "medical.respuesta",
	"pk": 1107,
	"fields": {
		"pregunta": 17,
		"valor": 3.0
	}
}, {
	"model": "medical.respuesta",
	"pk": 1108,
	"fields": {
		"pregunta": 5,
		"valor": 3.0
	}
}, {
	"model": "medical.respuesta",
	"pk": 1109,
	"fields": {
		"pregunta": 19,
		"valor": 3.0
	}
}, {
	"model": "medical.respuesta",
	"pk": 1110,
	"fields": {
		"pregunta": 7,
		"valor": 3.0
	}
}, {
	"model": "medical.respuesta",
	"pk": 1111,
	"fields": {
		"pregunta": 8,
		"valor": 2.0
	}
}, {
	"model": "medical.respuesta",
	"pk": 1112,
	"fields": {
		"pregunta": 21,
		"valor": 4.0
	}
}, {
	"model": "medical.respuesta",
	"pk": 1113,
	"fields": {
		"pregunta": 2,
		"valor": 2.0
	}
}, {
	"model": "medical.respuesta",
	"pk": 1114,
	"fields": {
		"pregunta": 23,
		"valor": 3.0
	}
}, {
	"model": "medical.respuesta",
	"pk": 1115,
	"fields": {
		"pregunta": 4,
		"valor": 4.0
	}
}, {
	"model": "medical.respuesta",
	"pk": 1116,
	"fields": {
		"pregunta": 15,
		"valor": 4.0
	}
}, {
	"model": "medical.respuesta",
	"pk": 1117,
	"fields": {
		"pregunta": 14,
		"valor": 4.0
	}
}, {
	"model": "medical.respuesta",
	"pk": 1118,
	"fields": {
		"pregunta": 16,
		"valor": 3.0
	}
}, {
	"model": "medical.respuesta",
	"pk": 1119,
	"fields": {
		"pregunta": 20,
		"valor": 3.0
	}
}, {
	"model": "medical.respuesta",
	"pk": 1120,
	"fields": {
		"pregunta": 6,
		"valor": 4.0
	}
}, {
	"model": "medical.respuesta",
	"pk": 1121,
	"fields": {
		"pregunta": 11,
		"valor": 2.0
	}
}, {
	"model": "medical.respuesta",
	"pk": 1122,
	"fields": {
		"pregunta": 13,
		"valor": 2.0
	}
}, {
	"model": "medical.respuesta",
	"pk": 1123,
	"fields": {
		"pregunta": 3,
		"valor": 3.0
	}
}, {
	"model": "medical.respuesta",
	"pk": 1124,
	"fields": {
		"pregunta": 9,
		"valor": 3.0
	}
}, {
	"model": "medical.respuesta",
	"pk": 1125,
	"fields": {
		"pregunta": 24,
		"valor": 3.0
	}
}, {
	"model": "medical.respuesta",
	"pk": 1126,
	"fields": {
		"pregunta": 10,
		"valor": 3.0
	}
}, {
	"model": "medical.respuesta",
	"pk": 1127,
	"fields": {
		"pregunta": 18,
		"valor": 4.0
	}
}, {
	"model": "medical.respuesta",
	"pk": 1128,
	"fields": {
		"pregunta": 1,
		"valor": 3.0
	}
}, {
	"model": "medical.respuesta",
	"pk": 1129,
	"fields": {
		"pregunta": 25,
		"valor": 60.6
	}
}, {
	"model": "medical.respuesta",
	"pk": 1130,
	"fields": {
		"pregunta": 26,
		"valor": 273.0
	}
}, {
	"model": "medical.respuesta",
	"pk": 1131,
	"fields": {
		"pregunta": 27,
		"valor": 73.8
	}
}, {
	"model": "medical.respuesta",
	"pk": 1132,
	"fields": {
		"pregunta": 28,
		"valor": 110.0
	}
}, {
	"model": "medical.respuesta",
	"pk": 1133,
	"fields": {
		"pregunta": 22,
		"valor": 4.0
	}
}, {
	"model": "medical.respuesta",
	"pk": 1134,
	"fields": {
		"pregunta": 12,
		"valor": 4.0
	}
}, {
	"model": "medical.respuesta",
	"pk": 1135,
	"fields": {
		"pregunta": 17,
		"valor": 4.0
	}
}, {
	"model": "medical.respuesta",
	"pk": 1136,
	"fields": {
		"pregunta": 5,
		"valor": 4.0
	}
}, {
	"model": "medical.respuesta",
	"pk": 1137,
	"fields": {
		"pregunta": 19,
		"valor": 4.0
	}
}, {
	"model": "medical.respuesta",
	"pk": 1138,
	"fields": {
		"pregunta": 7,
		"valor": 4.0
	}
}, {
	"model": "medical.respuesta",
	"pk": 1139,
	"fields": {
		"pregunta": 8,
		"valor": 1.0
	}
}, {
	"model": "medical.respuesta",
	"pk": 1140,
	"fields": {
		"pregunta": 21,
		"valor": 4.0
	}
}, {
	"model": "medical.respuesta",
	"pk": 1141,
	"fields": {
		"pregunta": 2,
		"valor": 4.0
	}
}, {
	"model": "medical.respuesta",
	"pk": 1142,
	"fields": {
		"pregunta": 23,
		"valor": 4.0
	}
}, {
	"model": "medical.respuesta",
	"pk": 1143,
	"fields": {
		"pregunta": 4,
		"valor": 4.0
	}
}, {
	"model": "medical.respuesta",
	"pk": 1144,
	"fields": {
		"pregunta": 15,
		"valor": 4.0
	}
}, {
	"model": "medical.respuesta",
	"pk": 1145,
	"fields": {
		"pregunta": 14,
		"valor": 4.0
	}
}, {
	"model": "medical.respuesta",
	"pk": 1146,
	"fields": {
		"pregunta": 16,
		"valor": 4.0
	}
}, {
	"model": "medical.respuesta",
	"pk": 1147,
	"fields": {
		"pregunta": 20,
		"valor": 4.0
	}
}, {
	"model": "medical.respuesta",
	"pk": 1148,
	"fields": {
		"pregunta": 6,
		"valor": 4.0
	}
}, {
	"model": "medical.respuesta",
	"pk": 1149,
	"fields": {
		"pregunta": 11,
		"valor": 3.0
	}
}, {
	"model": "medical.respuesta",
	"pk": 1150,
	"fields": {
		"pregunta": 13,
		"valor": 4.0
	}
}, {
	"model": "medical.respuesta",
	"pk": 1151,
	"fields": {
		"pregunta": 3,
		"valor": 4.0
	}
}, {
	"model": "medical.respuesta",
	"pk": 1152,
	"fields": {
		"pregunta": 9,
		"valor": 1.0
	}
}, {
	"model": "medical.respuesta",
	"pk": 1153,
	"fields": {
		"pregunta": 24,
		"valor": 4.0
	}
}, {
	"model": "medical.respuesta",
	"pk": 1154,
	"fields": {
		"pregunta": 10,
		"valor": 4.0
	}
}, {
	"model": "medical.respuesta",
	"pk": 1155,
	"fields": {
		"pregunta": 18,
		"valor": 4.0
	}
}, {
	"model": "medical.respuesta",
	"pk": 1156,
	"fields": {
		"pregunta": 1,
		"valor": 4.0
	}
}, {
	"model": "medical.respuesta",
	"pk": 1157,
	"fields": {
		"pregunta": 25,
		"valor": 40.0
	}
}, {
	"model": "medical.respuesta",
	"pk": 1158,
	"fields": {
		"pregunta": 26,
		"valor": 220.0
	}
}, {
	"model": "medical.respuesta",
	"pk": 1159,
	"fields": {
		"pregunta": 27,
		"valor": 76.0
	}
}, {
	"model": "medical.respuesta",
	"pk": 1160,
	"fields": {
		"pregunta": 28,
		"valor": 118.0
	}
}, {
	"model": "medical.respuesta",
	"pk": 1161,
	"fields": {
		"pregunta": 22,
		"valor": 3.0
	}
}, {
	"model": "medical.respuesta",
	"pk": 1162,
	"fields": {
		"pregunta": 12,
		"valor": 3.0
	}
}, {
	"model": "medical.respuesta",
	"pk": 1163,
	"fields": {
		"pregunta": 17,
		"valor": 4.0
	}
}, {
	"model": "medical.respuesta",
	"pk": 1164,
	"fields": {
		"pregunta": 5,
		"valor": 3.0
	}
}, {
	"model": "medical.respuesta",
	"pk": 1165,
	"fields": {
		"pregunta": 19,
		"valor": 3.0
	}
}, {
	"model": "medical.respuesta",
	"pk": 1166,
	"fields": {
		"pregunta": 7,
		"valor": 4.0
	}
}, {
	"model": "medical.respuesta",
	"pk": 1167,
	"fields": {
		"pregunta": 8,
		"valor": 3.0
	}
}, {
	"model": "medical.respuesta",
	"pk": 1168,
	"fields": {
		"pregunta": 21,
		"valor": 3.0
	}
}, {
	"model": "medical.respuesta",
	"pk": 1169,
	"fields": {
		"pregunta": 2,
		"valor": 3.0
	}
}, {
	"model": "medical.respuesta",
	"pk": 1170,
	"fields": {
		"pregunta": 23,
		"valor": 3.0
	}
}, {
	"model": "medical.respuesta",
	"pk": 1171,
	"fields": {
		"pregunta": 4,
		"valor": 3.0
	}
}, {
	"model": "medical.respuesta",
	"pk": 1172,
	"fields": {
		"pregunta": 15,
		"valor": 4.0
	}
}, {
	"model": "medical.respuesta",
	"pk": 1173,
	"fields": {
		"pregunta": 14,
		"valor": 4.0
	}
}, {
	"model": "medical.respuesta",
	"pk": 1174,
	"fields": {
		"pregunta": 16,
		"valor": 4.0
	}
}, {
	"model": "medical.respuesta",
	"pk": 1175,
	"fields": {
		"pregunta": 20,
		"valor": 3.0
	}
}, {
	"model": "medical.respuesta",
	"pk": 1176,
	"fields": {
		"pregunta": 6,
		"valor": 4.0
	}
}, {
	"model": "medical.respuesta",
	"pk": 1177,
	"fields": {
		"pregunta": 11,
		"valor": 3.0
	}
}, {
	"model": "medical.respuesta",
	"pk": 1178,
	"fields": {
		"pregunta": 13,
		"valor": 3.0
	}
}, {
	"model": "medical.respuesta",
	"pk": 1179,
	"fields": {
		"pregunta": 3,
		"valor": 3.0
	}
}, {
	"model": "medical.respuesta",
	"pk": 1180,
	"fields": {
		"pregunta": 9,
		"valor": 3.0
	}
}, {
	"model": "medical.respuesta",
	"pk": 1181,
	"fields": {
		"pregunta": 24,
		"valor": 3.0
	}
}, {
	"model": "medical.respuesta",
	"pk": 1182,
	"fields": {
		"pregunta": 10,
		"valor": 3.0
	}
}, {
	"model": "medical.respuesta",
	"pk": 1183,
	"fields": {
		"pregunta": 18,
		"valor": 3.0
	}
}, {
	"model": "medical.respuesta",
	"pk": 1184,
	"fields": {
		"pregunta": 1,
		"valor": 3.0
	}
}, {
	"model": "medical.respuesta",
	"pk": 1185,
	"fields": {
		"pregunta": 25,
		"valor": 42.4
	}
}, {
	"model": "medical.respuesta",
	"pk": 1186,
	"fields": {
		"pregunta": 26,
		"valor": 155.0
	}
}, {
	"model": "medical.respuesta",
	"pk": 1187,
	"fields": {
		"pregunta": 27,
		"valor": 171.0
	}
}, {
	"model": "medical.respuesta",
	"pk": 1188,
	"fields": {
		"pregunta": 28,
		"valor": 130.0
	}
}, {
	"model": "medical.respuesta",
	"pk": 1189,
	"fields": {
		"pregunta": 22,
		"valor": 3.0
	}
}, {
	"model": "medical.respuesta",
	"pk": 1190,
	"fields": {
		"pregunta": 12,
		"valor": 4.0
	}
}, {
	"model": "medical.respuesta",
	"pk": 1191,
	"fields": {
		"pregunta": 17,
		"valor": 3.0
	}
}, {
	"model": "medical.respuesta",
	"pk": 1192,
	"fields": {
		"pregunta": 5,
		"valor": 3.0
	}
}, {
	"model": "medical.respuesta",
	"pk": 1193,
	"fields": {
		"pregunta": 19,
		"valor": 3.0
	}
}, {
	"model": "medical.respuesta",
	"pk": 1194,
	"fields": {
		"pregunta": 7,
		"valor": 4.0
	}
}, {
	"model": "medical.respuesta",
	"pk": 1195,
	"fields": {
		"pregunta": 8,
		"valor": 4.0
	}
}, {
	"model": "medical.respuesta",
	"pk": 1196,
	"fields": {
		"pregunta": 21,
		"valor": 4.0
	}
}, {
	"model": "medical.respuesta",
	"pk": 1197,
	"fields": {
		"pregunta": 2,
		"valor": 4.0
	}
}, {
	"model": "medical.respuesta",
	"pk": 1198,
	"fields": {
		"pregunta": 23,
		"valor": 4.0
	}
}, {
	"model": "medical.respuesta",
	"pk": 1199,
	"fields": {
		"pregunta": 4,
		"valor": 4.0
	}
}, {
	"model": "medical.respuesta",
	"pk": 1200,
	"fields": {
		"pregunta": 15,
		"valor": 4.0
	}
}, {
	"model": "medical.respuesta",
	"pk": 1201,
	"fields": {
		"pregunta": 14,
		"valor": 4.0
	}
}, {
	"model": "medical.respuesta",
	"pk": 1202,
	"fields": {
		"pregunta": 16,
		"valor": 3.0
	}
}, {
	"model": "medical.respuesta",
	"pk": 1203,
	"fields": {
		"pregunta": 20,
		"valor": 4.0
	}
}, {
	"model": "medical.respuesta",
	"pk": 1204,
	"fields": {
		"pregunta": 6,
		"valor": 4.0
	}
}, {
	"model": "medical.respuesta",
	"pk": 1205,
	"fields": {
		"pregunta": 11,
		"valor": 3.0
	}
}, {
	"model": "medical.respuesta",
	"pk": 1206,
	"fields": {
		"pregunta": 13,
		"valor": 3.0
	}
}, {
	"model": "medical.respuesta",
	"pk": 1207,
	"fields": {
		"pregunta": 3,
		"valor": 3.0
	}
}, {
	"model": "medical.respuesta",
	"pk": 1208,
	"fields": {
		"pregunta": 9,
		"valor": 3.0
	}
}, {
	"model": "medical.respuesta",
	"pk": 1209,
	"fields": {
		"pregunta": 24,
		"valor": 3.0
	}
}, {
	"model": "medical.respuesta",
	"pk": 1210,
	"fields": {
		"pregunta": 10,
		"valor": 3.0
	}
}, {
	"model": "medical.respuesta",
	"pk": 1211,
	"fields": {
		"pregunta": 18,
		"valor": 4.0
	}
}, {
	"model": "medical.respuesta",
	"pk": 1212,
	"fields": {
		"pregunta": 1,
		"valor": 4.0
	}
}, {
	"model": "medical.respuesta",
	"pk": 1213,
	"fields": {
		"pregunta": 25,
		"valor": 40.0
	}
}, {
	"model": "medical.respuesta",
	"pk": 1214,
	"fields": {
		"pregunta": 26,
		"valor": 530.0
	}
}, {
	"model": "medical.respuesta",
	"pk": 1215,
	"fields": {
		"pregunta": 27,
		"valor": 96.0
	}
}, {
	"model": "medical.respuesta",
	"pk": 1216,
	"fields": {
		"pregunta": 28,
		"valor": 125.0
	}
}, {
	"model": "medical.respuesta",
	"pk": 1217,
	"fields": {
		"pregunta": 22,
		"valor": 3.0
	}
}, {
	"model": "medical.respuesta",
	"pk": 1218,
	"fields": {
		"pregunta": 12,
		"valor": 3.0
	}
}, {
	"model": "medical.respuesta",
	"pk": 1219,
	"fields": {
		"pregunta": 17,
		"valor": 3.0
	}
}, {
	"model": "medical.respuesta",
	"pk": 1220,
	"fields": {
		"pregunta": 5,
		"valor": 3.0
	}
}, {
	"model": "medical.respuesta",
	"pk": 1221,
	"fields": {
		"pregunta": 19,
		"valor": 3.0
	}
}, {
	"model": "medical.respuesta",
	"pk": 1222,
	"fields": {
		"pregunta": 7,
		"valor": 3.0
	}
}, {
	"model": "medical.respuesta",
	"pk": 1223,
	"fields": {
		"pregunta": 8,
		"valor": 1.0
	}
}, {
	"model": "medical.respuesta",
	"pk": 1224,
	"fields": {
		"pregunta": 21,
		"valor": 3.0
	}
}, {
	"model": "medical.respuesta",
	"pk": 1225,
	"fields": {
		"pregunta": 2,
		"valor": 4.0
	}
}, {
	"model": "medical.respuesta",
	"pk": 1226,
	"fields": {
		"pregunta": 23,
		"valor": 2.0
	}
}, {
	"model": "medical.respuesta",
	"pk": 1227,
	"fields": {
		"pregunta": 4,
		"valor": 4.0
	}
}, {
	"model": "medical.respuesta",
	"pk": 1228,
	"fields": {
		"pregunta": 15,
		"valor": 4.0
	}
}, {
	"model": "medical.respuesta",
	"pk": 1229,
	"fields": {
		"pregunta": 14,
		"valor": 4.0
	}
}, {
	"model": "medical.respuesta",
	"pk": 1230,
	"fields": {
		"pregunta": 16,
		"valor": 4.0
	}
}, {
	"model": "medical.respuesta",
	"pk": 1231,
	"fields": {
		"pregunta": 20,
		"valor": 1.0
	}
}, {
	"model": "medical.respuesta",
	"pk": 1232,
	"fields": {
		"pregunta": 6,
		"valor": 4.0
	}
}, {
	"model": "medical.respuesta",
	"pk": 1233,
	"fields": {
		"pregunta": 11,
		"valor": 1.0
	}
}, {
	"model": "medical.respuesta",
	"pk": 1234,
	"fields": {
		"pregunta": 13,
		"valor": 1.0
	}
}, {
	"model": "medical.respuesta",
	"pk": 1235,
	"fields": {
		"pregunta": 3,
		"valor": 2.0
	}
}, {
	"model": "medical.respuesta",
	"pk": 1236,
	"fields": {
		"pregunta": 9,
		"valor": 4.0
	}
}, {
	"model": "medical.respuesta",
	"pk": 1237,
	"fields": {
		"pregunta": 24,
		"valor": 2.0
	}
}, {
	"model": "medical.respuesta",
	"pk": 1238,
	"fields": {
		"pregunta": 10,
		"valor": 3.0
	}
}, {
	"model": "medical.respuesta",
	"pk": 1239,
	"fields": {
		"pregunta": 18,
		"valor": 3.0
	}
}, {
	"model": "medical.respuesta",
	"pk": 1240,
	"fields": {
		"pregunta": 1,
		"valor": 4.0
	}
}, {
	"model": "medical.respuesta",
	"pk": 1241,
	"fields": {
		"pregunta": 25,
		"valor": 55.9
	}
}, {
	"model": "medical.respuesta",
	"pk": 1242,
	"fields": {
		"pregunta": 26,
		"valor": 125.0
	}
}, {
	"model": "medical.respuesta",
	"pk": 1243,
	"fields": {
		"pregunta": 27,
		"valor": 142.0
	}
}, {
	"model": "medical.respuesta",
	"pk": 1244,
	"fields": {
		"pregunta": 28,
		"valor": 90.0
	}
}, {
	"model": "medical.respuesta",
	"pk": 1245,
	"fields": {
		"pregunta": 22,
		"valor": 4.0
	}
}, {
	"model": "medical.respuesta",
	"pk": 1246,
	"fields": {
		"pregunta": 12,
		"valor": 3.0
	}
}, {
	"model": "medical.respuesta",
	"pk": 1247,
	"fields": {
		"pregunta": 17,
		"valor": 3.0
	}
}, {
	"model": "medical.respuesta",
	"pk": 1248,
	"fields": {
		"pregunta": 5,
		"valor": 3.0
	}
}, {
	"model": "medical.respuesta",
	"pk": 1249,
	"fields": {
		"pregunta": 19,
		"valor": 3.0
	}
}, {
	"model": "medical.respuesta",
	"pk": 1250,
	"fields": {
		"pregunta": 7,
		"valor": 3.0
	}
}, {
	"model": "medical.respuesta",
	"pk": 1251,
	"fields": {
		"pregunta": 8,
		"valor": 3.0
	}
}, {
	"model": "medical.respuesta",
	"pk": 1252,
	"fields": {
		"pregunta": 21,
		"valor": 3.0
	}
}, {
	"model": "medical.respuesta",
	"pk": 1253,
	"fields": {
		"pregunta": 2,
		"valor": 3.0
	}
}, {
	"model": "medical.respuesta",
	"pk": 1254,
	"fields": {
		"pregunta": 23,
		"valor": 4.0
	}
}, {
	"model": "medical.respuesta",
	"pk": 1255,
	"fields": {
		"pregunta": 4,
		"valor": 4.0
	}
}, {
	"model": "medical.respuesta",
	"pk": 1256,
	"fields": {
		"pregunta": 15,
		"valor": 4.0
	}
}, {
	"model": "medical.respuesta",
	"pk": 1257,
	"fields": {
		"pregunta": 14,
		"valor": 4.0
	}
}, {
	"model": "medical.respuesta",
	"pk": 1258,
	"fields": {
		"pregunta": 16,
		"valor": 4.0
	}
}, {
	"model": "medical.respuesta",
	"pk": 1259,
	"fields": {
		"pregunta": 20,
		"valor": 4.0
	}
}, {
	"model": "medical.respuesta",
	"pk": 1260,
	"fields": {
		"pregunta": 6,
		"valor": 4.0
	}
}, {
	"model": "medical.respuesta",
	"pk": 1261,
	"fields": {
		"pregunta": 11,
		"valor": 4.0
	}
}, {
	"model": "medical.respuesta",
	"pk": 1262,
	"fields": {
		"pregunta": 13,
		"valor": 4.0
	}
}, {
	"model": "medical.respuesta",
	"pk": 1263,
	"fields": {
		"pregunta": 3,
		"valor": 3.0
	}
}, {
	"model": "medical.respuesta",
	"pk": 1264,
	"fields": {
		"pregunta": 9,
		"valor": 3.0
	}
}, {
	"model": "medical.respuesta",
	"pk": 1265,
	"fields": {
		"pregunta": 24,
		"valor": 4.0
	}
}, {
	"model": "medical.respuesta",
	"pk": 1266,
	"fields": {
		"pregunta": 10,
		"valor": 3.0
	}
}, {
	"model": "medical.respuesta",
	"pk": 1267,
	"fields": {
		"pregunta": 18,
		"valor": 3.0
	}
}, {
	"model": "medical.respuesta",
	"pk": 1268,
	"fields": {
		"pregunta": 1,
		"valor": 4.0
	}
}, {
	"model": "medical.respuesta",
	"pk": 1269,
	"fields": {
		"pregunta": 25,
		"valor": 40.0
	}
}, {
	"model": "medical.respuesta",
	"pk": 1270,
	"fields": {
		"pregunta": 26,
		"valor": 162.0
	}
}, {
	"model": "medical.respuesta",
	"pk": 1271,
	"fields": {
		"pregunta": 27,
		"valor": 143.7
	}
}, {
	"model": "medical.respuesta",
	"pk": 1272,
	"fields": {
		"pregunta": 28,
		"valor": 120.0
	}
}, {
	"model": "medical.respuesta",
	"pk": 1273,
	"fields": {
		"pregunta": 22,
		"valor": 4.0
	}
}, {
	"model": "medical.respuesta",
	"pk": 1274,
	"fields": {
		"pregunta": 12,
		"valor": 4.0
	}
}, {
	"model": "medical.respuesta",
	"pk": 1275,
	"fields": {
		"pregunta": 17,
		"valor": 3.0
	}
}, {
	"model": "medical.respuesta",
	"pk": 1276,
	"fields": {
		"pregunta": 5,
		"valor": 2.0
	}
}, {
	"model": "medical.respuesta",
	"pk": 1277,
	"fields": {
		"pregunta": 19,
		"valor": 2.0
	}
}, {
	"model": "medical.respuesta",
	"pk": 1278,
	"fields": {
		"pregunta": 7,
		"valor": 4.0
	}
}, {
	"model": "medical.respuesta",
	"pk": 1279,
	"fields": {
		"pregunta": 8,
		"valor": 4.0
	}
}, {
	"model": "medical.respuesta",
	"pk": 1280,
	"fields": {
		"pregunta": 21,
		"valor": 4.0
	}
}, {
	"model": "medical.respuesta",
	"pk": 1281,
	"fields": {
		"pregunta": 2,
		"valor": 2.0
	}
}, {
	"model": "medical.respuesta",
	"pk": 1282,
	"fields": {
		"pregunta": 23,
		"valor": 4.0
	}
}, {
	"model": "medical.respuesta",
	"pk": 1283,
	"fields": {
		"pregunta": 4,
		"valor": 4.0
	}
}, {
	"model": "medical.respuesta",
	"pk": 1284,
	"fields": {
		"pregunta": 15,
		"valor": 2.0
	}
}, {
	"model": "medical.respuesta",
	"pk": 1285,
	"fields": {
		"pregunta": 14,
		"valor": 3.0
	}
}, {
	"model": "medical.respuesta",
	"pk": 1286,
	"fields": {
		"pregunta": 16,
		"valor": 2.0
	}
}, {
	"model": "medical.respuesta",
	"pk": 1287,
	"fields": {
		"pregunta": 20,
		"valor": 1.0
	}
}, {
	"model": "medical.respuesta",
	"pk": 1288,
	"fields": {
		"pregunta": 6,
		"valor": 4.0
	}
}, {
	"model": "medical.respuesta",
	"pk": 1289,
	"fields": {
		"pregunta": 11,
		"valor": 1.0
	}
}, {
	"model": "medical.respuesta",
	"pk": 1290,
	"fields": {
		"pregunta": 13,
		"valor": 4.0
	}
}, {
	"model": "medical.respuesta",
	"pk": 1291,
	"fields": {
		"pregunta": 3,
		"valor": 4.0
	}
}, {
	"model": "medical.respuesta",
	"pk": 1292,
	"fields": {
		"pregunta": 9,
		"valor": 2.0
	}
}, {
	"model": "medical.respuesta",
	"pk": 1293,
	"fields": {
		"pregunta": 24,
		"valor": 3.0
	}
}, {
	"model": "medical.respuesta",
	"pk": 1294,
	"fields": {
		"pregunta": 10,
		"valor": 4.0
	}
}, {
	"model": "medical.respuesta",
	"pk": 1295,
	"fields": {
		"pregunta": 18,
		"valor": 4.0
	}
}, {
	"model": "medical.respuesta",
	"pk": 1296,
	"fields": {
		"pregunta": 1,
		"valor": 2.0
	}
}, {
	"model": "medical.respuesta",
	"pk": 1297,
	"fields": {
		"pregunta": 25,
		"valor": 41.1
	}
}, {
	"model": "medical.respuesta",
	"pk": 1298,
	"fields": {
		"pregunta": 26,
		"valor": 51.0
	}
}, {
	"model": "medical.respuesta",
	"pk": 1299,
	"fields": {
		"pregunta": 27,
		"valor": 97.6
	}
}, {
	"model": "medical.respuesta",
	"pk": 1300,
	"fields": {
		"pregunta": 28,
		"valor": 110.0
	}
}, {
	"model": "medical.respuesta",
	"pk": 1301,
	"fields": {
		"pregunta": 22,
		"valor": 4.0
	}
}, {
	"model": "medical.respuesta",
	"pk": 1302,
	"fields": {
		"pregunta": 12,
		"valor": 3.0
	}
}, {
	"model": "medical.respuesta",
	"pk": 1303,
	"fields": {
		"pregunta": 17,
		"valor": 4.0
	}
}, {
	"model": "medical.respuesta",
	"pk": 1304,
	"fields": {
		"pregunta": 5,
		"valor": 3.0
	}
}, {
	"model": "medical.respuesta",
	"pk": 1305,
	"fields": {
		"pregunta": 19,
		"valor": 3.0
	}
}, {
	"model": "medical.respuesta",
	"pk": 1306,
	"fields": {
		"pregunta": 7,
		"valor": 3.0
	}
}, {
	"model": "medical.respuesta",
	"pk": 1307,
	"fields": {
		"pregunta": 8,
		"valor": 4.0
	}
}, {
	"model": "medical.respuesta",
	"pk": 1308,
	"fields": {
		"pregunta": 21,
		"valor": 4.0
	}
}, {
	"model": "medical.respuesta",
	"pk": 1309,
	"fields": {
		"pregunta": 2,
		"valor": 3.0
	}
}, {
	"model": "medical.respuesta",
	"pk": 1310,
	"fields": {
		"pregunta": 23,
		"valor": 3.0
	}
}, {
	"model": "medical.respuesta",
	"pk": 1311,
	"fields": {
		"pregunta": 4,
		"valor": 4.0
	}
}, {
	"model": "medical.respuesta",
	"pk": 1312,
	"fields": {
		"pregunta": 15,
		"valor": 4.0
	}
}, {
	"model": "medical.respuesta",
	"pk": 1313,
	"fields": {
		"pregunta": 14,
		"valor": 4.0
	}
}, {
	"model": "medical.respuesta",
	"pk": 1314,
	"fields": {
		"pregunta": 16,
		"valor": 3.0
	}
}, {
	"model": "medical.respuesta",
	"pk": 1315,
	"fields": {
		"pregunta": 20,
		"valor": 3.0
	}
}, {
	"model": "medical.respuesta",
	"pk": 1316,
	"fields": {
		"pregunta": 6,
		"valor": 3.0
	}
}, {
	"model": "medical.respuesta",
	"pk": 1317,
	"fields": {
		"pregunta": 11,
		"valor": 2.0
	}
}, {
	"model": "medical.respuesta",
	"pk": 1318,
	"fields": {
		"pregunta": 13,
		"valor": 3.0
	}
}, {
	"model": "medical.respuesta",
	"pk": 1319,
	"fields": {
		"pregunta": 3,
		"valor": 4.0
	}
}, {
	"model": "medical.respuesta",
	"pk": 1320,
	"fields": {
		"pregunta": 9,
		"valor": 2.0
	}
}, {
	"model": "medical.respuesta",
	"pk": 1321,
	"fields": {
		"pregunta": 24,
		"valor": 3.0
	}
}, {
	"model": "medical.respuesta",
	"pk": 1322,
	"fields": {
		"pregunta": 10,
		"valor": 3.0
	}
}, {
	"model": "medical.respuesta",
	"pk": 1323,
	"fields": {
		"pregunta": 18,
		"valor": 3.0
	}
}, {
	"model": "medical.respuesta",
	"pk": 1324,
	"fields": {
		"pregunta": 1,
		"valor": 4.0
	}
}, {
	"model": "medical.respuesta",
	"pk": 1325,
	"fields": {
		"pregunta": 25,
		"valor": 36.0
	}
}, {
	"model": "medical.respuesta",
	"pk": 1326,
	"fields": {
		"pregunta": 26,
		"valor": 173.0
	}
}, {
	"model": "medical.respuesta",
	"pk": 1327,
	"fields": {
		"pregunta": 27,
		"valor": 51.0
	}
}, {
	"model": "medical.respuesta",
	"pk": 1328,
	"fields": {
		"pregunta": 28,
		"valor": 120.0
	}
}, {
	"model": "medical.respuesta",
	"pk": 1329,
	"fields": {
		"pregunta": 22,
		"valor": 4.0
	}
}, {
	"model": "medical.respuesta",
	"pk": 1330,
	"fields": {
		"pregunta": 12,
		"valor": 3.0
	}
}, {
	"model": "medical.respuesta",
	"pk": 1331,
	"fields": {
		"pregunta": 17,
		"valor": 4.0
	}
}, {
	"model": "medical.respuesta",
	"pk": 1332,
	"fields": {
		"pregunta": 5,
		"valor": 4.0
	}
}, {
	"model": "medical.respuesta",
	"pk": 1333,
	"fields": {
		"pregunta": 19,
		"valor": 4.0
	}
}, {
	"model": "medical.respuesta",
	"pk": 1334,
	"fields": {
		"pregunta": 7,
		"valor": 3.0
	}
}, {
	"model": "medical.respuesta",
	"pk": 1335,
	"fields": {
		"pregunta": 8,
		"valor": 3.0
	}
}, {
	"model": "medical.respuesta",
	"pk": 1336,
	"fields": {
		"pregunta": 21,
		"valor": 3.0
	}
}, {
	"model": "medical.respuesta",
	"pk": 1337,
	"fields": {
		"pregunta": 2,
		"valor": 3.0
	}
}, {
	"model": "medical.respuesta",
	"pk": 1338,
	"fields": {
		"pregunta": 23,
		"valor": 4.0
	}
}, {
	"model": "medical.respuesta",
	"pk": 1339,
	"fields": {
		"pregunta": 4,
		"valor": 4.0
	}
}, {
	"model": "medical.respuesta",
	"pk": 1340,
	"fields": {
		"pregunta": 15,
		"valor": 4.0
	}
}, {
	"model": "medical.respuesta",
	"pk": 1341,
	"fields": {
		"pregunta": 14,
		"valor": 4.0
	}
}, {
	"model": "medical.respuesta",
	"pk": 1342,
	"fields": {
		"pregunta": 16,
		"valor": 3.0
	}
}, {
	"model": "medical.respuesta",
	"pk": 1343,
	"fields": {
		"pregunta": 20,
		"valor": 4.0
	}
}, {
	"model": "medical.respuesta",
	"pk": 1344,
	"fields": {
		"pregunta": 6,
		"valor": 4.0
	}
}, {
	"model": "medical.respuesta",
	"pk": 1345,
	"fields": {
		"pregunta": 11,
		"valor": 4.0
	}
}, {
	"model": "medical.respuesta",
	"pk": 1346,
	"fields": {
		"pregunta": 13,
		"valor": 3.0
	}
}, {
	"model": "medical.respuesta",
	"pk": 1347,
	"fields": {
		"pregunta": 3,
		"valor": 4.0
	}
}, {
	"model": "medical.respuesta",
	"pk": 1348,
	"fields": {
		"pregunta": 9,
		"valor": 2.0
	}
}, {
	"model": "medical.respuesta",
	"pk": 1349,
	"fields": {
		"pregunta": 24,
		"valor": 3.0
	}
}, {
	"model": "medical.respuesta",
	"pk": 1350,
	"fields": {
		"pregunta": 10,
		"valor": 3.0
	}
}, {
	"model": "medical.respuesta",
	"pk": 1351,
	"fields": {
		"pregunta": 18,
		"valor": 4.0
	}
}, {
	"model": "medical.respuesta",
	"pk": 1352,
	"fields": {
		"pregunta": 1,
		"valor": 3.0
	}
}, {
	"model": "medical.respuesta",
	"pk": 1353,
	"fields": {
		"pregunta": 25,
		"valor": 53.3
	}
}, {
	"model": "medical.respuesta",
	"pk": 1354,
	"fields": {
		"pregunta": 26,
		"valor": 137.6
	}
}, {
	"model": "medical.respuesta",
	"pk": 1355,
	"fields": {
		"pregunta": 27,
		"valor": 158.4
	}
}, {
	"model": "medical.respuesta",
	"pk": 1356,
	"fields": {
		"pregunta": 28,
		"valor": 120.0
	}
}, {
	"model": "medical.respuesta",
	"pk": 1357,
	"fields": {
		"pregunta": 22,
		"valor": 3.0
	}
}, {
	"model": "medical.respuesta",
	"pk": 1358,
	"fields": {
		"pregunta": 12,
		"valor": 3.0
	}
}, {
	"model": "medical.respuesta",
	"pk": 1359,
	"fields": {
		"pregunta": 17,
		"valor": 4.0
	}
}, {
	"model": "medical.respuesta",
	"pk": 1360,
	"fields": {
		"pregunta": 5,
		"valor": 4.0
	}
}, {
	"model": "medical.respuesta",
	"pk": 1361,
	"fields": {
		"pregunta": 19,
		"valor": 4.0
	}
}, {
	"model": "medical.respuesta",
	"pk": 1362,
	"fields": {
		"pregunta": 7,
		"valor": 3.0
	}
}, {
	"model": "medical.respuesta",
	"pk": 1363,
	"fields": {
		"pregunta": 8,
		"valor": 3.0
	}
}, {
	"model": "medical.respuesta",
	"pk": 1364,
	"fields": {
		"pregunta": 21,
		"valor": 4.0
	}
}, {
	"model": "medical.respuesta",
	"pk": 1365,
	"fields": {
		"pregunta": 2,
		"valor": 2.0
	}
}, {
	"model": "medical.respuesta",
	"pk": 1366,
	"fields": {
		"pregunta": 23,
		"valor": 3.0
	}
}, {
	"model": "medical.respuesta",
	"pk": 1367,
	"fields": {
		"pregunta": 4,
		"valor": 3.0
	}
}, {
	"model": "medical.respuesta",
	"pk": 1368,
	"fields": {
		"pregunta": 15,
		"valor": 4.0
	}
}, {
	"model": "medical.respuesta",
	"pk": 1369,
	"fields": {
		"pregunta": 14,
		"valor": 4.0
	}
}, {
	"model": "medical.respuesta",
	"pk": 1370,
	"fields": {
		"pregunta": 16,
		"valor": 4.0
	}
}, {
	"model": "medical.respuesta",
	"pk": 1371,
	"fields": {
		"pregunta": 20,
		"valor": 3.0
	}
}, {
	"model": "medical.respuesta",
	"pk": 1372,
	"fields": {
		"pregunta": 6,
		"valor": 2.0
	}
}, {
	"model": "medical.respuesta",
	"pk": 1373,
	"fields": {
		"pregunta": 11,
		"valor": 3.0
	}
}, {
	"model": "medical.respuesta",
	"pk": 1374,
	"fields": {
		"pregunta": 13,
		"valor": 4.0
	}
}, {
	"model": "medical.respuesta",
	"pk": 1375,
	"fields": {
		"pregunta": 3,
		"valor": 3.0
	}
}, {
	"model": "medical.respuesta",
	"pk": 1376,
	"fields": {
		"pregunta": 9,
		"valor": 3.0
	}
}, {
	"model": "medical.respuesta",
	"pk": 1377,
	"fields": {
		"pregunta": 24,
		"valor": 3.0
	}
}, {
	"model": "medical.respuesta",
	"pk": 1378,
	"fields": {
		"pregunta": 10,
		"valor": 3.0
	}
}, {
	"model": "medical.respuesta",
	"pk": 1379,
	"fields": {
		"pregunta": 18,
		"valor": 4.0
	}
}, {
	"model": "medical.respuesta",
	"pk": 1380,
	"fields": {
		"pregunta": 1,
		"valor": 3.0
	}
}, {
	"model": "medical.respuesta",
	"pk": 1381,
	"fields": {
		"pregunta": 25,
		"valor": 55.42
	}
}, {
	"model": "medical.respuesta",
	"pk": 1382,
	"fields": {
		"pregunta": 26,
		"valor": 105.0
	}
}, {
	"model": "medical.respuesta",
	"pk": 1383,
	"fields": {
		"pregunta": 27,
		"valor": 46.58
	}
}, {
	"model": "medical.respuesta",
	"pk": 1384,
	"fields": {
		"pregunta": 28,
		"valor": 110.0
	}
}, {
	"model": "medical.respuesta",
	"pk": 1385,
	"fields": {
		"pregunta": 22,
		"valor": 4.0
	}
}, {
	"model": "medical.respuesta",
	"pk": 1386,
	"fields": {
		"pregunta": 12,
		"valor": 3.0
	}
}, {
	"model": "medical.respuesta",
	"pk": 1387,
	"fields": {
		"pregunta": 17,
		"valor": 4.0
	}
}, {
	"model": "medical.respuesta",
	"pk": 1388,
	"fields": {
		"pregunta": 5,
		"valor": 4.0
	}
}, {
	"model": "medical.respuesta",
	"pk": 1389,
	"fields": {
		"pregunta": 19,
		"valor": 4.0
	}
}, {
	"model": "medical.respuesta",
	"pk": 1390,
	"fields": {
		"pregunta": 7,
		"valor": 3.0
	}
}, {
	"model": "medical.respuesta",
	"pk": 1391,
	"fields": {
		"pregunta": 8,
		"valor": 3.0
	}
}, {
	"model": "medical.respuesta",
	"pk": 1392,
	"fields": {
		"pregunta": 21,
		"valor": 4.0
	}
}, {
	"model": "medical.respuesta",
	"pk": 1393,
	"fields": {
		"pregunta": 2,
		"valor": 4.0
	}
}, {
	"model": "medical.respuesta",
	"pk": 1394,
	"fields": {
		"pregunta": 23,
		"valor": 3.0
	}
}, {
	"model": "medical.respuesta",
	"pk": 1395,
	"fields": {
		"pregunta": 4,
		"valor": 4.0
	}
}, {
	"model": "medical.respuesta",
	"pk": 1396,
	"fields": {
		"pregunta": 15,
		"valor": 3.0
	}
}, {
	"model": "medical.respuesta",
	"pk": 1397,
	"fields": {
		"pregunta": 14,
		"valor": 3.0
	}
}, {
	"model": "medical.respuesta",
	"pk": 1398,
	"fields": {
		"pregunta": 16,
		"valor": 4.0
	}
}, {
	"model": "medical.respuesta",
	"pk": 1399,
	"fields": {
		"pregunta": 20,
		"valor": 3.0
	}
}, {
	"model": "medical.respuesta",
	"pk": 1400,
	"fields": {
		"pregunta": 6,
		"valor": 4.0
	}
}, {
	"model": "medical.respuesta",
	"pk": 1401,
	"fields": {
		"pregunta": 11,
		"valor": 3.0
	}
}, {
	"model": "medical.respuesta",
	"pk": 1402,
	"fields": {
		"pregunta": 13,
		"valor": 3.0
	}
}, {
	"model": "medical.respuesta",
	"pk": 1403,
	"fields": {
		"pregunta": 3,
		"valor": 4.0
	}
}, {
	"model": "medical.respuesta",
	"pk": 1404,
	"fields": {
		"pregunta": 9,
		"valor": 4.0
	}
}, {
	"model": "medical.respuesta",
	"pk": 1405,
	"fields": {
		"pregunta": 24,
		"valor": 3.0
	}
}, {
	"model": "medical.respuesta",
	"pk": 1406,
	"fields": {
		"pregunta": 10,
		"valor": 3.0
	}
}, {
	"model": "medical.respuesta",
	"pk": 1407,
	"fields": {
		"pregunta": 18,
		"valor": 4.0
	}
}, {
	"model": "medical.respuesta",
	"pk": 1408,
	"fields": {
		"pregunta": 1,
		"valor": 4.0
	}
}, {
	"model": "medical.respuesta",
	"pk": 1409,
	"fields": {
		"pregunta": 25,
		"valor": 34.7
	}
}, {
	"model": "medical.respuesta",
	"pk": 1410,
	"fields": {
		"pregunta": 26,
		"valor": 119.0
	}
}, {
	"model": "medical.respuesta",
	"pk": 1411,
	"fields": {
		"pregunta": 27,
		"valor": 155.4
	}
}, {
	"model": "medical.respuesta",
	"pk": 1412,
	"fields": {
		"pregunta": 28,
		"valor": 130.0
	}
}, {
	"model": "medical.respuesta",
	"pk": 1413,
	"fields": {
		"pregunta": 22,
		"valor": 4.0
	}
}, {
	"model": "medical.respuesta",
	"pk": 1414,
	"fields": {
		"pregunta": 12,
		"valor": 1.0
	}
}, {
	"model": "medical.respuesta",
	"pk": 1415,
	"fields": {
		"pregunta": 17,
		"valor": 4.0
	}
}, {
	"model": "medical.respuesta",
	"pk": 1416,
	"fields": {
		"pregunta": 5,
		"valor": 2.0
	}
}, {
	"model": "medical.respuesta",
	"pk": 1417,
	"fields": {
		"pregunta": 19,
		"valor": 3.0
	}
}, {
	"model": "medical.respuesta",
	"pk": 1418,
	"fields": {
		"pregunta": 7,
		"valor": 2.0
	}
}, {
	"model": "medical.respuesta",
	"pk": 1419,
	"fields": {
		"pregunta": 8,
		"valor": 2.0
	}
}, {
	"model": "medical.respuesta",
	"pk": 1420,
	"fields": {
		"pregunta": 21,
		"valor": 4.0
	}
}, {
	"model": "medical.respuesta",
	"pk": 1421,
	"fields": {
		"pregunta": 2,
		"valor": 3.0
	}
}, {
	"model": "medical.respuesta",
	"pk": 1422,
	"fields": {
		"pregunta": 23,
		"valor": 2.0
	}
}, {
	"model": "medical.respuesta",
	"pk": 1423,
	"fields": {
		"pregunta": 4,
		"valor": 4.0
	}
}, {
	"model": "medical.respuesta",
	"pk": 1424,
	"fields": {
		"pregunta": 15,
		"valor": 3.0
	}
}, {
	"model": "medical.respuesta",
	"pk": 1425,
	"fields": {
		"pregunta": 14,
		"valor": 4.0
	}
}, {
	"model": "medical.respuesta",
	"pk": 1426,
	"fields": {
		"pregunta": 16,
		"valor": 2.0
	}
}, {
	"model": "medical.respuesta",
	"pk": 1427,
	"fields": {
		"pregunta": 20,
		"valor": 3.0
	}
}, {
	"model": "medical.respuesta",
	"pk": 1428,
	"fields": {
		"pregunta": 6,
		"valor": 3.0
	}
}, {
	"model": "medical.respuesta",
	"pk": 1429,
	"fields": {
		"pregunta": 11,
		"valor": 3.0
	}
}, {
	"model": "medical.respuesta",
	"pk": 1430,
	"fields": {
		"pregunta": 13,
		"valor": 2.0
	}
}, {
	"model": "medical.respuesta",
	"pk": 1431,
	"fields": {
		"pregunta": 3,
		"valor": 3.0
	}
}, {
	"model": "medical.respuesta",
	"pk": 1432,
	"fields": {
		"pregunta": 9,
		"valor": 3.0
	}
}, {
	"model": "medical.respuesta",
	"pk": 1433,
	"fields": {
		"pregunta": 24,
		"valor": 4.0
	}
}, {
	"model": "medical.respuesta",
	"pk": 1434,
	"fields": {
		"pregunta": 10,
		"valor": 1.0
	}
}, {
	"model": "medical.respuesta",
	"pk": 1435,
	"fields": {
		"pregunta": 18,
		"valor": 3.0
	}
}, {
	"model": "medical.respuesta",
	"pk": 1436,
	"fields": {
		"pregunta": 1,
		"valor": 3.0
	}
}, {
	"model": "medical.respuesta",
	"pk": 1437,
	"fields": {
		"pregunta": 25,
		"valor": 51.79
	}
}, {
	"model": "medical.respuesta",
	"pk": 1438,
	"fields": {
		"pregunta": 26,
		"valor": 176.0
	}
}, {
	"model": "medical.respuesta",
	"pk": 1439,
	"fields": {
		"pregunta": 27,
		"valor": 152.0
	}
}, {
	"model": "medical.respuesta",
	"pk": 1440,
	"fields": {
		"pregunta": 28,
		"valor": 125.0
	}
}, {
	"model": "medical.respuesta",
	"pk": 1441,
	"fields": {
		"pregunta": 22,
		"valor": 3.0
	}
}, {
	"model": "medical.respuesta",
	"pk": 1442,
	"fields": {
		"pregunta": 12,
		"valor": 3.0
	}
}, {
	"model": "medical.respuesta",
	"pk": 1443,
	"fields": {
		"pregunta": 17,
		"valor": 3.0
	}
}, {
	"model": "medical.respuesta",
	"pk": 1444,
	"fields": {
		"pregunta": 5,
		"valor": 2.0
	}
}, {
	"model": "medical.respuesta",
	"pk": 1445,
	"fields": {
		"pregunta": 19,
		"valor": 2.0
	}
}, {
	"model": "medical.respuesta",
	"pk": 1446,
	"fields": {
		"pregunta": 7,
		"valor": 4.0
	}
}, {
	"model": "medical.respuesta",
	"pk": 1447,
	"fields": {
		"pregunta": 8,
		"valor": 1.0
	}
}, {
	"model": "medical.respuesta",
	"pk": 1448,
	"fields": {
		"pregunta": 21,
		"valor": 3.0
	}
}, {
	"model": "medical.respuesta",
	"pk": 1449,
	"fields": {
		"pregunta": 2,
		"valor": 2.0
	}
}, {
	"model": "medical.respuesta",
	"pk": 1450,
	"fields": {
		"pregunta": 23,
		"valor": 3.0
	}
}, {
	"model": "medical.respuesta",
	"pk": 1451,
	"fields": {
		"pregunta": 4,
		"valor": 4.0
	}
}, {
	"model": "medical.respuesta",
	"pk": 1452,
	"fields": {
		"pregunta": 15,
		"valor": 2.0
	}
}, {
	"model": "medical.respuesta",
	"pk": 1453,
	"fields": {
		"pregunta": 14,
		"valor": 4.0
	}
}, {
	"model": "medical.respuesta",
	"pk": 1454,
	"fields": {
		"pregunta": 16,
		"valor": 4.0
	}
}, {
	"model": "medical.respuesta",
	"pk": 1455,
	"fields": {
		"pregunta": 20,
		"valor": 2.0
	}
}, {
	"model": "medical.respuesta",
	"pk": 1456,
	"fields": {
		"pregunta": 6,
		"valor": 3.0
	}
}, {
	"model": "medical.respuesta",
	"pk": 1457,
	"fields": {
		"pregunta": 11,
		"valor": 1.0
	}
}, {
	"model": "medical.respuesta",
	"pk": 1458,
	"fields": {
		"pregunta": 13,
		"valor": 3.0
	}
}, {
	"model": "medical.respuesta",
	"pk": 1459,
	"fields": {
		"pregunta": 3,
		"valor": 2.0
	}
}, {
	"model": "medical.respuesta",
	"pk": 1460,
	"fields": {
		"pregunta": 9,
		"valor": 2.0
	}
}, {
	"model": "medical.respuesta",
	"pk": 1461,
	"fields": {
		"pregunta": 24,
		"valor": 2.0
	}
}, {
	"model": "medical.respuesta",
	"pk": 1462,
	"fields": {
		"pregunta": 10,
		"valor": 4.0
	}
}, {
	"model": "medical.respuesta",
	"pk": 1463,
	"fields": {
		"pregunta": 18,
		"valor": 3.0
	}
}, {
	"model": "medical.respuesta",
	"pk": 1464,
	"fields": {
		"pregunta": 1,
		"valor": 2.0
	}
}, {
	"model": "medical.respuesta",
	"pk": 1465,
	"fields": {
		"pregunta": 25,
		"valor": 39.6
	}
}, {
	"model": "medical.respuesta",
	"pk": 1466,
	"fields": {
		"pregunta": 26,
		"valor": 158.0
	}
}, {
	"model": "medical.respuesta",
	"pk": 1467,
	"fields": {
		"pregunta": 27,
		"valor": 135.0
	}
}, {
	"model": "medical.respuesta",
	"pk": 1468,
	"fields": {
		"pregunta": 28,
		"valor": 110.0
	}
}, {
	"model": "medical.respuesta",
	"pk": 1469,
	"fields": {
		"pregunta": 22,
		"valor": 4.0
	}
}, {
	"model": "medical.respuesta",
	"pk": 1470,
	"fields": {
		"pregunta": 12,
		"valor": 4.0
	}
}, {
	"model": "medical.respuesta",
	"pk": 1471,
	"fields": {
		"pregunta": 17,
		"valor": 4.0
	}
}, {
	"model": "medical.respuesta",
	"pk": 1472,
	"fields": {
		"pregunta": 5,
		"valor": 4.0
	}
}, {
	"model": "medical.respuesta",
	"pk": 1473,
	"fields": {
		"pregunta": 19,
		"valor": 4.0
	}
}, {
	"model": "medical.respuesta",
	"pk": 1474,
	"fields": {
		"pregunta": 7,
		"valor": 4.0
	}
}, {
	"model": "medical.respuesta",
	"pk": 1475,
	"fields": {
		"pregunta": 8,
		"valor": 3.0
	}
}, {
	"model": "medical.respuesta",
	"pk": 1476,
	"fields": {
		"pregunta": 21,
		"valor": 4.0
	}
}, {
	"model": "medical.respuesta",
	"pk": 1477,
	"fields": {
		"pregunta": 2,
		"valor": 4.0
	}
}, {
	"model": "medical.respuesta",
	"pk": 1478,
	"fields": {
		"pregunta": 23,
		"valor": 4.0
	}
}, {
	"model": "medical.respuesta",
	"pk": 1479,
	"fields": {
		"pregunta": 4,
		"valor": 4.0
	}
}, {
	"model": "medical.respuesta",
	"pk": 1480,
	"fields": {
		"pregunta": 15,
		"valor": 4.0
	}
}, {
	"model": "medical.respuesta",
	"pk": 1481,
	"fields": {
		"pregunta": 14,
		"valor": 4.0
	}
}, {
	"model": "medical.respuesta",
	"pk": 1482,
	"fields": {
		"pregunta": 16,
		"valor": 4.0
	}
}, {
	"model": "medical.respuesta",
	"pk": 1483,
	"fields": {
		"pregunta": 20,
		"valor": 4.0
	}
}, {
	"model": "medical.respuesta",
	"pk": 1484,
	"fields": {
		"pregunta": 6,
		"valor": 4.0
	}
}, {
	"model": "medical.respuesta",
	"pk": 1485,
	"fields": {
		"pregunta": 11,
		"valor": 3.0
	}
}, {
	"model": "medical.respuesta",
	"pk": 1486,
	"fields": {
		"pregunta": 13,
		"valor": 3.0
	}
}, {
	"model": "medical.respuesta",
	"pk": 1487,
	"fields": {
		"pregunta": 3,
		"valor": 4.0
	}
}, {
	"model": "medical.respuesta",
	"pk": 1488,
	"fields": {
		"pregunta": 9,
		"valor": 3.0
	}
}, {
	"model": "medical.respuesta",
	"pk": 1489,
	"fields": {
		"pregunta": 24,
		"valor": 4.0
	}
}, {
	"model": "medical.respuesta",
	"pk": 1490,
	"fields": {
		"pregunta": 10,
		"valor": 4.0
	}
}, {
	"model": "medical.respuesta",
	"pk": 1491,
	"fields": {
		"pregunta": 18,
		"valor": 4.0
	}
}, {
	"model": "medical.respuesta",
	"pk": 1492,
	"fields": {
		"pregunta": 1,
		"valor": 3.0
	}
}, {
	"model": "medical.respuesta",
	"pk": 1493,
	"fields": {
		"pregunta": 25,
		"valor": 46.4
	}
}, {
	"model": "medical.respuesta",
	"pk": 1494,
	"fields": {
		"pregunta": 26,
		"valor": 268.0
	}
}, {
	"model": "medical.respuesta",
	"pk": 1495,
	"fields": {
		"pregunta": 27,
		"valor": 65.0
	}
}, {
	"model": "medical.respuesta",
	"pk": 1496,
	"fields": {
		"pregunta": 28,
		"valor": 160.0
	}
}, {
	"model": "medical.respuesta",
	"pk": 1497,
	"fields": {
		"pregunta": 22,
		"valor": 3.0
	}
}, {
	"model": "medical.respuesta",
	"pk": 1498,
	"fields": {
		"pregunta": 12,
		"valor": 1.0
	}
}, {
	"model": "medical.respuesta",
	"pk": 1499,
	"fields": {
		"pregunta": 17,
		"valor": 3.0
	}
}, {
	"model": "medical.respuesta",
	"pk": 1500,
	"fields": {
		"pregunta": 5,
		"valor": 3.0
	}
}, {
	"model": "medical.respuesta",
	"pk": 1501,
	"fields": {
		"pregunta": 19,
		"valor": 3.0
	}
}, {
	"model": "medical.respuesta",
	"pk": 1502,
	"fields": {
		"pregunta": 7,
		"valor": 3.0
	}
}, {
	"model": "medical.respuesta",
	"pk": 1503,
	"fields": {
		"pregunta": 8,
		"valor": 3.0
	}
}, {
	"model": "medical.respuesta",
	"pk": 1504,
	"fields": {
		"pregunta": 21,
		"valor": 3.0
	}
}, {
	"model": "medical.respuesta",
	"pk": 1505,
	"fields": {
		"pregunta": 2,
		"valor": 2.0
	}
}, {
	"model": "medical.respuesta",
	"pk": 1506,
	"fields": {
		"pregunta": 23,
		"valor": 2.0
	}
}, {
	"model": "medical.respuesta",
	"pk": 1507,
	"fields": {
		"pregunta": 4,
		"valor": 4.0
	}
}, {
	"model": "medical.respuesta",
	"pk": 1508,
	"fields": {
		"pregunta": 15,
		"valor": 3.0
	}
}, {
	"model": "medical.respuesta",
	"pk": 1509,
	"fields": {
		"pregunta": 14,
		"valor": 3.0
	}
}, {
	"model": "medical.respuesta",
	"pk": 1510,
	"fields": {
		"pregunta": 16,
		"valor": 3.0
	}
}, {
	"model": "medical.respuesta",
	"pk": 1511,
	"fields": {
		"pregunta": 20,
		"valor": 2.0
	}
}, {
	"model": "medical.respuesta",
	"pk": 1512,
	"fields": {
		"pregunta": 6,
		"valor": 3.0
	}
}, {
	"model": "medical.respuesta",
	"pk": 1513,
	"fields": {
		"pregunta": 11,
		"valor": 4.0
	}
}, {
	"model": "medical.respuesta",
	"pk": 1514,
	"fields": {
		"pregunta": 13,
		"valor": 2.0
	}
}, {
	"model": "medical.respuesta",
	"pk": 1515,
	"fields": {
		"pregunta": 3,
		"valor": 2.0
	}
}, {
	"model": "medical.respuesta",
	"pk": 1516,
	"fields": {
		"pregunta": 9,
		"valor": 3.0
	}
}, {
	"model": "medical.respuesta",
	"pk": 1517,
	"fields": {
		"pregunta": 24,
		"valor": 3.0
	}
}, {
	"model": "medical.respuesta",
	"pk": 1518,
	"fields": {
		"pregunta": 10,
		"valor": 3.0
	}
}, {
	"model": "medical.respuesta",
	"pk": 1519,
	"fields": {
		"pregunta": 18,
		"valor": 4.0
	}
}, {
	"model": "medical.respuesta",
	"pk": 1520,
	"fields": {
		"pregunta": 1,
		"valor": 3.0
	}
}, {
	"model": "medical.respuesta",
	"pk": 1521,
	"fields": {
		"pregunta": 22,
		"valor": 3.0
	}
}, {
	"model": "medical.respuesta",
	"pk": 1522,
	"fields": {
		"pregunta": 12,
		"valor": 3.0
	}
}, {
	"model": "medical.respuesta",
	"pk": 1523,
	"fields": {
		"pregunta": 17,
		"valor": 3.0
	}
}, {
	"model": "medical.respuesta",
	"pk": 1524,
	"fields": {
		"pregunta": 5,
		"valor": 2.0
	}
}, {
	"model": "medical.respuesta",
	"pk": 1525,
	"fields": {
		"pregunta": 19,
		"valor": 3.0
	}
}, {
	"model": "medical.respuesta",
	"pk": 1526,
	"fields": {
		"pregunta": 7,
		"valor": 3.0
	}
}, {
	"model": "medical.respuesta",
	"pk": 1527,
	"fields": {
		"pregunta": 8,
		"valor": 1.0
	}
}, {
	"model": "medical.respuesta",
	"pk": 1528,
	"fields": {
		"pregunta": 21,
		"valor": 3.0
	}
}, {
	"model": "medical.respuesta",
	"pk": 1529,
	"fields": {
		"pregunta": 2,
		"valor": 2.0
	}
}, {
	"model": "medical.respuesta",
	"pk": 1530,
	"fields": {
		"pregunta": 23,
		"valor": 2.0
	}
}, {
	"model": "medical.respuesta",
	"pk": 1531,
	"fields": {
		"pregunta": 4,
		"valor": 3.0
	}
}, {
	"model": "medical.respuesta",
	"pk": 1532,
	"fields": {
		"pregunta": 15,
		"valor": 2.0
	}
}, {
	"model": "medical.respuesta",
	"pk": 1533,
	"fields": {
		"pregunta": 14,
		"valor": 3.0
	}
}, {
	"model": "medical.respuesta",
	"pk": 1534,
	"fields": {
		"pregunta": 16,
		"valor": 3.0
	}
}, {
	"model": "medical.respuesta",
	"pk": 1535,
	"fields": {
		"pregunta": 20,
		"valor": 2.0
	}
}, {
	"model": "medical.respuesta",
	"pk": 1536,
	"fields": {
		"pregunta": 6,
		"valor": 4.0
	}
}, {
	"model": "medical.respuesta",
	"pk": 1537,
	"fields": {
		"pregunta": 11,
		"valor": 1.0
	}
}, {
	"model": "medical.respuesta",
	"pk": 1538,
	"fields": {
		"pregunta": 13,
		"valor": 3.0
	}
}, {
	"model": "medical.respuesta",
	"pk": 1539,
	"fields": {
		"pregunta": 3,
		"valor": 4.0
	}
}, {
	"model": "medical.respuesta",
	"pk": 1540,
	"fields": {
		"pregunta": 9,
		"valor": 3.0
	}
}, {
	"model": "medical.respuesta",
	"pk": 1541,
	"fields": {
		"pregunta": 24,
		"valor": 3.0
	}
}, {
	"model": "medical.respuesta",
	"pk": 1542,
	"fields": {
		"pregunta": 10,
		"valor": 3.0
	}
}, {
	"model": "medical.respuesta",
	"pk": 1543,
	"fields": {
		"pregunta": 18,
		"valor": 3.0
	}
}, {
	"model": "medical.respuesta",
	"pk": 1544,
	"fields": {
		"pregunta": 1,
		"valor": 3.0
	}
}, {
	"model": "medical.respuesta",
	"pk": 1545,
	"fields": {
		"pregunta": 25,
		"valor": 52.2
	}
}, {
	"model": "medical.respuesta",
	"pk": 1546,
	"fields": {
		"pregunta": 26,
		"valor": 151.0
	}
}, {
	"model": "medical.respuesta",
	"pk": 1547,
	"fields": {
		"pregunta": 27,
		"valor": 128.6
	}
}, {
	"model": "medical.respuesta",
	"pk": 1548,
	"fields": {
		"pregunta": 28,
		"valor": 122.0
	}
}, {
	"model": "medical.respuesta",
	"pk": 1549,
	"fields": {
		"pregunta": 22,
		"valor": 4.0
	}
}, {
	"model": "medical.respuesta",
	"pk": 1550,
	"fields": {
		"pregunta": 12,
		"valor": 4.0
	}
}, {
	"model": "medical.respuesta",
	"pk": 1551,
	"fields": {
		"pregunta": 17,
		"valor": 4.0
	}
}, {
	"model": "medical.respuesta",
	"pk": 1552,
	"fields": {
		"pregunta": 5,
		"valor": 2.0
	}
}, {
	"model": "medical.respuesta",
	"pk": 1553,
	"fields": {
		"pregunta": 19,
		"valor": 2.0
	}
}, {
	"model": "medical.respuesta",
	"pk": 1554,
	"fields": {
		"pregunta": 7,
		"valor": 4.0
	}
}, {
	"model": "medical.respuesta",
	"pk": 1555,
	"fields": {
		"pregunta": 8,
		"valor": 2.0
	}
}, {
	"model": "medical.respuesta",
	"pk": 1556,
	"fields": {
		"pregunta": 21,
		"valor": 4.0
	}
}, {
	"model": "medical.respuesta",
	"pk": 1557,
	"fields": {
		"pregunta": 2,
		"valor": 2.0
	}
}, {
	"model": "medical.respuesta",
	"pk": 1558,
	"fields": {
		"pregunta": 23,
		"valor": 4.0
	}
}, {
	"model": "medical.respuesta",
	"pk": 1559,
	"fields": {
		"pregunta": 4,
		"valor": 4.0
	}
}, {
	"model": "medical.respuesta",
	"pk": 1560,
	"fields": {
		"pregunta": 15,
		"valor": 2.0
	}
}, {
	"model": "medical.respuesta",
	"pk": 1561,
	"fields": {
		"pregunta": 14,
		"valor": 4.0
	}
}, {
	"model": "medical.respuesta",
	"pk": 1562,
	"fields": {
		"pregunta": 16,
		"valor": 2.0
	}
}, {
	"model": "medical.respuesta",
	"pk": 1563,
	"fields": {
		"pregunta": 20,
		"valor": 1.0
	}
}, {
	"model": "medical.respuesta",
	"pk": 1564,
	"fields": {
		"pregunta": 6,
		"valor": 4.0
	}
}, {
	"model": "medical.respuesta",
	"pk": 1565,
	"fields": {
		"pregunta": 11,
		"valor": 1.0
	}
}, {
	"model": "medical.respuesta",
	"pk": 1566,
	"fields": {
		"pregunta": 13,
		"valor": 4.0
	}
}, {
	"model": "medical.respuesta",
	"pk": 1567,
	"fields": {
		"pregunta": 3,
		"valor": 4.0
	}
}, {
	"model": "medical.respuesta",
	"pk": 1568,
	"fields": {
		"pregunta": 9,
		"valor": 1.0
	}
}, {
	"model": "medical.respuesta",
	"pk": 1569,
	"fields": {
		"pregunta": 24,
		"valor": 4.0
	}
}, {
	"model": "medical.respuesta",
	"pk": 1570,
	"fields": {
		"pregunta": 10,
		"valor": 4.0
	}
}, {
	"model": "medical.respuesta",
	"pk": 1571,
	"fields": {
		"pregunta": 18,
		"valor": 2.0
	}
}, {
	"model": "medical.respuesta",
	"pk": 1572,
	"fields": {
		"pregunta": 1,
		"valor": 2.0
	}
}, {
	"model": "medical.respuesta",
	"pk": 1573,
	"fields": {
		"pregunta": 22,
		"valor": 4.0
	}
}, {
	"model": "medical.respuesta",
	"pk": 1574,
	"fields": {
		"pregunta": 12,
		"valor": 4.0
	}
}, {
	"model": "medical.respuesta",
	"pk": 1575,
	"fields": {
		"pregunta": 17,
		"valor": 3.0
	}
}, {
	"model": "medical.respuesta",
	"pk": 1576,
	"fields": {
		"pregunta": 5,
		"valor": 3.0
	}
}, {
	"model": "medical.respuesta",
	"pk": 1577,
	"fields": {
		"pregunta": 19,
		"valor": 3.0
	}
}, {
	"model": "medical.respuesta",
	"pk": 1578,
	"fields": {
		"pregunta": 7,
		"valor": 3.0
	}
}, {
	"model": "medical.respuesta",
	"pk": 1579,
	"fields": {
		"pregunta": 8,
		"valor": 3.0
	}
}, {
	"model": "medical.respuesta",
	"pk": 1580,
	"fields": {
		"pregunta": 21,
		"valor": 4.0
	}
}, {
	"model": "medical.respuesta",
	"pk": 1581,
	"fields": {
		"pregunta": 2,
		"valor": 3.0
	}
}, {
	"model": "medical.respuesta",
	"pk": 1582,
	"fields": {
		"pregunta": 23,
		"valor": 4.0
	}
}, {
	"model": "medical.respuesta",
	"pk": 1583,
	"fields": {
		"pregunta": 4,
		"valor": 4.0
	}
}, {
	"model": "medical.respuesta",
	"pk": 1584,
	"fields": {
		"pregunta": 15,
		"valor": 4.0
	}
}, {
	"model": "medical.respuesta",
	"pk": 1585,
	"fields": {
		"pregunta": 14,
		"valor": 4.0
	}
}, {
	"model": "medical.respuesta",
	"pk": 1586,
	"fields": {
		"pregunta": 16,
		"valor": 4.0
	}
}, {
	"model": "medical.respuesta",
	"pk": 1587,
	"fields": {
		"pregunta": 20,
		"valor": 4.0
	}
}, {
	"model": "medical.respuesta",
	"pk": 1588,
	"fields": {
		"pregunta": 6,
		"valor": 4.0
	}
}, {
	"model": "medical.respuesta",
	"pk": 1589,
	"fields": {
		"pregunta": 11,
		"valor": 4.0
	}
}, {
	"model": "medical.respuesta",
	"pk": 1590,
	"fields": {
		"pregunta": 13,
		"valor": 3.0
	}
}, {
	"model": "medical.respuesta",
	"pk": 1591,
	"fields": {
		"pregunta": 3,
		"valor": 1.0
	}
}, {
	"model": "medical.respuesta",
	"pk": 1592,
	"fields": {
		"pregunta": 9,
		"valor": 3.0
	}
}, {
	"model": "medical.respuesta",
	"pk": 1593,
	"fields": {
		"pregunta": 24,
		"valor": 4.0
	}
}, {
	"model": "medical.respuesta",
	"pk": 1594,
	"fields": {
		"pregunta": 10,
		"valor": 4.0
	}
}, {
	"model": "medical.respuesta",
	"pk": 1595,
	"fields": {
		"pregunta": 18,
		"valor": 4.0
	}
}, {
	"model": "medical.respuesta",
	"pk": 1596,
	"fields": {
		"pregunta": 1,
		"valor": 3.0
	}
}, {
	"model": "medical.respuesta",
	"pk": 1597,
	"fields": {
		"pregunta": 22,
		"valor": 4.0
	}
}, {
	"model": "medical.respuesta",
	"pk": 1598,
	"fields": {
		"pregunta": 12,
		"valor": 4.0
	}
}, {
	"model": "medical.respuesta",
	"pk": 1599,
	"fields": {
		"pregunta": 17,
		"valor": 4.0
	}
}, {
	"model": "medical.respuesta",
	"pk": 1600,
	"fields": {
		"pregunta": 5,
		"valor": 4.0
	}
}, {
	"model": "medical.respuesta",
	"pk": 1601,
	"fields": {
		"pregunta": 19,
		"valor": 4.0
	}
}, {
	"model": "medical.respuesta",
	"pk": 1602,
	"fields": {
		"pregunta": 7,
		"valor": 3.0
	}
}, {
	"model": "medical.respuesta",
	"pk": 1603,
	"fields": {
		"pregunta": 8,
		"valor": 4.0
	}
}, {
	"model": "medical.respuesta",
	"pk": 1604,
	"fields": {
		"pregunta": 21,
		"valor": 4.0
	}
}, {
	"model": "medical.respuesta",
	"pk": 1605,
	"fields": {
		"pregunta": 2,
		"valor": 4.0
	}
}, {
	"model": "medical.respuesta",
	"pk": 1606,
	"fields": {
		"pregunta": 23,
		"valor": 4.0
	}
}, {
	"model": "medical.respuesta",
	"pk": 1607,
	"fields": {
		"pregunta": 4,
		"valor": 4.0
	}
}, {
	"model": "medical.respuesta",
	"pk": 1608,
	"fields": {
		"pregunta": 15,
		"valor": 4.0
	}
}, {
	"model": "medical.respuesta",
	"pk": 1609,
	"fields": {
		"pregunta": 14,
		"valor": 4.0
	}
}, {
	"model": "medical.respuesta",
	"pk": 1610,
	"fields": {
		"pregunta": 16,
		"valor": 4.0
	}
}, {
	"model": "medical.respuesta",
	"pk": 1611,
	"fields": {
		"pregunta": 20,
		"valor": 4.0
	}
}, {
	"model": "medical.respuesta",
	"pk": 1612,
	"fields": {
		"pregunta": 6,
		"valor": 4.0
	}
}, {
	"model": "medical.respuesta",
	"pk": 1613,
	"fields": {
		"pregunta": 11,
		"valor": 4.0
	}
}, {
	"model": "medical.respuesta",
	"pk": 1614,
	"fields": {
		"pregunta": 13,
		"valor": 2.0
	}
}, {
	"model": "medical.respuesta",
	"pk": 1615,
	"fields": {
		"pregunta": 3,
		"valor": 4.0
	}
}, {
	"model": "medical.respuesta",
	"pk": 1616,
	"fields": {
		"pregunta": 9,
		"valor": 4.0
	}
}, {
	"model": "medical.respuesta",
	"pk": 1617,
	"fields": {
		"pregunta": 24,
		"valor": 4.0
	}
}, {
	"model": "medical.respuesta",
	"pk": 1618,
	"fields": {
		"pregunta": 10,
		"valor": 4.0
	}
}, {
	"model": "medical.respuesta",
	"pk": 1619,
	"fields": {
		"pregunta": 18,
		"valor": 4.0
	}
}, {
	"model": "medical.respuesta",
	"pk": 1620,
	"fields": {
		"pregunta": 1,
		"valor": 4.0
	}
}, {
	"model": "medical.respuesta",
	"pk": 1621,
	"fields": {
		"pregunta": 22,
		"valor": 4.0
	}
}, {
	"model": "medical.respuesta",
	"pk": 1622,
	"fields": {
		"pregunta": 12,
		"valor": 3.0
	}
}, {
	"model": "medical.respuesta",
	"pk": 1623,
	"fields": {
		"pregunta": 17,
		"valor": 4.0
	}
}, {
	"model": "medical.respuesta",
	"pk": 1624,
	"fields": {
		"pregunta": 5,
		"valor": 2.0
	}
}, {
	"model": "medical.respuesta",
	"pk": 1625,
	"fields": {
		"pregunta": 19,
		"valor": 1.0
	}
}, {
	"model": "medical.respuesta",
	"pk": 1626,
	"fields": {
		"pregunta": 7,
		"valor": 3.0
	}
}, {
	"model": "medical.respuesta",
	"pk": 1627,
	"fields": {
		"pregunta": 8,
		"valor": 1.0
	}
}, {
	"model": "medical.respuesta",
	"pk": 1628,
	"fields": {
		"pregunta": 21,
		"valor": 4.0
	}
}, {
	"model": "medical.respuesta",
	"pk": 1629,
	"fields": {
		"pregunta": 2,
		"valor": 1.0
	}
}, {
	"model": "medical.respuesta",
	"pk": 1630,
	"fields": {
		"pregunta": 23,
		"valor": 1.0
	}
}, {
	"model": "medical.respuesta",
	"pk": 1631,
	"fields": {
		"pregunta": 4,
		"valor": 4.0
	}
}, {
	"model": "medical.respuesta",
	"pk": 1632,
	"fields": {
		"pregunta": 15,
		"valor": 1.0
	}
}, {
	"model": "medical.respuesta",
	"pk": 1633,
	"fields": {
		"pregunta": 14,
		"valor": 4.0
	}
}, {
	"model": "medical.respuesta",
	"pk": 1634,
	"fields": {
		"pregunta": 16,
		"valor": 1.0
	}
}, {
	"model": "medical.respuesta",
	"pk": 1635,
	"fields": {
		"pregunta": 20,
		"valor": 1.0
	}
}, {
	"model": "medical.respuesta",
	"pk": 1636,
	"fields": {
		"pregunta": 6,
		"valor": 4.0
	}
}, {
	"model": "medical.respuesta",
	"pk": 1637,
	"fields": {
		"pregunta": 11,
		"valor": 2.0
	}
}, {
	"model": "medical.respuesta",
	"pk": 1638,
	"fields": {
		"pregunta": 13,
		"valor": 4.0
	}
}, {
	"model": "medical.respuesta",
	"pk": 1639,
	"fields": {
		"pregunta": 3,
		"valor": 4.0
	}
}, {
	"model": "medical.respuesta",
	"pk": 1640,
	"fields": {
		"pregunta": 9,
		"valor": 1.0
	}
}, {
	"model": "medical.respuesta",
	"pk": 1641,
	"fields": {
		"pregunta": 24,
		"valor": 1.0
	}
}, {
	"model": "medical.respuesta",
	"pk": 1642,
	"fields": {
		"pregunta": 10,
		"valor": 1.0
	}
}, {
	"model": "medical.respuesta",
	"pk": 1643,
	"fields": {
		"pregunta": 18,
		"valor": 4.0
	}
}, {
	"model": "medical.respuesta",
	"pk": 1644,
	"fields": {
		"pregunta": 1,
		"valor": 1.0
	}
}, {
	"model": "medical.tipoexamen",
	"pk": 1,
	"fields": {
		"nombre": "Test Asa",
		"preguntas": [1, 2, 3, 4, 5, 6, 7, 8, 9, 10, 11, 12, 13, 14, 15, 16, 17, 18, 19, 20, 21, 22, 23, 24]
	}
}, {
	"model": "medical.tipoexamen",
	"pk": 2,
	"fields": {
		"nombre": "Examen Lip\u00eddico",
		"preguntas": [25, 26, 27, 28]
	}
}, {
	"model": "medical.examen",
	"pk": 1,
	"fields": {
		"tipo": 1,
		"paciente": 1,
		"resultado": 88,
		"fecha": "2018-02-05",
		"seguimiento": 1,
		"respuestas": [24, 23, 22, 21, 20, 19, 18, 17, 16, 15, 14, 13, 12, 11, 10, 9, 8, 7, 6, 5, 4, 3, 2, 1]
	}
}, {
	"model": "medical.examen",
	"pk": 2,
	"fields": {
		"tipo": 2,
		"paciente": 1,
		"resultado": 0,
		"fecha": "2018-02-05",
		"seguimiento": 1,
		"respuestas": [28, 27, 26, 25]
	}
}, {
	"model": "medical.examen",
	"pk": 3,
	"fields": {
		"tipo": 1,
		"paciente": 2,
		"resultado": 88,
		"fecha": "2018-02-05",
		"seguimiento": 1,
		"respuestas": [52, 51, 50, 49, 48, 47, 46, 45, 44, 43, 42, 41, 40, 39, 38, 37, 36, 35, 34, 33, 32, 31, 30, 29]
	}
}, {
	"model": "medical.examen",
	"pk": 4,
	"fields": {
		"tipo": 2,
		"paciente": 2,
		"resultado": 0,
		"fecha": "2018-02-05",
		"seguimiento": 1,
		"respuestas": [56, 55, 54, 53]
	}
}, {
	"model": "medical.examen",
	"pk": 5,
	"fields": {
		"tipo": 1,
		"paciente": 3,
		"resultado": 69,
		"fecha": "2018-02-05",
		"seguimiento": 1,
		"respuestas": [80, 79, 78, 77, 76, 75, 74, 73, 72, 71, 70, 69, 68, 67, 66, 65, 64, 63, 62, 61, 60, 59, 58, 57]
	}
}, {
	"model": "medical.examen",
	"pk": 6,
	"fields": {
		"tipo": 2,
		"paciente": 3,
		"resultado": 0,
		"fecha": "2018-02-05",
		"seguimiento": 1,
		"respuestas": [84, 83, 82, 81]
	}
}, {
	"model": "medical.examen",
	"pk": 7,
	"fields": {
		"tipo": 1,
		"paciente": 4,
		"resultado": 77,
		"fecha": "2018-02-05",
		"seguimiento": 1,
		"respuestas": [108, 107, 106, 105, 104, 103, 102, 101, 100, 99, 98, 97, 96, 95, 94, 93, 92, 91, 90, 89, 88, 87, 86, 85]
	}
}, {
	"model": "medical.examen",
	"pk": 8,
	"fields": {
		"tipo": 2,
		"paciente": 4,
		"resultado": 0,
		"fecha": "2018-02-05",
		"seguimiento": 1,
		"respuestas": [112, 111, 110, 109]
	}
}, {
	"model": "medical.examen",
	"pk": 9,
	"fields": {
		"tipo": 1,
		"paciente": 5,
		"resultado": 84,
		"fecha": "2018-02-05",
		"seguimiento": 1,
		"respuestas": [136, 135, 134, 133, 132, 131, 130, 129, 128, 127, 126, 125, 124, 123, 122, 121, 120, 119, 118, 117, 116, 115, 114, 113]
	}
}, {
	"model": "medical.examen",
	"pk": 10,
	"fields": {
		"tipo": 1,
		"paciente": 6,
		"resultado": 80,
		"fecha": "2018-02-05",
		"seguimiento": 1,
		"respuestas": [160, 159, 158, 157, 156, 155, 154, 153, 152, 151, 150, 149, 148, 147, 146, 145, 144, 143, 142, 141, 140, 139, 138, 137]
	}
}, {
	"model": "medical.examen",
	"pk": 11,
	"fields": {
		"tipo": 2,
		"paciente": 6,
		"resultado": 0,
		"fecha": "2018-02-05",
		"seguimiento": 1,
		"respuestas": [164, 163, 162, 161]
	}
}, {
	"model": "medical.examen",
	"pk": 12,
	"fields": {
		"tipo": 1,
		"paciente": 7,
		"resultado": 79,
		"fecha": "2018-02-05",
		"seguimiento": 1,
		"respuestas": [188, 187, 186, 185, 184, 183, 182, 181, 180, 179, 178, 177, 176, 175, 174, 173, 172, 171, 170, 169, 168, 167, 166, 165]
	}
}, {
	"model": "medical.examen",
	"pk": 13,
	"fields": {
		"tipo": 1,
		"paciente": 8,
		"resultado": 78,
		"fecha": "2018-02-05",
		"seguimiento": 1,
		"respuestas": [212, 211, 210, 209, 208, 207, 206, 205, 204, 203, 202, 201, 200, 199, 198, 197, 196, 195, 194, 193, 192, 191, 190, 189]
	}
}, {
	"model": "medical.examen",
	"pk": 14,
	"fields": {
		"tipo": 2,
		"paciente": 8,
		"resultado": 0,
		"fecha": "2018-02-05",
		"seguimiento": 1,
		"respuestas": [216, 215, 214, 213]
	}
}, {
	"model": "medical.examen",
	"pk": 15,
	"fields": {
		"tipo": 1,
		"paciente": 9,
		"resultado": 86,
		"fecha": "2018-02-05",
		"seguimiento": 1,
		"respuestas": [240, 239, 238, 237, 236, 235, 234, 233, 232, 231, 230, 229, 228, 227, 226, 225, 224, 223, 222, 221, 220, 219, 218, 217]
	}
}, {
	"model": "medical.examen",
	"pk": 16,
	"fields": {
		"tipo": 2,
		"paciente": 9,
		"resultado": 0,
		"fecha": "2018-02-05",
		"seguimiento": 1,
		"respuestas": [244, 243, 242, 241]
	}
}, {
	"model": "medical.examen",
	"pk": 17,
	"fields": {
		"tipo": 1,
		"paciente": 10,
		"resultado": 83,
		"fecha": "2018-02-05",
		"seguimiento": 1,
		"respuestas": [268, 267, 266, 265, 264, 263, 262, 261, 260, 259, 258, 257, 256, 255, 254, 253, 252, 251, 250, 249, 248, 247, 246, 245]
	}
}, {
	"model": "medical.examen",
	"pk": 18,
	"fields": {
		"tipo": 2,
		"paciente": 10,
		"resultado": 0,
		"fecha": "2018-02-05",
		"seguimiento": 1,
		"respuestas": [272, 271, 270, 269]
	}
}, {
	"model": "medical.examen",
	"pk": 19,
	"fields": {
		"tipo": 1,
		"paciente": 11,
		"resultado": 88,
		"fecha": "2018-02-05",
		"seguimiento": 1,
		"respuestas": [296, 295, 294, 293, 292, 291, 290, 289, 288, 287, 286, 285, 284, 283, 282, 281, 280, 279, 278, 277, 276, 275, 274, 273]
	}
}, {
	"model": "medical.examen",
	"pk": 20,
	"fields": {
		"tipo": 2,
		"paciente": 11,
		"resultado": 0,
		"fecha": "2018-02-05",
		"seguimiento": 1,
		"respuestas": [300, 299, 298, 297]
	}
}, {
	"model": "medical.examen",
	"pk": 21,
	"fields": {
		"tipo": 1,
		"paciente": 12,
		"resultado": 71,
		"fecha": "2018-02-05",
		"seguimiento": 1,
		"respuestas": [324, 323, 322, 321, 320, 319, 318, 317, 316, 315, 314, 313, 312, 311, 310, 309, 308, 307, 306, 305, 304, 303, 302, 301]
	}
}, {
	"model": "medical.examen",
	"pk": 22,
	"fields": {
		"tipo": 1,
		"paciente": 13,
		"resultado": 78,
		"fecha": "2018-02-05",
		"seguimiento": 1,
		"respuestas": [348, 347, 346, 345, 344, 343, 342, 341, 340, 339, 338, 337, 336, 335, 334, 333, 332, 331, 330, 329, 328, 327, 326, 325]
	}
}, {
	"model": "medical.examen",
	"pk": 23,
	"fields": {
		"tipo": 2,
		"paciente": 13,
		"resultado": 0,
		"fecha": "2018-02-05",
		"seguimiento": 1,
		"respuestas": [352, 351, 350, 349]
	}
}, {
	"model": "medical.examen",
	"pk": 24,
	"fields": {
		"tipo": 1,
		"paciente": 14,
		"resultado": 72,
		"fecha": "2018-02-05",
		"seguimiento": 1,
		"respuestas": [376, 375, 374, 373, 372, 371, 370, 369, 368, 367, 366, 365, 364, 363, 362, 361, 360, 359, 358, 357, 356, 355, 354, 353]
	}
}, {
	"model": "medical.examen",
	"pk": 25,
	"fields": {
		"tipo": 1,
		"paciente": 15,
		"resultado": 71,
		"fecha": "2018-02-05",
		"seguimiento": 1,
		"respuestas": [400, 399, 398, 397, 396, 395, 394, 393, 392, 391, 390, 389, 388, 387, 386, 385, 384, 383, 382, 381, 380, 379, 378, 377]
	}
}, {
	"model": "medical.examen",
	"pk": 26,
	"fields": {
		"tipo": 2,
		"paciente": 15,
		"resultado": 0,
		"fecha": "2018-02-05",
		"seguimiento": 1,
		"respuestas": [404, 403, 402, 401]
	}
}, {
	"model": "medical.examen",
	"pk": 27,
	"fields": {
		"tipo": 1,
		"paciente": 16,
		"resultado": 82,
		"fecha": "2018-02-05",
		"seguimiento": 1,
		"respuestas": [428, 427, 426, 425, 424, 423, 422, 421, 420, 419, 418, 417, 416, 415, 414, 413, 412, 411, 410, 409, 408, 407, 406, 405]
	}
}, {
	"model": "medical.examen",
	"pk": 28,
	"fields": {
		"tipo": 2,
		"paciente": 16,
		"resultado": 0,
		"fecha": "2018-02-05",
		"seguimiento": 1,
		"respuestas": [432, 431, 430, 429]
	}
}, {
	"model": "medical.examen",
	"pk": 29,
	"fields": {
		"tipo": 1,
		"paciente": 17,
		"resultado": 56,
		"fecha": "2018-02-05",
		"seguimiento": 1,
		"respuestas": [456, 455, 454, 453, 452, 451, 450, 449, 448, 447, 446, 445, 444, 443, 442, 441, 440, 439, 438, 437, 436, 435, 434, 433]
	}
}, {
	"model": "medical.examen",
	"pk": 30,
	"fields": {
		"tipo": 2,
		"paciente": 17,
		"resultado": 0,
		"fecha": "2018-02-05",
		"seguimiento": 1,
		"respuestas": [460, 459, 458, 457]
	}
}, {
	"model": "medical.examen",
	"pk": 31,
	"fields": {
		"tipo": 1,
		"paciente": 18,
		"resultado": 82,
		"fecha": "2018-02-05",
		"seguimiento": 1,
		"respuestas": [484, 483, 482, 481, 480, 479, 478, 477, 476, 475, 474, 473, 472, 471, 470, 469, 468, 467, 466, 465, 464, 463, 462, 461]
	}
}, {
	"model": "medical.examen",
	"pk": 32,
	"fields": {
		"tipo": 1,
		"paciente": 19,
		"resultado": 81,
		"fecha": "2018-02-05",
		"seguimiento": 1,
		"respuestas": [508, 507, 506, 505, 504, 503, 502, 501, 500, 499, 498, 497, 496, 495, 494, 493, 492, 491, 490, 489, 488, 487, 486, 485]
	}
}, {
	"model": "medical.examen",
	"pk": 33,
	"fields": {
		"tipo": 2,
		"paciente": 19,
		"resultado": 0,
		"fecha": "2018-02-05",
		"seguimiento": 1,
		"respuestas": [512, 511, 510, 509]
	}
}, {
	"model": "medical.examen",
	"pk": 34,
	"fields": {
		"tipo": 1,
		"paciente": 20,
		"resultado": 76,
		"fecha": "2018-02-05",
		"seguimiento": 1,
		"respuestas": [536, 535, 534, 533, 532, 531, 530, 529, 528, 527, 526, 525, 524, 523, 522, 521, 520, 519, 518, 517, 516, 515, 514, 513]
	}
}, {
	"model": "medical.examen",
	"pk": 35,
	"fields": {
		"tipo": 2,
		"paciente": 20,
		"resultado": 0,
		"fecha": "2018-02-05",
		"seguimiento": 1,
		"respuestas": [540, 539, 538, 537]
	}
}, {
	"model": "medical.examen",
	"pk": 36,
	"fields": {
		"tipo": 1,
		"paciente": 21,
		"resultado": 83,
		"fecha": "2018-02-05",
		"seguimiento": 1,
		"respuestas": [564, 563, 562, 561, 560, 559, 558, 557, 556, 555, 554, 553, 552, 551, 550, 549, 548, 547, 546, 545, 544, 543, 542, 541]
	}
}, {
	"model": "medical.examen",
	"pk": 37,
	"fields": {
		"tipo": 2,
		"paciente": 21,
		"resultado": 0,
		"fecha": "2018-02-05",
		"seguimiento": 1,
		"respuestas": [568, 567, 566, 565]
	}
}, {
	"model": "medical.examen",
	"pk": 38,
	"fields": {
		"tipo": 1,
		"paciente": 22,
		"resultado": 73,
		"fecha": "2018-02-05",
		"seguimiento": 1,
		"respuestas": [592, 591, 590, 589, 588, 587, 586, 585, 584, 583, 582, 581, 580, 579, 578, 577, 576, 575, 574, 573, 572, 571, 570, 569]
	}
}, {
	"model": "medical.examen",
	"pk": 39,
	"fields": {
		"tipo": 2,
		"paciente": 22,
		"resultado": 0,
		"fecha": "2018-02-05",
		"seguimiento": 1,
		"respuestas": [596, 595, 594, 593]
	}
}, {
	"model": "medical.examen",
	"pk": 40,
	"fields": {
		"tipo": 1,
		"paciente": 23,
		"resultado": 72,
		"fecha": "2018-02-05",
		"seguimiento": 1,
		"respuestas": [620, 619, 618, 617, 616, 615, 614, 613, 612, 611, 610, 609, 608, 607, 606, 605, 604, 603, 602, 601, 600, 599, 598, 597]
	}
}, {
	"model": "medical.examen",
	"pk": 41,
	"fields": {
		"tipo": 2,
		"paciente": 23,
		"resultado": 0,
		"fecha": "2018-02-05",
		"seguimiento": 1,
		"respuestas": [624, 623, 622, 621]
	}
}, {
	"model": "medical.examen",
	"pk": 42,
	"fields": {
		"tipo": 1,
		"paciente": 24,
		"resultado": 72,
		"fecha": "2018-02-05",
		"seguimiento": 1,
		"respuestas": [648, 647, 646, 645, 644, 643, 642, 641, 640, 639, 638, 637, 636, 635, 634, 633, 632, 631, 630, 629, 628, 627, 626, 625]
	}
}, {
	"model": "medical.examen",
	"pk": 43,
	"fields": {
		"tipo": 2,
		"paciente": 24,
		"resultado": 0,
		"fecha": "2018-02-05",
		"seguimiento": 1,
		"respuestas": [652, 651, 650, 649]
	}
}, {
	"model": "medical.examen",
	"pk": 44,
	"fields": {
		"tipo": 1,
		"paciente": 25,
		"resultado": 73,
		"fecha": "2018-02-05",
		"seguimiento": 1,
		"respuestas": [676, 675, 674, 673, 672, 671, 670, 669, 668, 667, 666, 665, 664, 663, 662, 661, 660, 659, 658, 657, 656, 655, 654, 653]
	}
}, {
	"model": "medical.examen",
	"pk": 45,
	"fields": {
		"tipo": 2,
		"paciente": 25,
		"resultado": 0,
		"fecha": "2018-02-05",
		"seguimiento": 1,
		"respuestas": [680, 679, 678, 677]
	}
}, {
	"model": "medical.examen",
	"pk": 46,
	"fields": {
		"tipo": 1,
		"paciente": 26,
		"resultado": 87,
		"fecha": "2018-02-05",
		"seguimiento": 1,
		"respuestas": [704, 703, 702, 701, 700, 699, 698, 697, 696, 695, 694, 693, 692, 691, 690, 689, 688, 687, 686, 685, 684, 683, 682, 681]
	}
}, {
	"model": "medical.examen",
	"pk": 47,
	"fields": {
		"tipo": 1,
		"paciente": 27,
		"resultado": 74,
		"fecha": "2018-02-05",
		"seguimiento": 1,
		"respuestas": [728, 727, 726, 725, 724, 723, 722, 721, 720, 719, 718, 717, 716, 715, 714, 713, 712, 711, 710, 709, 708, 707, 706, 705]
	}
}, {
	"model": "medical.examen",
	"pk": 48,
	"fields": {
		"tipo": 1,
		"paciente": 28,
		"resultado": 80,
		"fecha": "2018-02-05",
		"seguimiento": 1,
		"respuestas": [752, 751, 750, 749, 748, 747, 746, 745, 744, 743, 742, 741, 740, 739, 738, 737, 736, 735, 734, 733, 732, 731, 730, 729]
	}
}, {
	"model": "medical.examen",
	"pk": 49,
	"fields": {
		"tipo": 2,
		"paciente": 28,
		"resultado": 0,
		"fecha": "2018-02-05",
		"seguimiento": 1,
		"respuestas": [756, 755, 754, 753]
	}
}, {
	"model": "medical.examen",
	"pk": 50,
	"fields": {
		"tipo": 1,
		"paciente": 29,
		"resultado": 82,
		"fecha": "2018-02-05",
		"seguimiento": 1,
		"respuestas": [780, 779, 778, 777, 776, 775, 774, 773, 772, 771, 770, 769, 768, 767, 766, 765, 764, 763, 762, 761, 760, 759, 758, 757]
	}
}, {
	"model": "medical.examen",
	"pk": 51,
	"fields": {
		"tipo": 2,
		"paciente": 29,
		"resultado": 0,
		"fecha": "2018-02-05",
		"seguimiento": 1,
		"respuestas": [784, 783, 782, 781]
	}
}, {
	"model": "medical.examen",
	"pk": 52,
	"fields": {
		"tipo": 1,
		"paciente": 30,
		"resultado": 80,
		"fecha": "2018-02-05",
		"seguimiento": 1,
		"respuestas": [808, 807, 806, 805, 804, 803, 802, 801, 800, 799, 798, 797, 796, 795, 794, 793, 792, 791, 790, 789, 788, 787, 786, 785]
	}
}, {
	"model": "medical.examen",
	"pk": 53,
	"fields": {
		"tipo": 1,
		"paciente": 31,
		"resultado": 84,
		"fecha": "2018-02-05",
		"seguimiento": 1,
		"respuestas": [832, 831, 830, 829, 828, 827, 826, 825, 824, 823, 822, 821, 820, 819, 818, 817, 816, 815, 814, 813, 812, 811, 810, 809]
	}
}, {
	"model": "medical.examen",
	"pk": 54,
	"fields": {
		"tipo": 2,
		"paciente": 31,
		"resultado": 0,
		"fecha": "2018-02-05",
		"seguimiento": 1,
		"respuestas": [836, 835, 834, 833]
	}
}, {
	"model": "medical.examen",
	"pk": 55,
	"fields": {
		"tipo": 1,
		"paciente": 32,
		"resultado": 78,
		"fecha": "2018-02-05",
		"seguimiento": 1,
		"respuestas": [860, 859, 858, 857, 856, 855, 854, 853, 852, 851, 850, 849, 848, 847, 846, 845, 844, 843, 842, 841, 840, 839, 838, 837]
	}
}, {
	"model": "medical.examen",
	"pk": 56,
	"fields": {
		"tipo": 2,
		"paciente": 32,
		"resultado": 0,
		"fecha": "2018-02-05",
		"seguimiento": 1,
		"respuestas": [864, 863, 862, 861]
	}
}, {
	"model": "medical.examen",
	"pk": 57,
	"fields": {
		"tipo": 1,
		"paciente": 33,
		"resultado": 80,
		"fecha": "2018-02-05",
		"seguimiento": 1,
		"respuestas": [888, 887, 886, 885, 884, 883, 882, 881, 880, 879, 878, 877, 876, 875, 874, 873, 872, 871, 870, 869, 868, 867, 866, 865]
	}
}, {
	"model": "medical.examen",
	"pk": 58,
	"fields": {
		"tipo": 1,
		"paciente": 34,
		"resultado": 74,
		"fecha": "2018-02-05",
		"seguimiento": 1,
		"respuestas": [912, 911, 910, 909, 908, 907, 906, 905, 904, 903, 902, 901, 900, 899, 898, 897, 896, 895, 894, 893, 892, 891, 890, 889]
	}
}, {
	"model": "medical.examen",
	"pk": 59,
	"fields": {
		"tipo": 2,
		"paciente": 34,
		"resultado": 0,
		"fecha": "2018-02-05",
		"seguimiento": 1,
		"respuestas": [916, 915, 914, 913]
	}
}, {
	"model": "medical.examen",
	"pk": 60,
	"fields": {
		"tipo": 1,
		"paciente": 35,
		"resultado": 71,
		"fecha": "2018-02-05",
		"seguimiento": 1,
		"respuestas": [940, 939, 938, 937, 936, 935, 934, 933, 932, 931, 930, 929, 928, 927, 926, 925, 924, 923, 922, 921, 920, 919, 918, 917]
	}
}, {
	"model": "medical.examen",
	"pk": 61,
	"fields": {
		"tipo": 1,
		"paciente": 36,
		"resultado": 75,
		"fecha": "2018-02-05",
		"seguimiento": 1,
		"respuestas": [964, 963, 962, 961, 960, 959, 958, 957, 956, 955, 954, 953, 952, 951, 950, 949, 948, 947, 946, 945, 944, 943, 942, 941]
	}
}, {
	"model": "medical.examen",
	"pk": 62,
	"fields": {
		"tipo": 2,
		"paciente": 36,
		"resultado": 0,
		"fecha": "2018-02-05",
		"seguimiento": 1,
		"respuestas": [968, 967, 966, 965]
	}
}, {
	"model": "medical.examen",
	"pk": 63,
	"fields": {
		"tipo": 1,
		"paciente": 37,
		"resultado": 79,
		"fecha": "2018-02-05",
		"seguimiento": 1,
		"respuestas": [992, 991, 990, 989, 988, 987, 986, 985, 984, 983, 982, 981, 980, 979, 978, 977, 976, 975, 974, 973, 972, 971, 970, 969]
	}
}, {
	"model": "medical.examen",
	"pk": 64,
	"fields": {
		"tipo": 1,
		"paciente": 38,
		"resultado": 81,
		"fecha": "2018-02-05",
		"seguimiento": 1,
		"respuestas": [1016, 1015, 1014, 1013, 1012, 1011, 1010, 1009, 1008, 1007, 1006, 1005, 1004, 1003, 1002, 1001, 1000, 999, 998, 997, 996, 995, 994, 993]
	}
}, {
	"model": "medical.examen",
	"pk": 65,
	"fields": {
		"tipo": 2,
		"paciente": 38,
		"resultado": 0,
		"fecha": "2018-02-05",
		"seguimiento": 1,
		"respuestas": [1020, 1019, 1018, 1017]
	}
}, {
	"model": "medical.examen",
	"pk": 66,
	"fields": {
		"tipo": 1,
		"paciente": 39,
		"resultado": 84,
		"fecha": "2018-02-05",
		"seguimiento": 1,
		"respuestas": [1044, 1043, 1042, 1041, 1040, 1039, 1038, 1037, 1036, 1035, 1034, 1033, 1032, 1031, 1030, 1029, 1028, 1027, 1026, 1025, 1024, 1023, 1022, 1021]
	}
}, {
	"model": "medical.examen",
	"pk": 67,
	"fields": {
		"tipo": 2,
		"paciente": 39,
		"resultado": 0,
		"fecha": "2018-02-05",
		"seguimiento": 1,
		"respuestas": [1048, 1047, 1046, 1045]
	}
}, {
	"model": "medical.examen",
	"pk": 68,
	"fields": {
		"tipo": 1,
		"paciente": 40,
		"resultado": 89,
		"fecha": "2018-02-05",
		"seguimiento": 1,
		"respuestas": [1072, 1071, 1070, 1069, 1068, 1067, 1066, 1065, 1064, 1063, 1062, 1061, 1060, 1059, 1058, 1057, 1056, 1055, 1054, 1053, 1052, 1051, 1050, 1049]
	}
}, {
	"model": "medical.examen",
	"pk": 69,
	"fields": {
		"tipo": 2,
		"paciente": 40,
		"resultado": 0,
		"fecha": "2018-02-05",
		"seguimiento": 1,
		"respuestas": [1076, 1075, 1074, 1073]
	}
}, {
	"model": "medical.examen",
	"pk": 70,
	"fields": {
		"tipo": 1,
		"paciente": 41,
		"resultado": 78,
		"fecha": "2018-02-05",
		"seguimiento": 1,
		"respuestas": [1100, 1099, 1098, 1097, 1096, 1095, 1094, 1093, 1092, 1091, 1090, 1089, 1088, 1087, 1086, 1085, 1084, 1083, 1082, 1081, 1080, 1079, 1078, 1077]
	}
}, {
	"model": "medical.examen",
	"pk": 71,
	"fields": {
		"tipo": 2,
		"paciente": 41,
		"resultado": 0,
		"fecha": "2018-02-05",
		"seguimiento": 1,
		"respuestas": [1104, 1103, 1102, 1101]
	}
}, {
	"model": "medical.examen",
	"pk": 72,
	"fields": {
		"tipo": 1,
		"paciente": 42,
		"resultado": 74,
		"fecha": "2018-02-05",
		"seguimiento": 1,
		"respuestas": [1128, 1127, 1126, 1125, 1124, 1123, 1122, 1121, 1120, 1119, 1118, 1117, 1116, 1115, 1114, 1113, 1112, 1111, 1110, 1109, 1108, 1107, 1106, 1105]
	}
}, {
	"model": "medical.examen",
	"pk": 73,
	"fields": {
		"tipo": 2,
		"paciente": 42,
		"resultado": 0,
		"fecha": "2018-02-05",
		"seguimiento": 1,
		"respuestas": [1132, 1131, 1130, 1129]
	}
}, {
	"model": "medical.examen",
	"pk": 74,
	"fields": {
		"tipo": 1,
		"paciente": 43,
		"resultado": 89,
		"fecha": "2018-02-05",
		"seguimiento": 1,
		"respuestas": [1156, 1155, 1154, 1153, 1152, 1151, 1150, 1149, 1148, 1147, 1146, 1145, 1144, 1143, 1142, 1141, 1140, 1139, 1138, 1137, 1136, 1135, 1134, 1133]
	}
}, {
	"model": "medical.examen",
	"pk": 75,
	"fields": {
		"tipo": 2,
		"paciente": 43,
		"resultado": 0,
		"fecha": "2018-02-05",
		"seguimiento": 1,
		"respuestas": [1160, 1159, 1158, 1157]
	}
}, {
	"model": "medical.examen",
	"pk": 76,
	"fields": {
		"tipo": 1,
		"paciente": 44,
		"resultado": 78,
		"fecha": "2018-02-05",
		"seguimiento": 1,
		"respuestas": [1184, 1183, 1182, 1181, 1180, 1179, 1178, 1177, 1176, 1175, 1174, 1173, 1172, 1171, 1170, 1169, 1168, 1167, 1166, 1165, 1164, 1163, 1162, 1161]
	}
}, {
	"model": "medical.examen",
	"pk": 77,
	"fields": {
		"tipo": 2,
		"paciente": 44,
		"resultado": 0,
		"fecha": "2018-02-05",
		"seguimiento": 1,
		"respuestas": [1188, 1187, 1186, 1185]
	}
}, {
	"model": "medical.examen",
	"pk": 78,
	"fields": {
		"tipo": 1,
		"paciente": 45,
		"resultado": 85,
		"fecha": "2018-02-05",
		"seguimiento": 1,
		"respuestas": [1212, 1211, 1210, 1209, 1208, 1207, 1206, 1205, 1204, 1203, 1202, 1201, 1200, 1199, 1198, 1197, 1196, 1195, 1194, 1193, 1192, 1191, 1190, 1189]
	}
}, {
	"model": "medical.examen",
	"pk": 79,
	"fields": {
		"tipo": 2,
		"paciente": 45,
		"resultado": 0,
		"fecha": "2018-02-05",
		"seguimiento": 1,
		"respuestas": [1216, 1215, 1214, 1213]
	}
}, {
	"model": "medical.examen",
	"pk": 80,
	"fields": {
		"tipo": 1,
		"paciente": 46,
		"resultado": 69,
		"fecha": "2018-02-05",
		"seguimiento": 1,
		"respuestas": [1240, 1239, 1238, 1237, 1236, 1235, 1234, 1233, 1232, 1231, 1230, 1229, 1228, 1227, 1226, 1225, 1224, 1223, 1222, 1221, 1220, 1219, 1218, 1217]
	}
}, {
	"model": "medical.examen",
	"pk": 81,
	"fields": {
		"tipo": 2,
		"paciente": 46,
		"resultado": 0,
		"fecha": "2018-02-05",
		"seguimiento": 1,
		"respuestas": [1244, 1243, 1242, 1241]
	}
}, {
	"model": "medical.examen",
	"pk": 82,
	"fields": {
		"tipo": 1,
		"paciente": 47,
		"resultado": 84,
		"fecha": "2018-02-05",
		"seguimiento": 1,
		"respuestas": [1268, 1267, 1266, 1265, 1264, 1263, 1262, 1261, 1260, 1259, 1258, 1257, 1256, 1255, 1254, 1253, 1252, 1251, 1250, 1249, 1248, 1247, 1246, 1245]
	}
}, {
	"model": "medical.examen",
	"pk": 83,
	"fields": {
		"tipo": 2,
		"paciente": 47,
		"resultado": 0,
		"fecha": "2018-02-05",
		"seguimiento": 1,
		"respuestas": [1272, 1271, 1270, 1269]
	}
}, {
	"model": "medical.examen",
	"pk": 84,
	"fields": {
		"tipo": 1,
		"paciente": 48,
		"resultado": 73,
		"fecha": "2018-02-05",
		"seguimiento": 1,
		"respuestas": [1296, 1295, 1294, 1293, 1292, 1291, 1290, 1289, 1288, 1287, 1286, 1285, 1284, 1283, 1282, 1281, 1280, 1279, 1278, 1277, 1276, 1275, 1274, 1273]
	}
}, {
	"model": "medical.examen",
	"pk": 85,
	"fields": {
		"tipo": 2,
		"paciente": 48,
		"resultado": 0,
		"fecha": "2018-02-05",
		"seguimiento": 1,
		"respuestas": [1300, 1299, 1298, 1297]
	}
}, {
	"model": "medical.examen",
	"pk": 86,
	"fields": {
		"tipo": 1,
		"paciente": 49,
		"resultado": 79,
		"fecha": "2018-02-05",
		"seguimiento": 1,
		"respuestas": [1324, 1323, 1322, 1321, 1320, 1319, 1318, 1317, 1316, 1315, 1314, 1313, 1312, 1311, 1310, 1309, 1308, 1307, 1306, 1305, 1304, 1303, 1302, 1301]
	}
}, {
	"model": "medical.examen",
	"pk": 87,
	"fields": {
		"tipo": 2,
		"paciente": 49,
		"resultado": 0,
		"fecha": "2018-02-05",
		"seguimiento": 1,
		"respuestas": [1328, 1327, 1326, 1325]
	}
}, {
	"model": "medical.examen",
	"pk": 88,
	"fields": {
		"tipo": 1,
		"paciente": 50,
		"resultado": 84,
		"fecha": "2018-02-05",
		"seguimiento": 1,
		"respuestas": [1352, 1351, 1350, 1349, 1348, 1347, 1346, 1345, 1344, 1343, 1342, 1341, 1340, 1339, 1338, 1337, 1336, 1335, 1334, 1333, 1332, 1331, 1330, 1329]
	}
}, {
	"model": "medical.examen",
	"pk": 89,
	"fields": {
		"tipo": 2,
		"paciente": 50,
		"resultado": 0,
		"fecha": "2018-02-05",
		"seguimiento": 1,
		"respuestas": [1356, 1355, 1354, 1353]
	}
}, {
	"model": "medical.examen",
	"pk": 90,
	"fields": {
		"tipo": 1,
		"paciente": 51,
		"resultado": 79,
		"fecha": "2018-02-05",
		"seguimiento": 1,
		"respuestas": [1380, 1379, 1378, 1377, 1376, 1375, 1374, 1373, 1372, 1371, 1370, 1369, 1368, 1367, 1366, 1365, 1364, 1363, 1362, 1361, 1360, 1359, 1358, 1357]
	}
}, {
	"model": "medical.examen",
	"pk": 91,
	"fields": {
		"tipo": 2,
		"paciente": 51,
		"resultado": 0,
		"fecha": "2018-02-05",
		"seguimiento": 1,
		"respuestas": [1384, 1383, 1382, 1381]
	}
}, {
	"model": "medical.examen",
	"pk": 92,
	"fields": {
		"tipo": 1,
		"paciente": 52,
		"resultado": 85,
		"fecha": "2018-02-05",
		"seguimiento": 1,
		"respuestas": [1408, 1407, 1406, 1405, 1404, 1403, 1402, 1401, 1400, 1399, 1398, 1397, 1396, 1395, 1394, 1393, 1392, 1391, 1390, 1389, 1388, 1387, 1386, 1385]
	}
}, {
	"model": "medical.examen",
	"pk": 93,
	"fields": {
		"tipo": 2,
		"paciente": 52,
		"resultado": 0,
		"fecha": "2018-02-05",
		"seguimiento": 1,
		"respuestas": [1412, 1411, 1410, 1409]
	}
}, {
	"model": "medical.examen",
	"pk": 94,
	"fields": {
		"tipo": 1,
		"paciente": 53,
		"resultado": 68,
		"fecha": "2018-02-05",
		"seguimiento": 1,
		"respuestas": [1436, 1435, 1434, 1433, 1432, 1431, 1430, 1429, 1428, 1427, 1426, 1425, 1424, 1423, 1422, 1421, 1420, 1419, 1418, 1417, 1416, 1415, 1414, 1413]
	}
}, {
	"model": "medical.examen",
	"pk": 95,
	"fields": {
		"tipo": 2,
		"paciente": 53,
		"resultado": 0,
		"fecha": "2018-02-05",
		"seguimiento": 1,
		"respuestas": [1440, 1439, 1438, 1437]
	}
}, {
	"model": "medical.examen",
	"pk": 96,
	"fields": {
		"tipo": 1,
		"paciente": 54,
		"resultado": 64,
		"fecha": "2018-02-05",
		"seguimiento": 1,
		"respuestas": [1464, 1463, 1462, 1461, 1460, 1459, 1458, 1457, 1456, 1455, 1454, 1453, 1452, 1451, 1450, 1449, 1448, 1447, 1446, 1445, 1444, 1443, 1442, 1441]
	}
}, {
	"model": "medical.examen",
	"pk": 97,
	"fields": {
		"tipo": 2,
		"paciente": 54,
		"resultado": 0,
		"fecha": "2018-02-05",
		"seguimiento": 1,
		"respuestas": [1468, 1467, 1466, 1465]
	}
}, {
	"model": "medical.examen",
	"pk": 98,
	"fields": {
		"tipo": 1,
		"paciente": 55,
		"resultado": 91,
		"fecha": "2018-02-05",
		"seguimiento": 1,
		"respuestas": [1469, 1470, 1471, 1472, 1473, 1474, 1475, 1476, 1477, 1478, 1479, 1480, 1481, 1482, 1483, 1484, 1485, 1486, 1487, 1488, 1489, 1490, 1491, 1492]
	}
}, {
	"model": "medical.examen",
	"pk": 99,
	"fields": {
		"tipo": 2,
		"paciente": 55,
		"resultado": 0,
		"fecha": "2018-02-05",
		"seguimiento": 1,
		"respuestas": [1493, 1494, 1495, 1496]
	}
}, {
	"model": "medical.examen",
	"pk": 100,
	"fields": {
		"tipo": 1,
		"paciente": 56,
		"resultado": 68,
		"fecha": "2018-02-05",
		"seguimiento": 1,
		"respuestas": [1497, 1498, 1499, 1500, 1501, 1502, 1503, 1504, 1505, 1506, 1507, 1508, 1509, 1510, 1511, 1512, 1513, 1514, 1515, 1516, 1517, 1518, 1519, 1520]
	}
}, {
	"model": "medical.examen",
	"pk": 101,
	"fields": {
		"tipo": 1,
		"paciente": 57,
		"resultado": 65,
		"fecha": "2018-02-05",
		"seguimiento": 1,
		"respuestas": [1521, 1522, 1523, 1524, 1525, 1526, 1527, 1528, 1529, 1530, 1531, 1532, 1533, 1534, 1535, 1536, 1537, 1538, 1539, 1540, 1541, 1542, 1543, 1544]
	}
}, {
	"model": "medical.examen",
	"pk": 102,
	"fields": {
		"tipo": 2,
		"paciente": 57,
		"resultado": 0,
		"fecha": "2018-02-05",
		"seguimiento": 1,
		"respuestas": [1545, 1546, 1547, 1548]
	}
}, {
	"model": "medical.examen",
	"pk": 103,
	"fields": {
		"tipo": 1,
		"paciente": 58,
		"resultado": 71,
		"fecha": "2018-02-05",
		"seguimiento": 1,
		"respuestas": [1549, 1550, 1551, 1552, 1553, 1554, 1555, 1556, 1557, 1558, 1559, 1560, 1561, 1562, 1563, 1564, 1565, 1566, 1567, 1568, 1569, 1570, 1571, 1572]
	}
}, {
	"model": "medical.examen",
	"pk": 104,
	"fields": {
		"tipo": 1,
		"paciente": 59,
		"resultado": 84,
		"fecha": "2018-02-05",
		"seguimiento": 1,
		"respuestas": [1573, 1574, 1575, 1576, 1577, 1578, 1579, 1580, 1581, 1582, 1583, 1584, 1585, 1586, 1587, 1588, 1589, 1590, 1591, 1592, 1593, 1594, 1595, 1596]
	}
}, {
	"model": "medical.examen",
	"pk": 105,
	"fields": {
		"tipo": 1,
		"paciente": 60,
		"resultado": 93,
		"fecha": "2018-02-05",
		"seguimiento": 1,
		"respuestas": [1597, 1598, 1599, 1600, 1601, 1602, 1603, 1604, 1605, 1606, 1607, 1608, 1609, 1610, 1611, 1612, 1613, 1614, 1615, 1616, 1617, 1618, 1619, 1620]
	}
}, {
	"model": "medical.examen",
	"pk": 106,
	"fields": {
		"tipo": 1,
		"paciente": 61,
		"resultado": 57,
		"fecha": "2018-02-05",
		"seguimiento": 1,
		"respuestas": [1621, 1622, 1623, 1624, 1625, 1626, 1627, 1628, 1629, 1630, 1631, 1632, 1633, 1634, 1635, 1636, 1637, 1638, 1639, 1640, 1641, 1642, 1643, 1644]
	}
}, {
	"model": "auth.permission",
	"pk": 1,
	"fields": {
		"name": "Can add log entry",
		"content_type": 1,
		"codename": "add_logentry"
	}
}, {
	"model": "auth.permission",
	"pk": 2,
	"fields": {
		"name": "Can change log entry",
		"content_type": 1,
		"codename": "change_logentry"
	}
}, {
	"model": "auth.permission",
	"pk": 3,
	"fields": {
		"name": "Can delete log entry",
		"content_type": 1,
		"codename": "delete_logentry"
	}
}, {
	"model": "auth.permission",
	"pk": 4,
	"fields": {
		"name": "Can add group",
		"content_type": 2,
		"codename": "add_group"
	}
}, {
	"model": "auth.permission",
	"pk": 5,
	"fields": {
		"name": "Can change group",
		"content_type": 2,
		"codename": "change_group"
	}
}, {
	"model": "auth.permission",
	"pk": 6,
	"fields": {
		"name": "Can delete group",
		"content_type": 2,
		"codename": "delete_group"
	}
}, {
	"model": "auth.permission",
	"pk": 7,
	"fields": {
		"name": "Can add permission",
		"content_type": 3,
		"codename": "add_permission"
	}
}, {
	"model": "auth.permission",
	"pk": 8,
	"fields": {
		"name": "Can change permission",
		"content_type": 3,
		"codename": "change_permission"
	}
}, {
	"model": "auth.permission",
	"pk": 9,
	"fields": {
		"name": "Can delete permission",
		"content_type": 3,
		"codename": "delete_permission"
	}
}, {
	"model": "auth.permission",
	"pk": 10,
	"fields": {
		"name": "Can add user",
		"content_type": 4,
		"codename": "add_user"
	}
}, {
	"model": "auth.permission",
	"pk": 11,
	"fields": {
		"name": "Can change user",
		"content_type": 4,
		"codename": "change_user"
	}
}, {
	"model": "auth.permission",
	"pk": 12,
	"fields": {
		"name": "Can delete user",
		"content_type": 4,
		"codename": "delete_user"
	}
}, {
	"model": "auth.permission",
	"pk": 13,
	"fields": {
		"name": "Can add content type",
		"content_type": 5,
		"codename": "add_contenttype"
	}
}, {
	"model": "auth.permission",
	"pk": 14,
	"fields": {
		"name": "Can change content type",
		"content_type": 5,
		"codename": "change_contenttype"
	}
}, {
	"model": "auth.permission",
	"pk": 15,
	"fields": {
		"name": "Can delete content type",
		"content_type": 5,
		"codename": "delete_contenttype"
	}
}, {
	"model": "auth.permission",
	"pk": 16,
	"fields": {
		"name": "Can add session",
		"content_type": 6,
		"codename": "add_session"
	}
}, {
	"model": "auth.permission",
	"pk": 17,
	"fields": {
		"name": "Can change session",
		"content_type": 6,
		"codename": "change_session"
	}
}, {
	"model": "auth.permission",
	"pk": 18,
	"fields": {
		"name": "Can delete session",
		"content_type": 6,
		"codename": "delete_session"
	}
}, {
	"model": "auth.permission",
	"pk": 19,
	"fields": {
		"name": "Can add regimen salud",
		"content_type": 7,
		"codename": "add_regimensalud"
	}
}, {
	"model": "auth.permission",
	"pk": 20,
	"fields": {
		"name": "Can change regimen salud",
		"content_type": 7,
		"codename": "change_regimensalud"
	}
}, {
	"model": "auth.permission",
	"pk": 21,
	"fields": {
		"name": "Can delete regimen salud",
		"content_type": 7,
		"codename": "delete_regimensalud"
	}
}, {
	"model": "auth.permission",
	"pk": 22,
	"fields": {
		"name": "Can add habits antecedents",
		"content_type": 8,
		"codename": "add_habitsantecedents"
	}
}, {
	"model": "auth.permission",
	"pk": 23,
	"fields": {
		"name": "Can change habits antecedents",
		"content_type": 8,
		"codename": "change_habitsantecedents"
	}
}, {
	"model": "auth.permission",
	"pk": 24,
	"fields": {
		"name": "Can delete habits antecedents",
		"content_type": 8,
		"codename": "delete_habitsantecedents"
	}
}, {
	"model": "auth.permission",
	"pk": 25,
	"fields": {
		"name": "Can add facultad",
		"content_type": 9,
		"codename": "add_facultad"
	}
}, {
	"model": "auth.permission",
	"pk": 26,
	"fields": {
		"name": "Can change facultad",
		"content_type": 9,
		"codename": "change_facultad"
	}
}, {
	"model": "auth.permission",
	"pk": 27,
	"fields": {
		"name": "Can delete facultad",
		"content_type": 9,
		"codename": "delete_facultad"
	}
}, {
	"model": "auth.permission",
	"pk": 28,
	"fields": {
		"name": "Can add paciente",
		"content_type": 10,
		"codename": "add_paciente"
	}
}, {
	"model": "auth.permission",
	"pk": 29,
	"fields": {
		"name": "Can change paciente",
		"content_type": 10,
		"codename": "change_paciente"
	}
}, {
	"model": "auth.permission",
	"pk": 30,
	"fields": {
		"name": "Can delete paciente",
		"content_type": 10,
		"codename": "delete_paciente"
	}
}, {
	"model": "auth.permission",
	"pk": 31,
	"fields": {
		"name": "Can add opcion pregunta",
		"content_type": 11,
		"codename": "add_opcionpregunta"
	}
}, {
	"model": "auth.permission",
	"pk": 32,
	"fields": {
		"name": "Can change opcion pregunta",
		"content_type": 11,
		"codename": "change_opcionpregunta"
	}
}, {
	"model": "auth.permission",
	"pk": 33,
	"fields": {
		"name": "Can delete opcion pregunta",
		"content_type": 11,
		"codename": "delete_opcionpregunta"
	}
}, {
	"model": "auth.permission",
	"pk": 34,
	"fields": {
		"name": "Can add observaciones",
		"content_type": 12,
		"codename": "add_observaciones"
	}
}, {
	"model": "auth.permission",
	"pk": 35,
	"fields": {
		"name": "Can change observaciones",
		"content_type": 12,
		"codename": "change_observaciones"
	}
}, {
	"model": "auth.permission",
	"pk": 36,
	"fields": {
		"name": "Can delete observaciones",
		"content_type": 12,
		"codename": "delete_observaciones"
	}
}, {
	"model": "auth.permission",
	"pk": 37,
	"fields": {
		"name": "Can add examen",
		"content_type": 13,
		"codename": "add_examen"
	}
}, {
	"model": "auth.permission",
	"pk": 38,
	"fields": {
		"name": "Can change examen",
		"content_type": 13,
		"codename": "change_examen"
	}
}, {
	"model": "auth.permission",
	"pk": 39,
	"fields": {
		"name": "Can delete examen",
		"content_type": 13,
		"codename": "delete_examen"
	}
}, {
	"model": "auth.permission",
	"pk": 40,
	"fields": {
		"name": "Can add puntaje categoria",
		"content_type": 14,
		"codename": "add_puntajecategoria"
	}
}, {
	"model": "auth.permission",
	"pk": 41,
	"fields": {
		"name": "Can change puntaje categoria",
		"content_type": 14,
		"codename": "change_puntajecategoria"
	}
}, {
	"model": "auth.permission",
	"pk": 42,
	"fields": {
		"name": "Can delete puntaje categoria",
		"content_type": 14,
		"codename": "delete_puntajecategoria"
	}
}, {
	"model": "auth.permission",
	"pk": 43,
	"fields": {
		"name": "Can add pregunta",
		"content_type": 15,
		"codename": "add_pregunta"
	}
}, {
	"model": "auth.permission",
	"pk": 44,
	"fields": {
		"name": "Can change pregunta",
		"content_type": 15,
		"codename": "change_pregunta"
	}
}, {
	"model": "auth.permission",
	"pk": 45,
	"fields": {
		"name": "Can delete pregunta",
		"content_type": 15,
		"codename": "delete_pregunta"
	}
}, {
	"model": "auth.permission",
	"pk": 46,
	"fields": {
		"name": "Can add tipo examen",
		"content_type": 16,
		"codename": "add_tipoexamen"
	}
}, {
	"model": "auth.permission",
	"pk": 47,
	"fields": {
		"name": "Can change tipo examen",
		"content_type": 16,
		"codename": "change_tipoexamen"
	}
}, {
	"model": "auth.permission",
	"pk": 48,
	"fields": {
		"name": "Can delete tipo examen",
		"content_type": 16,
		"codename": "delete_tipoexamen"
	}
}, {
	"model": "auth.permission",
	"pk": 49,
	"fields": {
		"name": "Can add respuesta",
		"content_type": 17,
		"codename": "add_respuesta"
	}
}, {
	"model": "auth.permission",
	"pk": 50,
	"fields": {
		"name": "Can change respuesta",
		"content_type": 17,
		"codename": "change_respuesta"
	}
}, {
	"model": "auth.permission",
	"pk": 51,
	"fields": {
		"name": "Can delete respuesta",
		"content_type": 17,
		"codename": "delete_respuesta"
	}
}, {
	"model": "auth.user",
	"pk": 1,
	"fields": {
		"password": "pbkdf2_sha256$36000$DNRL0scA1cfD$YVRy0qUg0zyhzNlK83wWB4WiX9y14bNCsQbdjanFxzw=",
		"last_login": "2018-02-05T16:16:23.403Z",
		"is_superuser": true,
		"username": "diego",
		"first_name": "",
		"last_name": "",
		"email": "dangulogallego@gmail.com",
		"is_staff": true,
		"is_active": true,
		"date_joined": "2018-02-01T04:39:30.549Z",
		"groups": [],
		"user_permissions": []
	}
}, {
	"model": "auth.user",
	"pk": 2,
	"fields": {
		"password": "pbkdf2_sha256$36000$TIW1yKbP3ZU6$ePV5FFfDwigw1CjXkM21CZO7khE/VmTAtHZ2bHZKJgE=",
		"last_login": "2018-02-05T22:52:05.582Z",
		"is_superuser": false,
		"username": "111",
		"first_name": "Juli\u00e1n",
		"last_name": "Martinez",
		"email": "",
		"is_staff": true,
		"is_active": true,
		"date_joined": "2018-02-01T05:39:57Z",
		"groups": [],
		"user_permissions": []
	}
}, {
	"model": "auth.user",
	"pk": 3,
	"fields": {
		"password": "pbkdf2_sha256$36000$wrLtdRC4m8YR$XjDK0rVJJZjSKqqTl+et/ckAec5B3MBupPhEJlQVY+0=",
		"last_login": "2018-02-05T16:40:06.600Z",
		"is_superuser": false,
		"username": "3",
		"first_name": "Gloria Ines",
		"last_name": "Rodas",
		"email": "dangulogallego@gmail.com",
		"is_staff": false,
		"is_active": true,
		"date_joined": "2018-02-05T16:40:05.938Z",
		"groups": [],
		"user_permissions": []
	}
}, {
	"model": "auth.user",
	"pk": 4,
	"fields": {
		"password": "pbkdf2_sha256$36000$gvuJKfU3I7Ga$7hzTZRZSNY3OLAhkf4xl2jJKdZCqYh+v2ml8O+UZh18=",
		"last_login": "2018-02-05T16:57:26.707Z",
		"is_superuser": false,
		"username": "4",
		"first_name": "Beatriz",
		"last_name": "Giraldo",
		"email": "dangulogallego@gmail.com",
		"is_staff": false,
		"is_active": true,
		"date_joined": "2018-02-05T16:57:26.206Z",
		"groups": [],
		"user_permissions": []
	}
}, {
	"model": "auth.user",
	"pk": 5,
	"fields": {
		"password": "pbkdf2_sha256$36000$xJoZkBzmHmnn$pfxPEEhYG++0RHl2/ZvPsqMdm5HoKJHKObczMNbSoEA=",
		"last_login": "2018-02-05T17:01:21.334Z",
		"is_superuser": false,
		"username": "5",
		"first_name": "Luz Damaris",
		"last_name": "Rojas",
		"email": "dangulogallego@gmail.com",
		"is_staff": false,
		"is_active": true,
		"date_joined": "2018-02-05T17:01:20.861Z",
		"groups": [],
		"user_permissions": []
	}
}, {
	"model": "auth.user",
	"pk": 6,
	"fields": {
		"password": "pbkdf2_sha256$36000$NBVZpEGC9LpJ$8XE5QgjYNwonhtGkgi00emxTSC5dOPcA6cBzjtsF8gw=",
		"last_login": "2018-02-05T17:04:35.873Z",
		"is_superuser": false,
		"username": "6",
		"first_name": "Alberto",
		"last_name": "Rios",
		"email": "dangulogallego@gmail.com",
		"is_staff": false,
		"is_active": true,
		"date_joined": "2018-02-05T17:04:35.381Z",
		"groups": [],
		"user_permissions": []
	}
}, {
	"model": "auth.user",
	"pk": 7,
	"fields": {
		"password": "pbkdf2_sha256$36000$kagCg3THui0E$ObFq03CyqbTcEvnvhGKLyMTenQquliI7pi2wRirrkQc=",
		"last_login": "2018-02-05T17:08:31.301Z",
		"is_superuser": false,
		"username": "7",
		"first_name": "Lineth Gricelida",
		"last_name": "Abella",
		"email": "dangulogallego@gmail.com",
		"is_staff": false,
		"is_active": true,
		"date_joined": "2018-02-05T17:08:30.813Z",
		"groups": [],
		"user_permissions": []
	}
}, {
	"model": "auth.user",
	"pk": 8,
	"fields": {
		"password": "pbkdf2_sha256$36000$bWK3EMNVmX6w$Yzxao6784ZovVdvmrwwNN3US53zMQzpB+7og3eaZdyI=",
		"last_login": "2018-02-05T17:11:24.662Z",
		"is_superuser": false,
		"username": "8",
		"first_name": "Ana Mar\u00eda",
		"last_name": "Soto",
		"email": "dangulogallego@gmail.com",
		"is_staff": false,
		"is_active": true,
		"date_joined": "2018-02-05T17:11:24.180Z",
		"groups": [],
		"user_permissions": []
	}
}, {
	"model": "auth.user",
	"pk": 9,
	"fields": {
		"password": "pbkdf2_sha256$36000$vIsPTIvQW3q4$O44y5FCs3NDWmflyQ+dsOr7SW+UG7LuEkXtahm3IMjc=",
		"last_login": "2018-02-05T17:13:57.645Z",
		"is_superuser": false,
		"username": "9",
		"first_name": "Mar\u00eda Eugenia",
		"last_name": "Velez",
		"email": "dangulogallego@gmail.com",
		"is_staff": false,
		"is_active": true,
		"date_joined": "2018-02-05T17:13:57.138Z",
		"groups": [],
		"user_permissions": []
	}
}, {
	"model": "auth.user",
	"pk": 10,
	"fields": {
		"password": "pbkdf2_sha256$36000$SizbPuLvkUWZ$r7TR7hiDCg0tsPG1aIBC3xdfd3K5btiwCHmB7Hsji1I=",
		"last_login": "2018-02-05T17:16:42.340Z",
		"is_superuser": false,
		"username": "10",
		"first_name": "Jairo",
		"last_name": "D\u00edaz",
		"email": "dangulogallego@gmail.com",
		"is_staff": false,
		"is_active": true,
		"date_joined": "2018-02-05T17:16:41.854Z",
		"groups": [],
		"user_permissions": []
	}
}, {
	"model": "auth.user",
	"pk": 11,
	"fields": {
		"password": "pbkdf2_sha256$36000$CgHEFOpPM3So$NQVnlPqsq5OvcuRIyghtlZ6qIxEDAyGU1T3VMVnc2MQ=",
		"last_login": "2018-02-05T17:39:06.467Z",
		"is_superuser": false,
		"username": "11",
		"first_name": "Lohober",
		"last_name": "Duque",
		"email": "dangulogallego@gmail.com",
		"is_staff": false,
		"is_active": true,
		"date_joined": "2018-02-05T17:24:25.331Z",
		"groups": [],
		"user_permissions": []
	}
}, {
	"model": "auth.user",
	"pk": 12,
	"fields": {
		"password": "pbkdf2_sha256$36000$JiHubSfKPses$l38P8d4/05C/ertBmlaywUMHgoVh9pJZjwr+mt29iYk=",
		"last_login": "2018-02-05T17:27:05.864Z",
		"is_superuser": false,
		"username": "12",
		"first_name": "Jorge Hernan",
		"last_name": "Victoria",
		"email": "dangulogallego@gmail.com",
		"is_staff": false,
		"is_active": true,
		"date_joined": "2018-02-05T17:27:05.366Z",
		"groups": [],
		"user_permissions": []
	}
}, {
	"model": "auth.user",
	"pk": 13,
	"fields": {
		"password": "pbkdf2_sha256$36000$PkOXUfZtQILi$8dxQWDCORZBx6E/+j4kQpS9oFSiNwM9cUPp7Ygbicmw=",
		"last_login": "2018-02-05T17:33:34.872Z",
		"is_superuser": false,
		"username": "13",
		"first_name": "Harlis",
		"last_name": "Rivas",
		"email": "dangulogallego@gmail.com",
		"is_staff": false,
		"is_active": true,
		"date_joined": "2018-02-05T17:33:34.380Z",
		"groups": [],
		"user_permissions": []
	}
}, {
	"model": "auth.user",
	"pk": 14,
	"fields": {
		"password": "pbkdf2_sha256$36000$jQBUdymahvoD$DG/xckqwlcYW8/uB2ESMxvlc1TA88Zr4KE2tFOuD0Fo=",
		"last_login": "2018-02-05T17:35:54.629Z",
		"is_superuser": false,
		"username": "14",
		"first_name": "Eberth",
		"last_name": "Caicedo",
		"email": "dangulogallego@gmail.com",
		"is_staff": false,
		"is_active": true,
		"date_joined": "2018-02-05T17:35:54.146Z",
		"groups": [],
		"user_permissions": []
	}
}, {
	"model": "auth.user",
	"pk": 15,
	"fields": {
		"password": "pbkdf2_sha256$36000$eHGuegyAGtVH$ZHFSm2cvGRTPbBiXlhrCldfBHngqAgLY4/7kZFntE5M=",
		"last_login": "2018-02-05T17:37:41.803Z",
		"is_superuser": false,
		"username": "15",
		"first_name": "Adela",
		"last_name": "Masias",
		"email": "dangulogallego@gmail.com",
		"is_staff": false,
		"is_active": true,
		"date_joined": "2018-02-05T17:37:41.322Z",
		"groups": [],
		"user_permissions": []
	}
}, {
	"model": "auth.user",
	"pk": 16,
	"fields": {
		"password": "pbkdf2_sha256$36000$CI5fbeQ7WiGx$xReaL+f+EzpF9zYsHkOsSASWGpsMN6LmUMVn0zwNnEo=",
		"last_login": "2018-02-05T17:42:55.497Z",
		"is_superuser": false,
		"username": "16",
		"first_name": "Gonzalo",
		"last_name": "Romero",
		"email": "dangulogallego@gmail.com",
		"is_staff": false,
		"is_active": true,
		"date_joined": "2018-02-05T17:42:55.006Z",
		"groups": [],
		"user_permissions": []
	}
}, {
	"model": "auth.user",
	"pk": 17,
	"fields": {
		"password": "pbkdf2_sha256$36000$XnInO8DWN3G5$JeiZh6+LG43e10AQKjJNZBunkNXhUaPTIoj3/cx1p1E=",
		"last_login": "2018-02-05T17:44:58.210Z",
		"is_superuser": false,
		"username": "17",
		"first_name": "Yuly Bibiana",
		"last_name": "Robles",
		"email": "dangulogallego@gmail.com",
		"is_staff": false,
		"is_active": true,
		"date_joined": "2018-02-05T17:44:57.733Z",
		"groups": [],
		"user_permissions": []
	}
}, {
	"model": "auth.user",
	"pk": 18,
	"fields": {
		"password": "pbkdf2_sha256$36000$YRKPvli7o3cZ$kfn8RKBgONhab0luuch8wlgWqrEuiVjwFpcwDoaaCkA=",
		"last_login": "2018-02-05T17:47:09.635Z",
		"is_superuser": false,
		"username": "18",
		"first_name": "Carolina",
		"last_name": "Carvajal",
		"email": "dangulogallego@gmail.com",
		"is_staff": false,
		"is_active": true,
		"date_joined": "2018-02-05T17:47:09.128Z",
		"groups": [],
		"user_permissions": []
	}
}, {
	"model": "auth.user",
	"pk": 19,
	"fields": {
		"password": "pbkdf2_sha256$36000$u39n9lppwevt$1s5ToVor5MLA/1M3ToCXLB3dLxBXorwnBJnd+GhZNVE=",
		"last_login": "2018-02-05T17:49:40.848Z",
		"is_superuser": false,
		"username": "19",
		"first_name": "Pablo Jose",
		"last_name": "Jimenez",
		"email": "dangulogallego@gmail.com",
		"is_staff": false,
		"is_active": true,
		"date_joined": "2018-02-05T17:49:40.346Z",
		"groups": [],
		"user_permissions": []
	}
}, {
	"model": "auth.user",
	"pk": 20,
	"fields": {
		"password": "pbkdf2_sha256$36000$h3TthDKFNpme$DUzGSUvs7Q6nScoS9YHWlk0noyso2j2TgHq0VCgC+ag=",
		"last_login": "2018-02-05T20:34:28.759Z",
		"is_superuser": false,
		"username": "20",
		"first_name": "Paola Andrea",
		"last_name": "Fontal",
		"email": "dangulogallego@gmail.com",
		"is_staff": false,
		"is_active": true,
		"date_joined": "2018-02-05T20:34:28.271Z",
		"groups": [],
		"user_permissions": []
	}
}, {
	"model": "auth.user",
	"pk": 21,
	"fields": {
		"password": "pbkdf2_sha256$36000$wQhIBG2wpAyu$hYk+yyKP4mFx7YmycWLrdVWwQnzoX6DQDKA4TIxOpXs=",
		"last_login": "2018-02-05T20:36:31.359Z",
		"is_superuser": false,
		"username": "21",
		"first_name": "Gustavo Adolfo",
		"last_name": "C\u00e1rdenas",
		"email": "dangulogallego@gmail.com",
		"is_staff": false,
		"is_active": true,
		"date_joined": "2018-02-05T20:36:30.874Z",
		"groups": [],
		"user_permissions": []
	}
}, {
	"model": "auth.user",
	"pk": 22,
	"fields": {
		"password": "pbkdf2_sha256$36000$dxTqqUy38m5o$/x1Hz9U6x5U+E717JZnI6Hw+czcos0unsaB+eQTnVNE=",
		"last_login": "2018-02-05T20:39:31.178Z",
		"is_superuser": false,
		"username": "22",
		"first_name": "Mar\u00eda Elisa",
		"last_name": "Alvarez",
		"email": "dangulogallego@gmail.com",
		"is_staff": false,
		"is_active": true,
		"date_joined": "2018-02-05T20:39:30.692Z",
		"groups": [],
		"user_permissions": []
	}
}, {
	"model": "auth.user",
	"pk": 23,
	"fields": {
		"password": "pbkdf2_sha256$36000$lgyXE6poOIgM$s4WGBLKaOzt4hikazU+2I1G9cmRfpoFvvq+YexkqF/I=",
		"last_login": "2018-02-05T20:41:55.945Z",
		"is_superuser": false,
		"username": "23",
		"first_name": "Albeiro Antonio",
		"last_name": "D\u00e1vila",
		"email": "dangulogallego@gmail.com",
		"is_staff": false,
		"is_active": true,
		"date_joined": "2018-02-05T20:41:55.464Z",
		"groups": [],
		"user_permissions": []
	}
}, {
	"model": "auth.user",
	"pk": 24,
	"fields": {
		"password": "pbkdf2_sha256$36000$ryflf1vCxRHQ$0CkRt+/b2hHyUQNPQvhMxwReoMyaJTiqH7MSw+JctGs=",
		"last_login": "2018-02-05T20:44:11.034Z",
		"is_superuser": false,
		"username": "24",
		"first_name": "Edgar Hernan",
		"last_name": "Ramirez",
		"email": "dangulogallego@gmail.com",
		"is_staff": false,
		"is_active": true,
		"date_joined": "2018-02-05T20:44:10.547Z",
		"groups": [],
		"user_permissions": []
	}
}, {
	"model": "auth.user",
	"pk": 25,
	"fields": {
		"password": "pbkdf2_sha256$36000$w6KgymWp2ZDW$wMrMv3eJCU6R8nDDSi0yscMBiUHtE67Wo+DzMukVEk0=",
		"last_login": "2018-02-05T20:46:29.003Z",
		"is_superuser": false,
		"username": "25",
		"first_name": "Luis Ebert",
		"last_name": "Palma",
		"email": "dangulogallego@gmail.com",
		"is_staff": false,
		"is_active": true,
		"date_joined": "2018-02-05T20:46:28.523Z",
		"groups": [],
		"user_permissions": []
	}
}, {
	"model": "auth.user",
	"pk": 26,
	"fields": {
		"password": "pbkdf2_sha256$36000$O1O7771ROW2M$MNRaMvnBKL+8ln0dp7UiccLJ9174I5hUlKfP835I2NU=",
		"last_login": "2018-02-05T20:48:38.295Z",
		"is_superuser": false,
		"username": "26",
		"first_name": "Gustavo Adolfo",
		"last_name": "Jaramillo",
		"email": "dangulogallego@gmail.com",
		"is_staff": false,
		"is_active": true,
		"date_joined": "2018-02-05T20:48:37.793Z",
		"groups": [],
		"user_permissions": []
	}
}, {
	"model": "auth.user",
	"pk": 27,
	"fields": {
		"password": "pbkdf2_sha256$36000$2VauD8flK7fF$K6pN0UjaACEP2pNzEeY5q9SmuIk0sTUz0DAmxThdbOU=",
		"last_login": "2018-02-05T20:51:25.525Z",
		"is_superuser": false,
		"username": "27",
		"first_name": "Jorge Hernan",
		"last_name": "Gomez",
		"email": "dangulogallego@gmail.com",
		"is_staff": false,
		"is_active": true,
		"date_joined": "2018-02-05T20:51:25.033Z",
		"groups": [],
		"user_permissions": []
	}
}, {
	"model": "auth.user",
	"pk": 28,
	"fields": {
		"password": "pbkdf2_sha256$36000$0TOfWY9yeUEr$KYligYi1lWR/hcyrSoa7IBK1H1CWWFJpp60YyG1jVps=",
		"last_login": "2018-02-05T20:53:53.406Z",
		"is_superuser": false,
		"username": "28",
		"first_name": "William",
		"last_name": "Buitrago",
		"email": "dangulogallego@gmail.com",
		"is_staff": false,
		"is_active": true,
		"date_joined": "2018-02-05T20:53:52.931Z",
		"groups": [],
		"user_permissions": []
	}
}, {
	"model": "auth.user",
	"pk": 29,
	"fields": {
		"password": "pbkdf2_sha256$36000$Oc0jun2j8EuC$RN/Ywidic0DcTlOfovZPkEbs+wRNgNCFebyBpGQksyY=",
		"last_login": "2018-02-05T20:56:42.556Z",
		"is_superuser": false,
		"username": "29",
		"first_name": "Jose Ebert",
		"last_name": "De la Cruz",
		"email": "dangulogallego@gmail.com",
		"is_staff": false,
		"is_active": true,
		"date_joined": "2018-02-05T20:56:42.075Z",
		"groups": [],
		"user_permissions": []
	}
}, {
	"model": "auth.user",
	"pk": 30,
	"fields": {
		"password": "pbkdf2_sha256$36000$74g9ftnObogV$HpRuy+el7aCzlSoBtzsK5agrtB6Q+hslNZzswRGOzio=",
		"last_login": "2018-02-05T20:58:55.130Z",
		"is_superuser": false,
		"username": "30",
		"first_name": "Luis Mauricio",
		"last_name": "Lizcano",
		"email": "dangulogallego@gmail.com",
		"is_staff": false,
		"is_active": true,
		"date_joined": "2018-02-05T20:58:54.642Z",
		"groups": [],
		"user_permissions": []
	}
}, {
	"model": "auth.user",
	"pk": 31,
	"fields": {
		"password": "pbkdf2_sha256$36000$g9666cyNBouu$RoyIZ6rIRd0KmB68gGnrKGCVb96nuSJeh9YSP6+u+Ag=",
		"last_login": "2018-02-05T21:01:56.662Z",
		"is_superuser": false,
		"username": "31",
		"first_name": "Martha Cecilia",
		"last_name": "Giraldo",
		"email": "dangulogallego@gmail.com",
		"is_staff": false,
		"is_active": true,
		"date_joined": "2018-02-05T21:01:56.164Z",
		"groups": [],
		"user_permissions": []
	}
}, {
	"model": "auth.user",
	"pk": 32,
	"fields": {
		"password": "pbkdf2_sha256$36000$o3ezaurjHQTo$V3WHvBHBUb37nHjywuT45QaR4pYFgvCLqb5KPrCLbKE=",
		"last_login": "2018-02-05T21:08:07.722Z",
		"is_superuser": false,
		"username": "32",
		"first_name": "Jaime Alfonso",
		"last_name": "Landinez",
		"email": "dangulogallego@gmail.com",
		"is_staff": false,
		"is_active": true,
		"date_joined": "2018-02-05T21:08:07.221Z",
		"groups": [],
		"user_permissions": []
	}
}, {
	"model": "auth.user",
	"pk": 33,
	"fields": {
		"password": "pbkdf2_sha256$36000$xml3rYjmkdty$1X7OcokuhRiXSDh4pVQD/KuAMVaLgpaF1UzmuwUwB00=",
		"last_login": "2018-02-05T21:10:36.700Z",
		"is_superuser": false,
		"username": "33",
		"first_name": "Eusebio",
		"last_name": "Ducuara",
		"email": "dangulogallego@gmail.com",
		"is_staff": false,
		"is_active": true,
		"date_joined": "2018-02-05T21:10:36.199Z",
		"groups": [],
		"user_permissions": []
	}
}, {
	"model": "auth.user",
	"pk": 34,
	"fields": {
		"password": "pbkdf2_sha256$36000$U8R6C9YLSWHE$RHbeq8I9oAWCTDFD+S/JO6bEZQ48T0+kBwEnIU3CYuE=",
		"last_login": "2018-02-05T21:12:56.593Z",
		"is_superuser": false,
		"username": "34",
		"first_name": "Cupertino",
		"last_name": "Fajardo",
		"email": "dangulogallego@gmail.com",
		"is_staff": false,
		"is_active": true,
		"date_joined": "2018-02-05T21:12:56.100Z",
		"groups": [],
		"user_permissions": []
	}
}, {
	"model": "auth.user",
	"pk": 35,
	"fields": {
		"password": "pbkdf2_sha256$36000$vM2XxJcO1AGy$VqKSbS9Z21k97ipzJaFolEShmYGxpfXAh7fgAm2KEDE=",
		"last_login": "2018-02-05T21:15:24.963Z",
		"is_superuser": false,
		"username": "35",
		"first_name": "Eneis",
		"last_name": "Jaramillo",
		"email": "dangulogallego@gmail.com",
		"is_staff": false,
		"is_active": true,
		"date_joined": "2018-02-05T21:15:24.475Z",
		"groups": [],
		"user_permissions": []
	}
}, {
	"model": "auth.user",
	"pk": 36,
	"fields": {
		"password": "pbkdf2_sha256$36000$609k26lQsZya$uDa1g1nfAB+Kquk++OteS+drHO3fEwaIpwux32rXyyk=",
		"last_login": "2018-02-05T21:17:31.582Z",
		"is_superuser": false,
		"username": "36",
		"first_name": "William de Jes\u00fas",
		"last_name": "Bola\u00f1os",
		"email": "dangulogallego@gmail.com",
		"is_staff": false,
		"is_active": true,
		"date_joined": "2018-02-05T21:17:31.093Z",
		"groups": [],
		"user_permissions": []
	}
}, {
	"model": "auth.user",
	"pk": 37,
	"fields": {
		"password": "pbkdf2_sha256$36000$czlYMBxh7Ii1$Boi5VTvOK0lj8NI946RBp4q2g36W45BVUHmlRdr7Yig=",
		"last_login": "2018-02-05T21:20:14.516Z",
		"is_superuser": false,
		"username": "37",
		"first_name": "Luis Alberto",
		"last_name": "Rivera",
		"email": "dangulogallego@gmail.com",
		"is_staff": false,
		"is_active": true,
		"date_joined": "2018-02-05T21:20:14.038Z",
		"groups": [],
		"user_permissions": []
	}
}, {
	"model": "auth.user",
	"pk": 38,
	"fields": {
		"password": "pbkdf2_sha256$36000$6JswLZ8oOCkz$1lM5+y5rG8i0s/wL88mPoz1jhOsE1kQZPT257lckRFY=",
		"last_login": "2018-02-05T21:22:11.694Z",
		"is_superuser": false,
		"username": "38",
		"first_name": "Luis Humberto",
		"last_name": "Rojas",
		"email": "dangulogallego@gmail.com",
		"is_staff": false,
		"is_active": true,
		"date_joined": "2018-02-05T21:22:11.205Z",
		"groups": [],
		"user_permissions": []
	}
}, {
	"model": "auth.user",
	"pk": 39,
	"fields": {
		"password": "pbkdf2_sha256$36000$TgKOZ2gbQABQ$Cpk/p7lQWmja0PaMvCz0OAyfeX26I9wvAPavrnC/jrw=",
		"last_login": "2018-02-05T21:25:11.036Z",
		"is_superuser": false,
		"username": "39",
		"first_name": "Jos\u00e9 Gabriel",
		"last_name": "Perez",
		"email": "dangulogallego@gmail.com",
		"is_staff": false,
		"is_active": true,
		"date_joined": "2018-02-05T21:25:10.546Z",
		"groups": [],
		"user_permissions": []
	}
}, {
	"model": "auth.user",
	"pk": 40,
	"fields": {
		"password": "pbkdf2_sha256$36000$tjfGHE5rwD4t$hcJwZgIvcKXANvDpDJGl3Tz/LNX86DsHY8Xm87SPR+4=",
		"last_login": "2018-02-05T21:27:13.006Z",
		"is_superuser": false,
		"username": "40",
		"first_name": "Luis Fernando",
		"last_name": "Plaza",
		"email": "dangulogallego@gmail.com",
		"is_staff": false,
		"is_active": true,
		"date_joined": "2018-02-05T21:27:12.529Z",
		"groups": [],
		"user_permissions": []
	}
}, {
	"model": "auth.user",
	"pk": 41,
	"fields": {
		"password": "pbkdf2_sha256$36000$sG6HgvLygFER$Ivqv8o5JFf4g78ilRans6cEHbdeTdGkgwdjWiaprA8E=",
		"last_login": "2018-02-05T21:30:06.570Z",
		"is_superuser": false,
		"username": "41",
		"first_name": "Sandra Patricia",
		"last_name": "Santacoloma",
		"email": "dangulogallego@gmail.com",
		"is_staff": false,
		"is_active": true,
		"date_joined": "2018-02-05T21:30:06.043Z",
		"groups": [],
		"user_permissions": []
	}
}, {
	"model": "auth.user",
	"pk": 42,
	"fields": {
		"password": "pbkdf2_sha256$36000$dyqAGBzcsiJg$LkpsA+/S8TPI3xUQaDQ6lr6YdtN4Ah47yEnnE/alhfk=",
		"last_login": "2018-02-05T21:33:21.640Z",
		"is_superuser": false,
		"username": "42",
		"first_name": "Mar\u00eda Eugenia",
		"last_name": "Buitrago",
		"email": "dangulogallego@gmail.com",
		"is_staff": false,
		"is_active": true,
		"date_joined": "2018-02-05T21:33:21.131Z",
		"groups": [],
		"user_permissions": []
	}
}, {
	"model": "auth.user",
	"pk": 43,
	"fields": {
		"password": "pbkdf2_sha256$36000$j0vustFaHBZI$ofA1t7seQewjopEYcjUm+3Q8eykp15QCIAqTvPTYmR0=",
		"last_login": "2018-02-05T21:35:44.861Z",
		"is_superuser": false,
		"username": "43",
		"first_name": "Edgar de Jes\u00fas",
		"last_name": "Sandoval",
		"email": "dangulogallego@gmail.com",
		"is_staff": false,
		"is_active": true,
		"date_joined": "2018-02-05T21:35:44.352Z",
		"groups": [],
		"user_permissions": []
	}
}, {
	"model": "auth.user",
	"pk": 44,
	"fields": {
		"password": "pbkdf2_sha256$36000$qFcQCnwqx9Y4$Tle5aPy9aw+ADLb7D+3zlRSlKjZQjYGl2QMzEBtSm1c=",
		"last_login": "2018-02-05T21:38:45.712Z",
		"is_superuser": false,
		"username": "44",
		"first_name": "Vivian Milen",
		"last_name": "Orejuela",
		"email": "dangulogallego@gmail.com",
		"is_staff": false,
		"is_active": true,
		"date_joined": "2018-02-05T21:38:45.146Z",
		"groups": [],
		"user_permissions": []
	}
}, {
	"model": "auth.user",
	"pk": 45,
	"fields": {
		"password": "pbkdf2_sha256$36000$pFuFl2mxBEVA$r///QieuSOjTEFsakeD0BsUom/g5Po1R0uLA1QZ0PLg=",
		"last_login": "2018-02-05T21:41:38.302Z",
		"is_superuser": false,
		"username": "45",
		"first_name": "Bernardo Arturo",
		"last_name": "Garc\u00eda",
		"email": "dangulogallego@gmail.com",
		"is_staff": false,
		"is_active": true,
		"date_joined": "2018-02-05T21:41:37.767Z",
		"groups": [],
		"user_permissions": []
	}
}, {
	"model": "auth.user",
	"pk": 46,
	"fields": {
		"password": "pbkdf2_sha256$36000$DognqnlJzM17$JQvb/V1tHrOMv+1WVkM93dDZmQDf0EDFRGCWPwFX9dc=",
		"last_login": "2018-02-05T21:45:53.705Z",
		"is_superuser": false,
		"username": "46",
		"first_name": "Carlos Evelio",
		"last_name": "Lopez",
		"email": "dangulogallego@gmail.com",
		"is_staff": false,
		"is_active": true,
		"date_joined": "2018-02-05T21:45:53.208Z",
		"groups": [],
		"user_permissions": []
	}
}, {
	"model": "auth.user",
	"pk": 47,
	"fields": {
		"password": "pbkdf2_sha256$36000$rCrvz01fudvM$wvKDbi7/sMYJ9ueG8701NdQYR/Ukl8AySBl37A2eAx4=",
		"last_login": "2018-02-05T21:48:54.626Z",
		"is_superuser": false,
		"username": "47",
		"first_name": "Yanier Alberto",
		"last_name": "Hernandez",
		"email": "dangulogallego@gmail.com",
		"is_staff": false,
		"is_active": true,
		"date_joined": "2018-02-05T21:48:54.078Z",
		"groups": [],
		"user_permissions": []
	}
}, {
	"model": "auth.user",
	"pk": 48,
	"fields": {
		"password": "pbkdf2_sha256$36000$kBmSMAdgmO5h$WZy8PUnedXWQVz+BOduHN9PPCLbl6zmQNNElSzlAcfI=",
		"last_login": "2018-02-05T21:51:27.038Z",
		"is_superuser": false,
		"username": "48",
		"first_name": "Giselle",
		"last_name": "Cobo",
		"email": "dangulogallego@gmail.com",
		"is_staff": false,
		"is_active": true,
		"date_joined": "2018-02-05T21:51:26.518Z",
		"groups": [],
		"user_permissions": []
	}
}, {
	"model": "auth.user",
	"pk": 49,
	"fields": {
		"password": "pbkdf2_sha256$36000$lAUKqmy4wKBc$KGizcY1FwKaVcV3dONcb0td5luJ2LzDc4uf957U2aBE=",
		"last_login": "2018-02-05T22:06:32.012Z",
		"is_superuser": false,
		"username": "49",
		"first_name": "Edgar",
		"last_name": "Pati\u00f1o",
		"email": "dangulogallego@gmail.com",
		"is_staff": false,
		"is_active": true,
		"date_joined": "2018-02-05T21:54:30.147Z",
		"groups": [],
		"user_permissions": []
	}
}, {
	"model": "auth.user",
	"pk": 50,
	"fields": {
		"password": "pbkdf2_sha256$36000$Tab8PuOF6vJZ$qGkoLK0ZhZ6Sbp2ckQL0BldcG5/R6T78pLbPTE6AUdA=",
		"last_login": "2018-02-05T22:11:06.416Z",
		"is_superuser": false,
		"username": "50",
		"first_name": "Marisol",
		"last_name": "Sanchez",
		"email": "dangulogallego@gmail.com",
		"is_staff": false,
		"is_active": true,
		"date_joined": "2018-02-05T22:11:05.895Z",
		"groups": [],
		"user_permissions": []
	}
}, {
	"model": "auth.user",
	"pk": 51,
	"fields": {
		"password": "pbkdf2_sha256$36000$Or0bmCONH02x$Iiq/YRfdHADAqipibTythF5UgbvQeNoY8ljJBEzOaXQ=",
		"last_login": "2018-02-05T22:18:01.210Z",
		"is_superuser": false,
		"username": "51",
		"first_name": "Juan Carlos",
		"last_name": "Urriago",
		"email": "dangulogallego@gmail.com",
		"is_staff": false,
		"is_active": true,
		"date_joined": "2018-02-05T22:18:00.733Z",
		"groups": [],
		"user_permissions": []
	}
}, {
	"model": "auth.user",
	"pk": 52,
	"fields": {
		"password": "pbkdf2_sha256$36000$VDIjqRVKWBFv$M8M/tZpfwZ1UjBKyETpgyLptjKaDBGDMPK2+0C7BnlM=",
		"last_login": "2018-02-05T22:23:33.529Z",
		"is_superuser": false,
		"username": "52",
		"first_name": "Adolfo Leon",
		"last_name": "Buritica",
		"email": "dangulogallego@gmail.com",
		"is_staff": false,
		"is_active": true,
		"date_joined": "2018-02-05T22:23:33.021Z",
		"groups": [],
		"user_permissions": []
	}
}, {
	"model": "auth.user",
	"pk": 53,
	"fields": {
		"password": "pbkdf2_sha256$36000$fzphXNtBoR6l$G2ugal1bM2v3njZfNquFDt3Sl/jebwcit/oT0GYUo+E=",
		"last_login": "2018-02-05T22:26:01.684Z",
		"is_superuser": false,
		"username": "53",
		"first_name": "Sandra Luc\u00eda",
		"last_name": "Aguirre",
		"email": "dangulogallego@gmail.com",
		"is_staff": false,
		"is_active": true,
		"date_joined": "2018-02-05T22:26:01.190Z",
		"groups": [],
		"user_permissions": []
	}
}, {
	"model": "auth.user",
	"pk": 54,
	"fields": {
		"password": "pbkdf2_sha256$36000$wTJFT7kid8OL$qatjHdpK7YAT9HqIONPzv9DP9+//nnd5iZYdl/ZxAIs=",
		"last_login": "2018-02-05T22:30:27.186Z",
		"is_superuser": false,
		"username": "54",
		"first_name": "Angel Jos\u00e9",
		"last_name": "Lozada",
		"email": "dangulogallego@gmail.com",
		"is_staff": false,
		"is_active": true,
		"date_joined": "2018-02-05T22:30:26.701Z",
		"groups": [],
		"user_permissions": []
	}
}, {
	"model": "auth.user",
	"pk": 55,
	"fields": {
		"password": "pbkdf2_sha256$36000$aSJCtdIoAUjq$axDlnDpOMugxQdGHEmZACEtWyn1KKAjz8AHZsaXJOE8=",
		"last_login": "2018-02-05T22:32:42.445Z",
		"is_superuser": false,
		"username": "55",
		"first_name": "Martha Luc\u00eda",
		"last_name": "Alvarez",
		"email": "dangulogallego@gmail.com",
		"is_staff": false,
		"is_active": true,
		"date_joined": "2018-02-05T22:32:41.973Z",
		"groups": [],
		"user_permissions": []
	}
}, {
	"model": "auth.user",
	"pk": 56,
	"fields": {
		"password": "pbkdf2_sha256$36000$uEeOpi7ZTf2Y$gGY1del2CT0F3tq8m55kFcn+b2c75MHHumal34lIBCM=",
		"last_login": "2018-02-05T22:35:07.908Z",
		"is_superuser": false,
		"username": "56",
		"first_name": "Harold",
		"last_name": "Mora",
		"email": "dangulogallego@gmail.com",
		"is_staff": false,
		"is_active": true,
		"date_joined": "2018-02-05T22:35:07.433Z",
		"groups": [],
		"user_permissions": []
	}
}, {
	"model": "auth.user",
	"pk": 57,
	"fields": {
		"password": "pbkdf2_sha256$36000$WCNk0k8WQ0KJ$3stR8gw7KutMeL1o5MRU2B2HaDTX8/f8qVntwFLg9Dg=",
		"last_login": "2018-02-05T22:37:19.663Z",
		"is_superuser": false,
		"username": "57",
		"first_name": "Omar Francisco",
		"last_name": "Ortiz",
		"email": "dangulogallego@gmail.com",
		"is_staff": false,
		"is_active": true,
		"date_joined": "2018-02-05T22:37:19.183Z",
		"groups": [],
		"user_permissions": []
	}
}, {
	"model": "auth.user",
	"pk": 58,
	"fields": {
		"password": "pbkdf2_sha256$36000$O5P3Fl7jo6ag$74eMd5qMUxA8Es0T+jjlmSHSRC6zkJi1+XcqEXaqpvE=",
		"last_login": "2018-02-05T22:39:56.833Z",
		"is_superuser": false,
		"username": "58",
		"first_name": "Carlos Hernan",
		"last_name": "Mendez",
		"email": "dangulogallego@gmail.com",
		"is_staff": false,
		"is_active": true,
		"date_joined": "2018-02-05T22:39:56.338Z",
		"groups": [],
		"user_permissions": []
	}
}, {
	"model": "auth.user",
	"pk": 59,
	"fields": {
		"password": "pbkdf2_sha256$36000$BhK2sCPOEpJC$ApNv9jqyRLnoTJcPm8Olxpsig6tzBDgKRjNXPzQdFtw=",
		"last_login": "2018-02-05T22:41:44.926Z",
		"is_superuser": false,
		"username": "59",
		"first_name": "Gustavo Adolfo",
		"last_name": "Salazar",
		"email": "dangulogallego@gmail.com",
		"is_staff": false,
		"is_active": true,
		"date_joined": "2018-02-05T22:41:44.438Z",
		"groups": [],
		"user_permissions": []
	}
}, {
	"model": "auth.user",
	"pk": 60,
	"fields": {
		"password": "pbkdf2_sha256$36000$WFgVwp9xixPx$za7KZfUxiaXIsJE7zXNmXkhhlXTQ9wk8YTBH7o2To9Q=",
		"last_login": "2018-02-05T22:43:49.100Z",
		"is_superuser": false,
		"username": "60",
		"first_name": "Ligia",
		"last_name": "Bernal",
		"email": "dangulogallego@gmail.com",
		"is_staff": false,
		"is_active": true,
		"date_joined": "2018-02-05T22:43:48.609Z",
		"groups": [],
		"user_permissions": []
	}
}, {
	"model": "auth.user",
	"pk": 61,
	"fields": {
		"password": "pbkdf2_sha256$36000$UsWi2XhUnIg0$IYibNxq8klNOCruYvV1kQ3ab8inDQBr6aHGecdoVOvc=",
		"last_login": "2018-02-05T22:45:56.067Z",
		"is_superuser": false,
		"username": "61",
		"first_name": "Jhon Pablo",
		"last_name": "Mar\u00edn",
		"email": "dangulogallego@gmail.com",
		"is_staff": false,
		"is_active": true,
		"date_joined": "2018-02-05T22:45:55.598Z",
		"groups": [],
		"user_permissions": []
	}
}, {
	"model": "auth.user",
	"pk": 62,
	"fields": {
		"password": "pbkdf2_sha256$36000$siFc3QjlopzU$/EZEvh9qsd7JZC9LNLoZaLAnDOWB3lB2s1pIMDQuFxQ=",
		"last_login": "2018-02-05T22:47:51.846Z",
		"is_superuser": false,
		"username": "62",
		"first_name": "Esau",
		"last_name": "Sanchez",
		"email": "dangulogallego@gmail.com",
		"is_staff": false,
		"is_active": true,
		"date_joined": "2018-02-05T22:47:51.352Z",
		"groups": [],
		"user_permissions": []
	}
}, {
	"model": "auth.user",
	"pk": 63,
	"fields": {
		"password": "pbkdf2_sha256$36000$ayOYOTMi95Oa$c7ToCmtPg8FBi1QTRfTFUetPMyJ3aQOdC56Y6ITcYF8=",
		"last_login": "2018-02-05T22:50:02.955Z",
		"is_superuser": false,
		"username": "63",
		"first_name": "Jairo",
		"last_name": "Gutierrez",
		"email": "dangulogallego@gmail.com",
		"is_staff": false,
		"is_active": true,
		"date_joined": "2018-02-05T22:50:02.455Z",
		"groups": [],
		"user_permissions": []
	}
}, {
	"model": "profiling.paciente",
	"pk": 1,
	"fields": {
		"user": 3,
		"nombre": "Gloria Ines",
		"primer_apellido": "Rodas",
		"segundo_apellido": "Mu\u00f1oz",
		"cod_paciente": "3",
		"fecha_nacimiento": "1962-02-05",
		"genero": "F",
		"telefono": "38877176",
		"estado_civil": "Divorciado",
		"estrato": "4",
		"facultad": 5,
		"regimen_salud": 1,
		"fecha_creacion": "2018-02-05"
	}
}, {
	"model": "profiling.paciente",
	"pk": 2,
	"fields": {
		"user": 4,
		"nombre": "Beatriz",
		"primer_apellido": "Giraldo",
		"segundo_apellido": "Ospina",
		"cod_paciente": "4",
		"fecha_nacimiento": "1961-02-05",
		"genero": "F",
		"telefono": "3185471454",
		"estado_civil": "Casado",
		"estrato": "4",
		"facultad": 5,
		"regimen_salud": 1,
		"fecha_creacion": "2018-02-05"
	}
}, {
	"model": "profiling.paciente",
	"pk": 3,
	"fields": {
		"user": 5,
		"nombre": "Luz Damaris",
		"primer_apellido": "Rojas",
		"segundo_apellido": "Rodriguez",
		"cod_paciente": "5",
		"fecha_nacimiento": "1963-02-05",
		"genero": "F",
		"telefono": "3185471454",
		"estado_civil": "Soltero",
		"estrato": "4",
		"facultad": 5,
		"regimen_salud": 1,
		"fecha_creacion": "2018-02-05"
	}
}, {
	"model": "profiling.paciente",
	"pk": 4,
	"fields": {
		"user": 6,
		"nombre": "Alberto",
		"primer_apellido": "Rios",
		"segundo_apellido": "Manosalva",
		"cod_paciente": "6",
		"fecha_nacimiento": "1961-02-05",
		"genero": "M",
		"telefono": "3185471454",
		"estado_civil": "Casado",
		"estrato": "1",
		"facultad": 5,
		"regimen_salud": 3,
		"fecha_creacion": "2018-02-05"
	}
}, {
	"model": "profiling.paciente",
	"pk": 5,
	"fields": {
		"user": 7,
		"nombre": "Lineth Gricelida",
		"primer_apellido": "Abella",
		"segundo_apellido": "Orozco",
		"cod_paciente": "7",
		"fecha_nacimiento": "1973-02-05",
		"genero": "F",
		"telefono": "3185471454",
		"estado_civil": "Soltero",
		"estrato": "3",
		"facultad": 5,
		"regimen_salud": 1,
		"fecha_creacion": "2018-02-05"
	}
}, {
	"model": "profiling.paciente",
	"pk": 6,
	"fields": {
		"user": 8,
		"nombre": "Ana Mar\u00eda",
		"primer_apellido": "Soto",
		"segundo_apellido": "Gonzales",
		"cod_paciente": "8",
		"fecha_nacimiento": "1984-02-05",
		"genero": "F",
		"telefono": "3185471454",
		"estado_civil": "Uni\u00f3n Libre",
		"estrato": "4",
		"facultad": 5,
		"regimen_salud": 1,
		"fecha_creacion": "2018-02-05"
	}
}, {
	"model": "profiling.paciente",
	"pk": 7,
	"fields": {
		"user": 9,
		"nombre": "Mar\u00eda Eugenia",
		"primer_apellido": "Velez",
		"segundo_apellido": "Arias",
		"cod_paciente": "9",
		"fecha_nacimiento": "1978-02-05",
		"genero": "F",
		"telefono": "3185471454",
		"estado_civil": "Casado",
		"estrato": "3",
		"facultad": 5,
		"regimen_salud": 1,
		"fecha_creacion": "2018-02-05"
	}
}, {
	"model": "profiling.paciente",
	"pk": 8,
	"fields": {
		"user": 10,
		"nombre": "Jairo",
		"primer_apellido": "D\u00edaz",
		"segundo_apellido": "Hoyos",
		"cod_paciente": "10",
		"fecha_nacimiento": "1966-02-05",
		"genero": "M",
		"telefono": "3185471454",
		"estado_civil": "Casado",
		"estrato": "3",
		"facultad": 6,
		"regimen_salud": 1,
		"fecha_creacion": "2018-02-05"
	}
}, {
	"model": "profiling.paciente",
	"pk": 9,
	"fields": {
		"user": 11,
		"nombre": "Lohober",
		"primer_apellido": "Duque",
		"segundo_apellido": "Sandoval",
		"cod_paciente": "11",
		"fecha_nacimiento": "1959-02-05",
		"genero": "M",
		"telefono": "3185471454",
		"estado_civil": "Uni\u00f3n Libre",
		"estrato": "4",
		"facultad": 6,
		"regimen_salud": 1,
		"fecha_creacion": "2018-02-05"
	}
}, {
	"model": "profiling.paciente",
	"pk": 10,
	"fields": {
		"user": 12,
		"nombre": "Jorge Hernan",
		"primer_apellido": "Victoria",
		"segundo_apellido": "Duque",
		"cod_paciente": "12",
		"fecha_nacimiento": "1973-01-31",
		"genero": "M",
		"telefono": "3185471454",
		"estado_civil": "Casado",
		"estrato": "3",
		"facultad": 6,
		"regimen_salud": 1,
		"fecha_creacion": "2018-02-05"
	}
}, {
	"model": "profiling.paciente",
	"pk": 11,
	"fields": {
		"user": 13,
		"nombre": "Harlis",
		"primer_apellido": "Rivas",
		"segundo_apellido": "Perea",
		"cod_paciente": "13",
		"fecha_nacimiento": "1977-02-05",
		"genero": "M",
		"telefono": "3185471454",
		"estado_civil": "Casado",
		"estrato": "3",
		"facultad": 6,
		"regimen_salud": 1,
		"fecha_creacion": "2018-02-05"
	}
}, {
	"model": "profiling.paciente",
	"pk": 12,
	"fields": {
		"user": 14,
		"nombre": "Eberth",
		"primer_apellido": "Caicedo",
		"segundo_apellido": "Salda\u00f1a",
		"cod_paciente": "14",
		"fecha_nacimiento": "1976-02-05",
		"genero": "M",
		"telefono": "3185471454",
		"estado_civil": "Soltero",
		"estrato": "3",
		"facultad": 6,
		"regimen_salud": 1,
		"fecha_creacion": "2018-02-05"
	}
}, {
	"model": "profiling.paciente",
	"pk": 13,
	"fields": {
		"user": 15,
		"nombre": "Adela",
		"primer_apellido": "Masias",
		"segundo_apellido": "Molina",
		"cod_paciente": "15",
		"fecha_nacimiento": "1986-02-05",
		"genero": "F",
		"telefono": "3185471454",
		"estado_civil": "Soltero",
		"estrato": "3",
		"facultad": 6,
		"regimen_salud": 1,
		"fecha_creacion": "2018-02-05"
	}
}, {
	"model": "profiling.paciente",
	"pk": 14,
	"fields": {
		"user": 16,
		"nombre": "Gonzalo",
		"primer_apellido": "Romero",
		"segundo_apellido": "Martinez",
		"cod_paciente": "16",
		"fecha_nacimiento": "1991-02-05",
		"genero": "M",
		"telefono": "3185471454",
		"estado_civil": "Casado",
		"estrato": "5",
		"facultad": 6,
		"regimen_salud": 1,
		"fecha_creacion": "2018-02-05"
	}
}, {
	"model": "profiling.paciente",
	"pk": 15,
	"fields": {
		"user": 17,
		"nombre": "Yuly Bibiana",
		"primer_apellido": "Robles",
		"segundo_apellido": "Arredondo",
		"cod_paciente": "17",
		"fecha_nacimiento": "1984-02-05",
		"genero": "F",
		"telefono": "3185471454",
		"estado_civil": "Soltero",
		"estrato": "3",
		"facultad": 6,
		"regimen_salud": 1,
		"fecha_creacion": "2018-02-05"
	}
}, {
	"model": "profiling.paciente",
	"pk": 16,
	"fields": {
		"user": 18,
		"nombre": "Carolina",
		"primer_apellido": "Carvajal",
		"segundo_apellido": "Villalba",
		"cod_paciente": "18",
		"fecha_nacimiento": "1987-02-05",
		"genero": "F",
		"telefono": "3185471454",
		"estado_civil": "Casado",
		"estrato": "3",
		"facultad": 5,
		"regimen_salud": 1,
		"fecha_creacion": "2018-02-05"
	}
}, {
	"model": "profiling.paciente",
	"pk": 17,
	"fields": {
		"user": 19,
		"nombre": "Pablo Jose",
		"primer_apellido": "Jimenez",
		"segundo_apellido": "Martinez",
		"cod_paciente": "19",
		"fecha_nacimiento": "1959-02-05",
		"genero": "M",
		"telefono": "3185471454",
		"estado_civil": "Casado",
		"estrato": "4",
		"facultad": 5,
		"regimen_salud": 2,
		"fecha_creacion": "2018-02-05"
	}
}, {
	"model": "profiling.paciente",
	"pk": 18,
	"fields": {
		"user": 20,
		"nombre": "Paola Andrea",
		"primer_apellido": "Fontal",
		"segundo_apellido": "Vargas",
		"cod_paciente": "20",
		"fecha_nacimiento": "1977-02-05",
		"genero": "F",
		"telefono": "3185471454",
		"estado_civil": "Casado",
		"estrato": "5",
		"facultad": 5,
		"regimen_salud": 1,
		"fecha_creacion": "2018-02-05"
	}
}, {
	"model": "profiling.paciente",
	"pk": 19,
	"fields": {
		"user": 21,
		"nombre": "Gustavo Adolfo",
		"primer_apellido": "C\u00e1rdenas",
		"segundo_apellido": "Messa",
		"cod_paciente": "21",
		"fecha_nacimiento": "1973-02-04",
		"genero": "M",
		"telefono": "3185471454",
		"estado_civil": "Casado",
		"estrato": "3",
		"facultad": 6,
		"regimen_salud": 1,
		"fecha_creacion": "2018-02-05"
	}
}, {
	"model": "profiling.paciente",
	"pk": 20,
	"fields": {
		"user": 22,
		"nombre": "Mar\u00eda Elisa",
		"primer_apellido": "Alvarez",
		"segundo_apellido": "Ossa",
		"cod_paciente": "22",
		"fecha_nacimiento": "1971-02-05",
		"genero": "F",
		"telefono": "3185471454",
		"estado_civil": "Soltero",
		"estrato": "5",
		"facultad": 6,
		"regimen_salud": 1,
		"fecha_creacion": "2018-02-05"
	}
}, {
	"model": "profiling.paciente",
	"pk": 21,
	"fields": {
		"user": 23,
		"nombre": "Albeiro Antonio",
		"primer_apellido": "D\u00e1vila",
		"segundo_apellido": "Grisalez",
		"cod_paciente": "23",
		"fecha_nacimiento": "1970-02-05",
		"genero": "M",
		"telefono": "3185471454",
		"estado_civil": "Soltero",
		"estrato": "4",
		"facultad": 6,
		"regimen_salud": 1,
		"fecha_creacion": "2018-02-05"
	}
}, {
	"model": "profiling.paciente",
	"pk": 22,
	"fields": {
		"user": 24,
		"nombre": "Edgar Hernan",
		"primer_apellido": "Ramirez",
		"segundo_apellido": "D\u00e1vila",
		"cod_paciente": "24",
		"fecha_nacimiento": "1975-02-05",
		"genero": "M",
		"telefono": "3185471454",
		"estado_civil": "Soltero",
		"estrato": "4",
		"facultad": 6,
		"regimen_salud": 1,
		"fecha_creacion": "2018-02-05"
	}
}, {
	"model": "profiling.paciente",
	"pk": 23,
	"fields": {
		"user": 25,
		"nombre": "Luis Ebert",
		"primer_apellido": "Palma",
		"segundo_apellido": "Pulido",
		"cod_paciente": "25",
		"fecha_nacimiento": "1985-02-05",
		"genero": "M",
		"telefono": "3185471454",
		"estado_civil": "Casado",
		"estrato": "3",
		"facultad": 6,
		"regimen_salud": 1,
		"fecha_creacion": "2018-02-05"
	}
}, {
	"model": "profiling.paciente",
	"pk": 24,
	"fields": {
		"user": 26,
		"nombre": "Gustavo Adolfo",
		"primer_apellido": "Jaramillo",
		"segundo_apellido": "Tasc\u00f3n",
		"cod_paciente": "26",
		"fecha_nacimiento": "1969-02-05",
		"genero": "M",
		"telefono": "3185471454",
		"estado_civil": "Casado",
		"estrato": "3",
		"facultad": 6,
		"regimen_salud": 1,
		"fecha_creacion": "2018-02-05"
	}
}, {
	"model": "profiling.paciente",
	"pk": 25,
	"fields": {
		"user": 27,
		"nombre": "Jorge Hernan",
		"primer_apellido": "Gomez",
		"segundo_apellido": "Escobar",
		"cod_paciente": "27",
		"fecha_nacimiento": "1963-02-05",
		"genero": "M",
		"telefono": "3185471454",
		"estado_civil": "Soltero",
		"estrato": "4",
		"facultad": 3,
		"regimen_salud": 3,
		"fecha_creacion": "2018-02-05"
	}
}, {
	"model": "profiling.paciente",
	"pk": 26,
	"fields": {
		"user": 28,
		"nombre": "William",
		"primer_apellido": "Buitrago",
		"segundo_apellido": "Arana",
		"cod_paciente": "28",
		"fecha_nacimiento": "1965-02-05",
		"genero": "M",
		"telefono": "3185471454",
		"estado_civil": "Uni\u00f3n Libre",
		"estrato": "4",
		"facultad": 2,
		"regimen_salud": 1,
		"fecha_creacion": "2018-02-05"
	}
}, {
	"model": "profiling.paciente",
	"pk": 27,
	"fields": {
		"user": 29,
		"nombre": "Jose Ebert",
		"primer_apellido": "De la Cruz",
		"segundo_apellido": "Rojas",
		"cod_paciente": "29",
		"fecha_nacimiento": "1967-02-05",
		"genero": "M",
		"telefono": "3185471454",
		"estado_civil": "Casado",
		"estrato": "2",
		"facultad": 3,
		"regimen_salud": 1,
		"fecha_creacion": "2018-02-05"
	}
}, {
	"model": "profiling.paciente",
	"pk": 28,
	"fields": {
		"user": 30,
		"nombre": "Luis Mauricio",
		"primer_apellido": "Lizcano",
		"segundo_apellido": "Acevedo",
		"cod_paciente": "30",
		"fecha_nacimiento": "1980-02-05",
		"genero": "M",
		"telefono": "3185471454",
		"estado_civil": "Soltero",
		"estrato": "3",
		"facultad": 6,
		"regimen_salud": 1,
		"fecha_creacion": "2018-02-05"
	}
}, {
	"model": "profiling.paciente",
	"pk": 29,
	"fields": {
		"user": 31,
		"nombre": "Martha Cecilia",
		"primer_apellido": "Giraldo",
		"segundo_apellido": "Montoya",
		"cod_paciente": "31",
		"fecha_nacimiento": "1969-02-04",
		"genero": "F",
		"telefono": "3185471454",
		"estado_civil": "Soltero",
		"estrato": "5",
		"facultad": 6,
		"regimen_salud": 2,
		"fecha_creacion": "2018-02-05"
	}
}, {
	"model": "profiling.paciente",
	"pk": 30,
	"fields": {
		"user": 32,
		"nombre": "Jaime Alfonso",
		"primer_apellido": "Landinez",
		"segundo_apellido": "Ca\u00f1on",
		"cod_paciente": "32",
		"fecha_nacimiento": "1961-02-05",
		"genero": "M",
		"telefono": "3185471454",
		"estado_civil": "Casado",
		"estrato": "3",
		"facultad": 3,
		"regimen_salud": 1,
		"fecha_creacion": "2018-02-05"
	}
}, {
	"model": "profiling.paciente",
	"pk": 31,
	"fields": {
		"user": 33,
		"nombre": "Eusebio",
		"primer_apellido": "Ducuara",
		"segundo_apellido": "Celis",
		"cod_paciente": "33",
		"fecha_nacimiento": "1968-02-05",
		"genero": "M",
		"telefono": "3185471454",
		"estado_civil": "Casado",
		"estrato": "4",
		"facultad": 3,
		"regimen_salud": 1,
		"fecha_creacion": "2018-02-05"
	}
}, {
	"model": "profiling.paciente",
	"pk": 32,
	"fields": {
		"user": 34,
		"nombre": "Cupertino",
		"primer_apellido": "Fajardo",
		"segundo_apellido": "Hurtado",
		"cod_paciente": "34",
		"fecha_nacimiento": "1959-02-05",
		"genero": "M",
		"telefono": "3185471454",
		"estado_civil": "Casado",
		"estrato": "5",
		"facultad": 3,
		"regimen_salud": 1,
		"fecha_creacion": "2018-02-05"
	}
}, {
	"model": "profiling.paciente",
	"pk": 33,
	"fields": {
		"user": 35,
		"nombre": "Eneis",
		"primer_apellido": "Jaramillo",
		"segundo_apellido": "Rodriguez",
		"cod_paciente": "35",
		"fecha_nacimiento": "1973-02-05",
		"genero": "F",
		"telefono": "3185471454",
		"estado_civil": "Soltero",
		"estrato": "3",
		"facultad": 3,
		"regimen_salud": 1,
		"fecha_creacion": "2018-02-05"
	}
}, {
	"model": "profiling.paciente",
	"pk": 34,
	"fields": {
		"user": 36,
		"nombre": "William de Jes\u00fas",
		"primer_apellido": "Bola\u00f1os",
		"segundo_apellido": "Valencia",
		"cod_paciente": "36",
		"fecha_nacimiento": "1968-02-05",
		"genero": "M",
		"telefono": "3185471454",
		"estado_civil": "Casado",
		"estrato": "4",
		"facultad": 2,
		"regimen_salud": 2,
		"fecha_creacion": "2018-02-05"
	}
}, {
	"model": "profiling.paciente",
	"pk": 35,
	"fields": {
		"user": 37,
		"nombre": "Luis Alberto",
		"primer_apellido": "Rivera",
		"segundo_apellido": "Martinez",
		"cod_paciente": "37",
		"fecha_nacimiento": "1969-02-05",
		"genero": "M",
		"telefono": "3185471454",
		"estado_civil": "Uni\u00f3n Libre",
		"estrato": "2",
		"facultad": 2,
		"regimen_salud": 1,
		"fecha_creacion": "2018-02-05"
	}
}, {
	"model": "profiling.paciente",
	"pk": 36,
	"fields": {
		"user": 38,
		"nombre": "Luis Humberto",
		"primer_apellido": "Rojas",
		"segundo_apellido": "Higuita",
		"cod_paciente": "38",
		"fecha_nacimiento": "1960-02-05",
		"genero": "M",
		"telefono": "3185471454",
		"estado_civil": "Casado",
		"estrato": "3",
		"facultad": 6,
		"regimen_salud": 1,
		"fecha_creacion": "2018-02-05"
	}
}, {
	"model": "profiling.paciente",
	"pk": 37,
	"fields": {
		"user": 39,
		"nombre": "Jos\u00e9 Gabriel",
		"primer_apellido": "Perez",
		"segundo_apellido": "Canencio",
		"cod_paciente": "39",
		"fecha_nacimiento": "1967-02-05",
		"genero": "M",
		"telefono": "3185471454",
		"estado_civil": "Casado",
		"estrato": "3",
		"facultad": 2,
		"regimen_salud": 1,
		"fecha_creacion": "2018-02-05"
	}
}, {
	"model": "profiling.paciente",
	"pk": 38,
	"fields": {
		"user": 40,
		"nombre": "Luis Fernando",
		"primer_apellido": "Plaza",
		"segundo_apellido": "Galvez",
		"cod_paciente": "40",
		"fecha_nacimiento": "1971-02-05",
		"genero": "M",
		"telefono": "3185471454",
		"estado_civil": "Casado",
		"estrato": "3",
		"facultad": 2,
		"regimen_salud": 1,
		"fecha_creacion": "2018-02-05"
	}
}, {
	"model": "profiling.paciente",
	"pk": 39,
	"fields": {
		"user": 41,
		"nombre": "Sandra Patricia",
		"primer_apellido": "Santacoloma",
		"segundo_apellido": "Londo\u00f1o",
		"cod_paciente": "41",
		"fecha_nacimiento": "1970-02-05",
		"genero": "F",
		"telefono": "3185471454",
		"estado_civil": "Casado",
		"estrato": "5",
		"facultad": 2,
		"regimen_salud": 1,
		"fecha_creacion": "2018-02-05"
	}
}, {
	"model": "profiling.paciente",
	"pk": 40,
	"fields": {
		"user": 42,
		"nombre": "Mar\u00eda Eugenia",
		"primer_apellido": "Buitrago",
		"segundo_apellido": "Gonzales",
		"cod_paciente": "42",
		"fecha_nacimiento": "1975-02-05",
		"genero": "F",
		"telefono": "3185471454",
		"estado_civil": "Casado",
		"estrato": "5",
		"facultad": 2,
		"regimen_salud": 1,
		"fecha_creacion": "2018-02-05"
	}
}, {
	"model": "profiling.paciente",
	"pk": 41,
	"fields": {
		"user": 43,
		"nombre": "Edgar de Jes\u00fas",
		"primer_apellido": "Sandoval",
		"segundo_apellido": "Arboleda",
		"cod_paciente": "43",
		"fecha_nacimiento": "1975-02-05",
		"genero": "M",
		"telefono": "3185471454",
		"estado_civil": "Casado",
		"estrato": "4",
		"facultad": 2,
		"regimen_salud": 1,
		"fecha_creacion": "2018-02-05"
	}
}, {
	"model": "profiling.paciente",
	"pk": 42,
	"fields": {
		"user": 44,
		"nombre": "Vivian Milen",
		"primer_apellido": "Orejuela",
		"segundo_apellido": "Ruiz",
		"cod_paciente": "44",
		"fecha_nacimiento": "1978-02-05",
		"genero": "F",
		"telefono": "3185471454",
		"estado_civil": "Casado",
		"estrato": "3",
		"facultad": 2,
		"regimen_salud": 1,
		"fecha_creacion": "2018-02-05"
	}
}, {
	"model": "profiling.paciente",
	"pk": 43,
	"fields": {
		"user": 45,
		"nombre": "Bernardo Arturo",
		"primer_apellido": "Garc\u00eda",
		"segundo_apellido": "Garces",
		"cod_paciente": "45",
		"fecha_nacimiento": "1966-02-05",
		"genero": "M",
		"telefono": "3185471454",
		"estado_civil": "Casado",
		"estrato": "5",
		"facultad": 5,
		"regimen_salud": 1,
		"fecha_creacion": "2018-02-05"
	}
}, {
	"model": "profiling.paciente",
	"pk": 44,
	"fields": {
		"user": 46,
		"nombre": "Carlos Evelio",
		"primer_apellido": "Lopez",
		"segundo_apellido": "Ceballos",
		"cod_paciente": "46",
		"fecha_nacimiento": "1971-02-05",
		"genero": "M",
		"telefono": "3185471454",
		"estado_civil": "Uni\u00f3n Libre",
		"estrato": "2",
		"facultad": 3,
		"regimen_salud": 1,
		"fecha_creacion": "2018-02-05"
	}
}, {
	"model": "profiling.paciente",
	"pk": 45,
	"fields": {
		"user": 47,
		"nombre": "Yanier Alberto",
		"primer_apellido": "Hernandez",
		"segundo_apellido": "Trujillo",
		"cod_paciente": "47",
		"fecha_nacimiento": "1967-02-05",
		"genero": "M",
		"telefono": "3185471454",
		"estado_civil": "Casado",
		"estrato": "4",
		"facultad": 3,
		"regimen_salud": 1,
		"fecha_creacion": "2018-02-05"
	}
}, {
	"model": "profiling.paciente",
	"pk": 46,
	"fields": {
		"user": 48,
		"nombre": "Giselle",
		"primer_apellido": "Cobo",
		"segundo_apellido": "Ospina",
		"cod_paciente": "48",
		"fecha_nacimiento": "1985-02-05",
		"genero": "F",
		"telefono": "3185471454",
		"estado_civil": "Soltero",
		"estrato": "5",
		"facultad": 3,
		"regimen_salud": 1,
		"fecha_creacion": "2018-02-05"
	}
}, {
	"model": "profiling.paciente",
	"pk": 47,
	"fields": {
		"user": 49,
		"nombre": "Edgar",
		"primer_apellido": "Pati\u00f1o",
		"segundo_apellido": "Hormoza",
		"cod_paciente": "49",
		"fecha_nacimiento": "1957-02-05",
		"genero": "M",
		"telefono": "3185471454",
		"estado_civil": "Uni\u00f3n Libre",
		"estrato": "5",
		"facultad": 3,
		"regimen_salud": 1,
		"fecha_creacion": "2018-02-05"
	}
}, {
	"model": "profiling.paciente",
	"pk": 48,
	"fields": {
		"user": 50,
		"nombre": "Marisol",
		"primer_apellido": "Sanchez",
		"segundo_apellido": "Valencia",
		"cod_paciente": "50",
		"fecha_nacimiento": "1973-02-04",
		"genero": "F",
		"telefono": "3185471454",
		"estado_civil": "Casado",
		"estrato": "3",
		"facultad": 3,
		"regimen_salud": 1,
		"fecha_creacion": "2018-02-05"
	}
}, {
	"model": "profiling.paciente",
	"pk": 49,
	"fields": {
		"user": 51,
		"nombre": "Juan Carlos",
		"primer_apellido": "Urriago",
		"segundo_apellido": "Fontal",
		"cod_paciente": "51",
		"fecha_nacimiento": "1970-02-05",
		"genero": "M",
		"telefono": "3185471454",
		"estado_civil": "Casado",
		"estrato": "5",
		"facultad": 3,
		"regimen_salud": 1,
		"fecha_creacion": "2018-02-05"
	}
}, {
	"model": "profiling.paciente",
	"pk": 50,
	"fields": {
		"user": 52,
		"nombre": "Adolfo Leon",
		"primer_apellido": "Buritica",
		"segundo_apellido": "Olaya",
		"cod_paciente": "52",
		"fecha_nacimiento": "1968-02-05",
		"genero": "M",
		"telefono": "3185471454",
		"estado_civil": "Casado",
		"estrato": "5",
		"facultad": 2,
		"regimen_salud": 1,
		"fecha_creacion": "2018-02-05"
	}
}, {
	"model": "profiling.paciente",
	"pk": 51,
	"fields": {
		"user": 53,
		"nombre": "Sandra Luc\u00eda",
		"primer_apellido": "Aguirre",
		"segundo_apellido": "Franco",
		"cod_paciente": "53",
		"fecha_nacimiento": "1972-02-05",
		"genero": "F",
		"telefono": "3185471454",
		"estado_civil": "Casado",
		"estrato": "4",
		"facultad": 3,
		"regimen_salud": 1,
		"fecha_creacion": "2018-02-05"
	}
}, {
	"model": "profiling.paciente",
	"pk": 52,
	"fields": {
		"user": 54,
		"nombre": "Angel Jos\u00e9",
		"primer_apellido": "Lozada",
		"segundo_apellido": "Das Dores",
		"cod_paciente": "54",
		"fecha_nacimiento": "1983-02-05",
		"genero": "M",
		"telefono": "3185471454",
		"estado_civil": "Casado",
		"estrato": "4",
		"facultad": 2,
		"regimen_salud": 1,
		"fecha_creacion": "2018-02-05"
	}
}, {
	"model": "profiling.paciente",
	"pk": 53,
	"fields": {
		"user": 55,
		"nombre": "Martha Luc\u00eda",
		"primer_apellido": "Alvarez",
		"segundo_apellido": "Casta\u00f1o",
		"cod_paciente": "55",
		"fecha_nacimiento": "1964-02-05",
		"genero": "F",
		"telefono": "3185471454",
		"estado_civil": "Casado",
		"estrato": "5",
		"facultad": 4,
		"regimen_salud": 2,
		"fecha_creacion": "2018-02-05"
	}
}, {
	"model": "profiling.paciente",
	"pk": 54,
	"fields": {
		"user": 56,
		"nombre": "Harold",
		"primer_apellido": "Mora",
		"segundo_apellido": "Campo",
		"cod_paciente": "56",
		"fecha_nacimiento": "1983-02-05",
		"genero": "M",
		"telefono": "3185471454",
		"estado_civil": "Casado",
		"estrato": "4",
		"facultad": 4,
		"regimen_salud": 1,
		"fecha_creacion": "2018-02-05"
	}
}, {
	"model": "profiling.paciente",
	"pk": 55,
	"fields": {
		"user": 57,
		"nombre": "Omar Francisco",
		"primer_apellido": "Ortiz",
		"segundo_apellido": "Forero",
		"cod_paciente": "57",
		"fecha_nacimiento": "1952-02-05",
		"genero": "M",
		"telefono": "3185471454",
		"estado_civil": "Uni\u00f3n Libre",
		"estrato": "4",
		"facultad": 4,
		"regimen_salud": 1,
		"fecha_creacion": "2018-02-05"
	}
}, {
	"model": "profiling.paciente",
	"pk": 56,
	"fields": {
		"user": 58,
		"nombre": "Carlos Hernan",
		"primer_apellido": "Mendez",
		"segundo_apellido": "D\u00edaz",
		"cod_paciente": "58",
		"fecha_nacimiento": "1969-02-05",
		"genero": "M",
		"telefono": "3185471454",
		"estado_civil": "Divorciado",
		"estrato": "4",
		"facultad": 6,
		"regimen_salud": 1,
		"fecha_creacion": "2018-02-05"
	}
}, {
	"model": "profiling.paciente",
	"pk": 57,
	"fields": {
		"user": 59,
		"nombre": "Gustavo Adolfo",
		"primer_apellido": "Salazar",
		"segundo_apellido": "Lopez",
		"cod_paciente": "59",
		"fecha_nacimiento": "1974-02-05",
		"genero": "M",
		"telefono": "3185471454",
		"estado_civil": "Soltero",
		"estrato": "5",
		"facultad": 2,
		"regimen_salud": 1,
		"fecha_creacion": "2018-02-05"
	}
}, {
	"model": "profiling.paciente",
	"pk": 58,
	"fields": {
		"user": 60,
		"nombre": "Ligia",
		"primer_apellido": "Bernal",
		"segundo_apellido": "Hurtado",
		"cod_paciente": "60",
		"fecha_nacimiento": "1973-02-05",
		"genero": "F",
		"telefono": "3185471454",
		"estado_civil": "Uni\u00f3n Libre",
		"estrato": "4",
		"facultad": 4,
		"regimen_salud": 1,
		"fecha_creacion": "2018-02-05"
	}
}, {
	"model": "profiling.paciente",
	"pk": 59,
	"fields": {
		"user": 61,
		"nombre": "Jhon Pablo",
		"primer_apellido": "Mar\u00edn",
		"segundo_apellido": "Yusty",
		"cod_paciente": "61",
		"fecha_nacimiento": "1983-02-05",
		"genero": "M",
		"telefono": "3185471454",
		"estado_civil": "Casado",
		"estrato": "3",
		"facultad": 4,
		"regimen_salud": 2,
		"fecha_creacion": "2018-02-05"
	}
}, {
	"model": "profiling.paciente",
	"pk": 60,
	"fields": {
		"user": 62,
		"nombre": "Esau",
		"primer_apellido": "Sanchez",
		"segundo_apellido": "Morales",
		"cod_paciente": "62",
		"fecha_nacimiento": "1989-02-05",
		"genero": "M",
		"telefono": "3185471454",
		"estado_civil": "Soltero",
		"estrato": "4",
		"facultad": 4,
		"regimen_salud": 1,
		"fecha_creacion": "2018-02-05"
	}
}, {
	"model": "profiling.paciente",
	"pk": 61,
	"fields": {
		"user": 63,
		"nombre": "Jairo",
		"primer_apellido": "Gutierrez",
		"segundo_apellido": "Obando",
		"cod_paciente": "63",
		"fecha_nacimiento": "1963-02-05",
		"genero": "M",
		"telefono": "3185471454",
		"estado_civil": "Casado",
		"estrato": "3",
		"facultad": 1,
		"regimen_salud": 1,
		"fecha_creacion": "2018-02-05"
	}
}, {
	"model": "admin.logentry",
	"pk": 1,
	"fields": {
		"action_time": "2018-02-01T04:41:54.521Z",
		"user": 1,
		"content_type": 7,
		"object_id": "1",
		"object_repr": "R\u00e9gimen contributivo",
		"action_flag": 1,
		"change_message": "[{\"added\": {}}]"
	}
}, {
	"model": "admin.logentry",
	"pk": 2,
	"fields": {
		"action_time": "2018-02-01T04:42:07.602Z",
		"user": 1,
		"content_type": 7,
		"object_id": "2",
		"object_repr": "Medicina prepagada",
		"action_flag": 1,
		"change_message": "[{\"added\": {}}]"
	}
}, {
	"model": "admin.logentry",
	"pk": 3,
	"fields": {
		"action_time": "2018-02-01T04:42:29.105Z",
		"user": 1,
		"content_type": 7,
		"object_id": "3",
		"object_repr": "P\u00f3liza de salud particular",
		"action_flag": 1,
		"change_message": "[{\"added\": {}}]"
	}
}, {
	"model": "admin.logentry",
	"pk": 4,
	"fields": {
		"action_time": "2018-02-01T04:42:34.760Z",
		"user": 1,
		"content_type": 7,
		"object_id": "4",
		"object_repr": "Otro",
		"action_flag": 1,
		"change_message": "[{\"added\": {}}]"
	}
}, {
	"model": "admin.logentry",
	"pk": 5,
	"fields": {
		"action_time": "2018-02-01T04:43:01.232Z",
		"user": 1,
		"content_type": 9,
		"object_id": "1",
		"object_repr": "Ninguna",
		"action_flag": 1,
		"change_message": "[{\"added\": {}}]"
	}
}, {
	"model": "admin.logentry",
	"pk": 6,
	"fields": {
		"action_time": "2018-02-01T04:43:07.785Z",
		"user": 1,
		"content_type": 9,
		"object_id": "2",
		"object_repr": "Ingenier\u00eda",
		"action_flag": 1,
		"change_message": "[{\"added\": {}}]"
	}
}, {
	"model": "admin.logentry",
	"pk": 7,
	"fields": {
		"action_time": "2018-02-01T04:43:32.866Z",
		"user": 1,
		"content_type": 9,
		"object_id": "3",
		"object_repr": "Ciencias administrativas, econ\u00f3micas y contables",
		"action_flag": 1,
		"change_message": "[{\"added\": {}}]"
	}
}, {
	"model": "admin.logentry",
	"pk": 8,
	"fields": {
		"action_time": "2018-02-01T04:43:45.965Z",
		"user": 1,
		"content_type": 9,
		"object_id": "4",
		"object_repr": "Ciencias jur\u00eddicas y human\u00edsticas",
		"action_flag": 1,
		"change_message": "[{\"added\": {}}]"
	}
}, {
	"model": "admin.logentry",
	"pk": 9,
	"fields": {
		"action_time": "2018-02-01T04:43:55.458Z",
		"user": 1,
		"content_type": 9,
		"object_id": "5",
		"object_repr": "Ciencias de la salud",
		"action_flag": 1,
		"change_message": "[{\"added\": {}}]"
	}
}, {
	"model": "admin.logentry",
	"pk": 10,
	"fields": {
		"action_time": "2018-02-01T04:44:06.444Z",
		"user": 1,
		"content_type": 9,
		"object_id": "6",
		"object_repr": "Ciencias de la educaci\u00f3n",
		"action_flag": 1,
		"change_message": "[{\"added\": {}}]"
	}
}, {
	"model": "admin.logentry",
	"pk": 11,
	"fields": {
		"action_time": "2018-02-01T04:45:28.124Z",
		"user": 1,
		"content_type": 14,
		"object_id": "1",
		"object_repr": "Interacci\u00f3n Social",
		"action_flag": 1,
		"change_message": "[{\"added\": {}}]"
	}
}, {
	"model": "admin.logentry",
	"pk": 12,
	"fields": {
		"action_time": "2018-02-01T04:45:55.018Z",
		"user": 1,
		"content_type": 14,
		"object_id": "2",
		"object_repr": "Bienestar Personal",
		"action_flag": 1,
		"change_message": "[{\"added\": {}}]"
	}
}, {
	"model": "admin.logentry",
	"pk": 13,
	"fields": {
		"action_time": "2018-02-01T04:46:20.913Z",
		"user": 1,
		"content_type": 14,
		"object_id": "3",
		"object_repr": "Actividad F\u00edsica y Reposo",
		"action_flag": 1,
		"change_message": "[{\"added\": {}}]"
	}
}, {
	"model": "admin.logentry",
	"pk": 14,
	"fields": {
		"action_time": "2018-02-01T04:46:51.201Z",
		"user": 1,
		"content_type": 14,
		"object_id": "4",
		"object_repr": "Consumo de Alimentos",
		"action_flag": 1,
		"change_message": "[{\"added\": {}}]"
	}
}, {
	"model": "admin.logentry",
	"pk": 15,
	"fields": {
		"action_time": "2018-02-01T04:47:24.723Z",
		"user": 1,
		"content_type": 14,
		"object_id": "5",
		"object_repr": "Prom. del Funcionamiento y Desarrollo Personal",
		"action_flag": 1,
		"change_message": "[{\"added\": {}}]"
	}
}, {
	"model": "admin.logentry",
	"pk": 16,
	"fields": {
		"action_time": "2018-02-01T04:51:45.230Z",
		"user": 1,
		"content_type": 12,
		"object_id": "1",
		"object_repr": "Consume frutas y verduras",
		"action_flag": 1,
		"change_message": "[{\"added\": {}}]"
	}
}, {
	"model": "admin.logentry",
	"pk": 17,
	"fields": {
		"action_time": "2018-02-01T04:54:14.224Z",
		"user": 1,
		"content_type": 12,
		"object_id": "2",
		"object_repr": "Dedicar 150 minutos semanales a realizar actividades f\u00edsicas moderadas aer\u00f3bicas, o bien alg\u00fan tipo de actividad f\u00edsica vigorosa aer\u00f3bica durante 75 minutos, o una combinaci\u00f3n equivalente de actividad",
		"action_flag": 1,
		"change_message": "[{\"added\": {}}]"
	}
}, {
	"model": "admin.logentry",
	"pk": 18,
	"fields": {
		"action_time": "2018-02-01T04:58:00.218Z",
		"user": 1,
		"content_type": 12,
		"object_id": "3",
		"object_repr": "No centres tu vida en un solo aspecto, intenta pensar en muchos m\u00e1s. La pareja, la familia, los amigos, el trabajo, etc",
		"action_flag": 1,
		"change_message": "[{\"added\": {}}]"
	}
}, {
	"model": "admin.logentry",
	"pk": 19,
	"fields": {
		"action_time": "2018-02-01T04:59:54.286Z",
		"user": 1,
		"content_type": 12,
		"object_id": "4",
		"object_repr": "Establece tus metas",
		"action_flag": 1,
		"change_message": "[{\"added\": {}}]"
	}
}, {
	"model": "admin.logentry",
	"pk": 20,
	"fields": {
		"action_time": "2018-02-01T05:00:56.377Z",
		"user": 1,
		"content_type": 12,
		"object_id": "5",
		"object_repr": "Aprende a decir lo que piensas, s\u00f3lo de esa manera, te dar\u00e1s cuenta de que los dem\u00e1s tambi\u00e9n tienen derecho a dar su opini\u00f3n",
		"action_flag": 1,
		"change_message": "[{\"added\": {}}]"
	}
}, {
	"model": "admin.logentry",
	"pk": 21,
	"fields": {
		"action_time": "2018-02-01T05:01:51.570Z",
		"user": 1,
		"content_type": 11,
		"object_id": "1",
		"object_repr": "Nunca",
		"action_flag": 1,
		"change_message": "[{\"added\": {}}]"
	}
}, {
	"model": "admin.logentry",
	"pk": 22,
	"fields": {
		"action_time": "2018-02-01T05:02:04.244Z",
		"user": 1,
		"content_type": 11,
		"object_id": "2",
		"object_repr": "Casi Nunca",
		"action_flag": 1,
		"change_message": "[{\"added\": {}}]"
	}
}, {
	"model": "admin.logentry",
	"pk": 23,
	"fields": {
		"action_time": "2018-02-01T05:02:19.997Z",
		"user": 1,
		"content_type": 11,
		"object_id": "3",
		"object_repr": "Casi Siempre",
		"action_flag": 1,
		"change_message": "[{\"added\": {}}]"
	}
}, {
	"model": "admin.logentry",
	"pk": 24,
	"fields": {
		"action_time": "2018-02-01T05:02:31.504Z",
		"user": 1,
		"content_type": 11,
		"object_id": "4",
		"object_repr": "Siempre",
		"action_flag": 1,
		"change_message": "[{\"added\": {}}]"
	}
}, {
	"model": "admin.logentry",
	"pk": 25,
	"fields": {
		"action_time": "2018-02-01T05:04:17.089Z",
		"user": 1,
		"content_type": 15,
		"object_id": "1",
		"object_repr": "A medida que cambian las circunstancias yo voy haciendo ajustes para mantener mi salud.",
		"action_flag": 1,
		"change_message": "[{\"added\": {}}]"
	}
}, {
	"model": "admin.logentry",
	"pk": 26,
	"fields": {
		"action_time": "2018-02-01T05:05:12.879Z",
		"user": 1,
		"content_type": 15,
		"object_id": "2",
		"object_repr": "Reviso si las formas que practico habitualmente para mantenerme con salud, son buenas.",
		"action_flag": 1,
		"change_message": "[{\"added\": {}}]"
	}
}, {
	"model": "admin.logentry",
	"pk": 27,
	"fields": {
		"action_time": "2018-02-01T05:05:49.758Z",
		"user": 1,
		"content_type": 15,
		"object_id": "3",
		"object_repr": "Si tengo problemas para moverme o desplazarme me las arreglo para conseguir ayuda.",
		"action_flag": 1,
		"change_message": "[{\"added\": {}}]"
	}
}, {
	"model": "admin.logentry",
	"pk": 28,
	"fields": {
		"action_time": "2018-02-01T05:06:15.157Z",
		"user": 1,
		"content_type": 15,
		"object_id": "4",
		"object_repr": "Yo puedo hacer lo necesario para mantener limpio el ambiente donde vivo.",
		"action_flag": 1,
		"change_message": "[{\"added\": {}}]"
	}
}, {
	"model": "admin.logentry",
	"pk": 29,
	"fields": {
		"action_time": "2018-02-01T05:06:37.941Z",
		"user": 1,
		"content_type": 15,
		"object_id": "5",
		"object_repr": "Hago en primer lugar lo que sea necesario para mantenerme con salud.",
		"action_flag": 1,
		"change_message": "[{\"added\": {}}]"
	}
}, {
	"model": "admin.logentry",
	"pk": 30,
	"fields": {
		"action_time": "2018-02-01T05:07:10.350Z",
		"user": 1,
		"content_type": 15,
		"object_id": "6",
		"object_repr": "Me faltan las fuerzas necesarias para cuidarme como debo.",
		"action_flag": 1,
		"change_message": "[{\"added\": {}}]"
	}
}, {
	"model": "admin.logentry",
	"pk": 31,
	"fields": {
		"action_time": "2018-02-01T05:07:34.604Z",
		"user": 1,
		"content_type": 15,
		"object_id": "7",
		"object_repr": "Yo puedo buscar mejores formas para cuidar mi salud que las que tengo ahora.",
		"action_flag": 1,
		"change_message": "[{\"added\": {}}]"
	}
}, {
	"model": "admin.logentry",
	"pk": 32,
	"fields": {
		"action_time": "2018-02-01T05:08:01.373Z",
		"user": 1,
		"content_type": 15,
		"object_id": "8",
		"object_repr": "Cambio la frecuencia con que me ba\u00f1o para mantenerme limpio.",
		"action_flag": 1,
		"change_message": "[{\"added\": {}}]"
	}
}, {
	"model": "admin.logentry",
	"pk": 33,
	"fields": {
		"action_time": "2018-02-01T05:08:44.382Z",
		"user": 1,
		"content_type": 15,
		"object_id": "9",
		"object_repr": "Para mantener el peso que me corresponde hago cambios en mis h\u00e1bitos alimenticios.",
		"action_flag": 1,
		"change_message": "[{\"added\": {}}]"
	}
}, {
	"model": "admin.logentry",
	"pk": 34,
	"fields": {
		"action_time": "2018-02-01T05:09:13.948Z",
		"user": 1,
		"content_type": 15,
		"object_id": "10",
		"object_repr": "Cuando hay situaciones que me afectan yo las manejo de manera que pueda mantener mi forma de ser.",
		"action_flag": 1,
		"change_message": "[{\"added\": {}}]"
	}
}, {
	"model": "admin.logentry",
	"pk": 35,
	"fields": {
		"action_time": "2018-02-01T05:09:40.227Z",
		"user": 1,
		"content_type": 15,
		"object_id": "11",
		"object_repr": "Pienso en hacer ejercicio y descansar un poco durante el d\u00eda pero no llego a hacerlo.",
		"action_flag": 1,
		"change_message": "[{\"added\": {}}]"
	}
}, {
	"model": "admin.logentry",
	"pk": 36,
	"fields": {
		"action_time": "2018-02-01T05:10:10.092Z",
		"user": 1,
		"content_type": 15,
		"object_id": "12",
		"object_repr": "Cuando necesito ayuda puedo recurrir a mis amigos de siempre.",
		"action_flag": 1,
		"change_message": "[{\"added\": {}}]"
	}
}, {
	"model": "admin.logentry",
	"pk": 37,
	"fields": {
		"action_time": "2018-02-01T05:10:32.633Z",
		"user": 1,
		"content_type": 15,
		"object_id": "13",
		"object_repr": "Puedo dormir lo suficiente para sentirme descansado (a).",
		"action_flag": 1,
		"change_message": "[{\"added\": {}}]"
	}
}, {
	"model": "admin.logentry",
	"pk": 38,
	"fields": {
		"action_time": "2018-02-01T05:11:07.786Z",
		"user": 1,
		"content_type": 15,
		"object_id": "14",
		"object_repr": "Cuando obtengo informaci\u00f3n sobre mi salud pido explicaciones sobre lo que no entiendo.",
		"action_flag": 1,
		"change_message": "[{\"added\": {}}]"
	}
}, {
	"model": "admin.logentry",
	"pk": 39,
	"fields": {
		"action_time": "2018-02-01T05:11:41.747Z",
		"user": 1,
		"content_type": 15,
		"object_id": "15",
		"object_repr": "Yo examino mi cuerpo para ver si hay alg\u00fan cambio.",
		"action_flag": 1,
		"change_message": "[{\"added\": {}}]"
	}
}, {
	"model": "admin.logentry",
	"pk": 40,
	"fields": {
		"action_time": "2018-02-01T05:12:16.672Z",
		"user": 1,
		"content_type": 15,
		"object_id": "16",
		"object_repr": "He sido capaz de cambiar h\u00e1bitos que tenia muy arraigados con tal de mejorar mi salud.",
		"action_flag": 1,
		"change_message": "[{\"added\": {}}]"
	}
}, {
	"model": "admin.logentry",
	"pk": 41,
	"fields": {
		"action_time": "2018-02-01T05:12:56.859Z",
		"user": 1,
		"content_type": 15,
		"object_id": "17",
		"object_repr": "Cuando tengo que tomar una nueva medicina cuento con una persona que me brinde informaci\u00f3n sobre los efectos secundarios.",
		"action_flag": 1,
		"change_message": "[{\"added\": {}}]"
	}
}, {
	"model": "admin.logentry",
	"pk": 42,
	"fields": {
		"action_time": "2018-02-01T05:13:20.598Z",
		"user": 1,
		"content_type": 15,
		"object_id": "18",
		"object_repr": "Soy capaz de tomar medidas para garantizar que mi familia y yo no corramos peligro.",
		"action_flag": 1,
		"change_message": "[{\"added\": {}}]"
	}
}, {
	"model": "admin.logentry",
	"pk": 43,
	"fields": {
		"action_time": "2018-02-01T05:13:42.666Z",
		"user": 1,
		"content_type": 15,
		"object_id": "19",
		"object_repr": "Soy capaz de evaluar que tanto me sirve lo que hago para mantenerme con salud.",
		"action_flag": 1,
		"change_message": "[{\"added\": {}}]"
	}
}, {
	"model": "admin.logentry",
	"pk": 44,
	"fields": {
		"action_time": "2018-02-01T05:14:27.924Z",
		"user": 1,
		"content_type": 15,
		"object_id": "20",
		"object_repr": "Debido a mis ocupaciones diarias me resulta dif\u00edcil sacar tiempo para cuidarme.",
		"action_flag": 1,
		"change_message": "[{\"added\": {}}]"
	}
}, {
	"model": "admin.logentry",
	"pk": 45,
	"fields": {
		"action_time": "2018-02-01T05:14:57.852Z",
		"user": 1,
		"content_type": 15,
		"object_id": "21",
		"object_repr": "Si mi salud se ve afectada yo puedo conseguir la informaci\u00f3n necesaria sobre que hacer.",
		"action_flag": 1,
		"change_message": "[{\"added\": {}}]"
	}
}, {
	"model": "admin.logentry",
	"pk": 46,
	"fields": {
		"action_time": "2018-02-01T05:15:17.414Z",
		"user": 1,
		"content_type": 15,
		"object_id": "22",
		"object_repr": "Si yo no puedo cuidarme puedo buscar ayuda.",
		"action_flag": 1,
		"change_message": "[{\"added\": {}}]"
	}
}, {
	"model": "admin.logentry",
	"pk": 47,
	"fields": {
		"action_time": "2018-02-01T05:15:38.182Z",
		"user": 1,
		"content_type": 15,
		"object_id": "23",
		"object_repr": "Puedo sacar tiempo para mi.",
		"action_flag": 1,
		"change_message": "[{\"added\": {}}]"
	}
}, {
	"model": "admin.logentry",
	"pk": 48,
	"fields": {
		"action_time": "2018-02-01T05:15:57.381Z",
		"user": 1,
		"content_type": 15,
		"object_id": "24",
		"object_repr": "Si presento limitaciones para movilizarme soy capaz de cuidarme como a mi me gusta.",
		"action_flag": 1,
		"change_message": "[{\"added\": {}}]"
	}
}, {
	"model": "admin.logentry",
	"pk": 49,
	"fields": {
		"action_time": "2018-02-01T05:17:40.321Z",
		"user": 1,
		"content_type": 15,
		"object_id": "25",
		"object_repr": "Colesterol HDL",
		"action_flag": 1,
		"change_message": "[{\"added\": {}}]"
	}
}, {
	"model": "admin.logentry",
	"pk": 50,
	"fields": {
		"action_time": "2018-02-01T05:18:00.843Z",
		"user": 1,
		"content_type": 15,
		"object_id": "26",
		"object_repr": "Triglic\u00e9ridos",
		"action_flag": 1,
		"change_message": "[{\"added\": {}}]"
	}
}, {
	"model": "admin.logentry",
	"pk": 51,
	"fields": {
		"action_time": "2018-02-01T05:18:19.514Z",
		"user": 1,
		"content_type": 15,
		"object_id": "27",
		"object_repr": "Colesterol LDL",
		"action_flag": 1,
		"change_message": "[{\"added\": {}}]"
	}
}, {
	"model": "admin.logentry",
	"pk": 52,
	"fields": {
		"action_time": "2018-02-01T05:18:38.812Z",
		"user": 1,
		"content_type": 15,
		"object_id": "28",
		"object_repr": "Presi\u00f3n Arterial Sist\u00f3lica",
		"action_flag": 1,
		"change_message": "[{\"added\": {}}]"
	}
}, {
	"model": "admin.logentry",
	"pk": 53,
	"fields": {
		"action_time": "2018-02-01T05:20:24.986Z",
		"user": 1,
		"content_type": 16,
		"object_id": "1",
		"object_repr": "Test Asa",
		"action_flag": 1,
		"change_message": "[{\"added\": {}}]"
	}
}, {
	"model": "admin.logentry",
	"pk": 54,
	"fields": {
		"action_time": "2018-02-01T05:21:03.937Z",
		"user": 1,
		"content_type": 16,
		"object_id": "2",
		"object_repr": "Examen Lip\u00eddico",
		"action_flag": 1,
		"change_message": "[{\"added\": {}}]"
	}
}, {
	"model": "admin.logentry",
	"pk": 55,
	"fields": {
		"action_time": "2018-02-01T05:21:59.344Z",
		"user": 1,
		"content_type": 15,
		"object_id": "24",
		"object_repr": "Si presento limitaciones para movilizarme soy capaz de cuidarme como a mi me gusta.",
		"action_flag": 2,
		"change_message": "[]"
	}
}, {
	"model": "admin.logentry",
	"pk": 56,
	"fields": {
		"action_time": "2018-02-01T05:22:10.378Z",
		"user": 1,
		"content_type": 15,
		"object_id": "23",
		"object_repr": "Puedo sacar tiempo para mi.",
		"action_flag": 2,
		"change_message": "[]"
	}
}, {
	"model": "admin.logentry",
	"pk": 57,
	"fields": {
		"action_time": "2018-02-01T05:22:16.084Z",
		"user": 1,
		"content_type": 15,
		"object_id": "22",
		"object_repr": "Si yo no puedo cuidarme puedo buscar ayuda.",
		"action_flag": 2,
		"change_message": "[]"
	}
}, {
	"model": "admin.logentry",
	"pk": 58,
	"fields": {
		"action_time": "2018-02-01T05:22:32.966Z",
		"user": 1,
		"content_type": 15,
		"object_id": "25",
		"object_repr": "Colesterol HDL",
		"action_flag": 2,
		"change_message": "[]"
	}
}, {
	"model": "admin.logentry",
	"pk": 59,
	"fields": {
		"action_time": "2018-02-01T05:22:45.725Z",
		"user": 1,
		"content_type": 15,
		"object_id": "25",
		"object_repr": "Colesterol HDL",
		"action_flag": 2,
		"change_message": "[]"
	}
}, {
	"model": "admin.logentry",
	"pk": 60,
	"fields": {
		"action_time": "2018-02-01T05:23:00.137Z",
		"user": 1,
		"content_type": 15,
		"object_id": "21",
		"object_repr": "Si mi salud se ve afectada yo puedo conseguir la informaci\u00f3n necesaria sobre que hacer.",
		"action_flag": 2,
		"change_message": "[]"
	}
}, {
	"model": "admin.logentry",
	"pk": 61,
	"fields": {
		"action_time": "2018-02-01T05:23:05.811Z",
		"user": 1,
		"content_type": 15,
		"object_id": "20",
		"object_repr": "Debido a mis ocupaciones diarias me resulta dif\u00edcil sacar tiempo para cuidarme.",
		"action_flag": 2,
		"change_message": "[]"
	}
}, {
	"model": "admin.logentry",
	"pk": 62,
	"fields": {
		"action_time": "2018-02-01T05:23:13.858Z",
		"user": 1,
		"content_type": 15,
		"object_id": "19",
		"object_repr": "Soy capaz de evaluar que tanto me sirve lo que hago para mantenerme con salud.",
		"action_flag": 2,
		"change_message": "[]"
	}
}, {
	"model": "admin.logentry",
	"pk": 63,
	"fields": {
		"action_time": "2018-02-01T05:23:19.917Z",
		"user": 1,
		"content_type": 15,
		"object_id": "18",
		"object_repr": "Soy capaz de tomar medidas para garantizar que mi familia y yo no corramos peligro.",
		"action_flag": 2,
		"change_message": "[]"
	}
}, {
	"model": "admin.logentry",
	"pk": 64,
	"fields": {
		"action_time": "2018-02-01T05:23:29.367Z",
		"user": 1,
		"content_type": 15,
		"object_id": "17",
		"object_repr": "Cuando tengo que tomar una nueva medicina cuento con una persona que me brinde informaci\u00f3n sobre los efectos secundarios.",
		"action_flag": 2,
		"change_message": "[]"
	}
}, {
	"model": "admin.logentry",
	"pk": 65,
	"fields": {
		"action_time": "2018-02-01T05:23:34.204Z",
		"user": 1,
		"content_type": 15,
		"object_id": "16",
		"object_repr": "He sido capaz de cambiar h\u00e1bitos que tenia muy arraigados con tal de mejorar mi salud.",
		"action_flag": 2,
		"change_message": "[]"
	}
}, {
	"model": "admin.logentry",
	"pk": 66,
	"fields": {
		"action_time": "2018-02-01T05:23:52.658Z",
		"user": 1,
		"content_type": 15,
		"object_id": "15",
		"object_repr": "Yo examino mi cuerpo para ver si hay alg\u00fan cambio.",
		"action_flag": 2,
		"change_message": "[]"
	}
}, {
	"model": "admin.logentry",
	"pk": 67,
	"fields": {
		"action_time": "2018-02-01T05:24:08.809Z",
		"user": 1,
		"content_type": 15,
		"object_id": "14",
		"object_repr": "Cuando obtengo informaci\u00f3n sobre mi salud pido explicaciones sobre lo que no entiendo.",
		"action_flag": 2,
		"change_message": "[]"
	}
}, {
	"model": "admin.logentry",
	"pk": 68,
	"fields": {
		"action_time": "2018-02-01T05:24:17.352Z",
		"user": 1,
		"content_type": 15,
		"object_id": "13",
		"object_repr": "Puedo dormir lo suficiente para sentirme descansado (a).",
		"action_flag": 2,
		"change_message": "[]"
	}
}, {
	"model": "admin.logentry",
	"pk": 69,
	"fields": {
		"action_time": "2018-02-01T05:24:25.356Z",
		"user": 1,
		"content_type": 15,
		"object_id": "1",
		"object_repr": "A medida que cambian las circunstancias yo voy haciendo ajustes para mantener mi salud.",
		"action_flag": 2,
		"change_message": "[]"
	}
}, {
	"model": "admin.logentry",
	"pk": 70,
	"fields": {
		"action_time": "2018-02-01T05:24:30.577Z",
		"user": 1,
		"content_type": 15,
		"object_id": "2",
		"object_repr": "Reviso si las formas que practico habitualmente para mantenerme con salud, son buenas.",
		"action_flag": 2,
		"change_message": "[]"
	}
}, {
	"model": "admin.logentry",
	"pk": 71,
	"fields": {
		"action_time": "2018-02-01T05:24:35.297Z",
		"user": 1,
		"content_type": 15,
		"object_id": "3",
		"object_repr": "Si tengo problemas para moverme o desplazarme me las arreglo para conseguir ayuda.",
		"action_flag": 2,
		"change_message": "[]"
	}
}, {
	"model": "admin.logentry",
	"pk": 72,
	"fields": {
		"action_time": "2018-02-01T05:24:39.944Z",
		"user": 1,
		"content_type": 15,
		"object_id": "4",
		"object_repr": "Yo puedo hacer lo necesario para mantener limpio el ambiente donde vivo.",
		"action_flag": 2,
		"change_message": "[]"
	}
}, {
	"model": "admin.logentry",
	"pk": 73,
	"fields": {
		"action_time": "2018-02-01T05:24:45.174Z",
		"user": 1,
		"content_type": 15,
		"object_id": "5",
		"object_repr": "Hago en primer lugar lo que sea necesario para mantenerme con salud.",
		"action_flag": 2,
		"change_message": "[]"
	}
}, {
	"model": "admin.logentry",
	"pk": 74,
	"fields": {
		"action_time": "2018-02-01T05:24:51.342Z",
		"user": 1,
		"content_type": 15,
		"object_id": "6",
		"object_repr": "Me faltan las fuerzas necesarias para cuidarme como debo.",
		"action_flag": 2,
		"change_message": "[]"
	}
}, {
	"model": "admin.logentry",
	"pk": 75,
	"fields": {
		"action_time": "2018-02-01T05:24:58.225Z",
		"user": 1,
		"content_type": 15,
		"object_id": "7",
		"object_repr": "Yo puedo buscar mejores formas para cuidar mi salud que las que tengo ahora.",
		"action_flag": 2,
		"change_message": "[]"
	}
}, {
	"model": "admin.logentry",
	"pk": 76,
	"fields": {
		"action_time": "2018-02-01T05:25:06.512Z",
		"user": 1,
		"content_type": 15,
		"object_id": "8",
		"object_repr": "Cambio la frecuencia con que me ba\u00f1o para mantenerme limpio.",
		"action_flag": 2,
		"change_message": "[]"
	}
}, {
	"model": "admin.logentry",
	"pk": 77,
	"fields": {
		"action_time": "2018-02-01T05:25:15.615Z",
		"user": 1,
		"content_type": 15,
		"object_id": "9",
		"object_repr": "Para mantener el peso que me corresponde hago cambios en mis h\u00e1bitos alimenticios.",
		"action_flag": 2,
		"change_message": "[]"
	}
}, {
	"model": "admin.logentry",
	"pk": 78,
	"fields": {
		"action_time": "2018-02-01T05:25:23.360Z",
		"user": 1,
		"content_type": 15,
		"object_id": "10",
		"object_repr": "Cuando hay situaciones que me afectan yo las manejo de manera que pueda mantener mi forma de ser.",
		"action_flag": 2,
		"change_message": "[]"
	}
}, {
	"model": "admin.logentry",
	"pk": 79,
	"fields": {
		"action_time": "2018-02-01T05:25:33.383Z",
		"user": 1,
		"content_type": 15,
		"object_id": "11",
		"object_repr": "Pienso en hacer ejercicio y descansar un poco durante el d\u00eda pero no llego a hacerlo.",
		"action_flag": 2,
		"change_message": "[]"
	}
}, {
	"model": "admin.logentry",
	"pk": 80,
	"fields": {
		"action_time": "2018-02-01T05:25:38.897Z",
		"user": 1,
		"content_type": 15,
		"object_id": "12",
		"object_repr": "Cuando necesito ayuda puedo recurrir a mis amigos de siempre.",
		"action_flag": 2,
		"change_message": "[]"
	}
}, {
	"model": "admin.logentry",
	"pk": 81,
	"fields": {
		"action_time": "2018-02-01T05:39:57.976Z",
		"user": 1,
		"content_type": 4,
		"object_id": "2",
		"object_repr": "111",
		"action_flag": 1,
		"change_message": "[{\"added\": {}}]"
	}
}, {
	"model": "admin.logentry",
	"pk": 82,
	"fields": {
		"action_time": "2018-02-01T05:40:52.672Z",
		"user": 1,
		"content_type": 4,
		"object_id": "2",
		"object_repr": "111",
		"action_flag": 2,
		"change_message": "[{\"changed\": {\"fields\": [\"first_name\", \"last_name\", \"is_staff\"]}}]"
	}
}, {
	"model": "admin.logentry",
	"pk": 83,
	"fields": {
		"action_time": "2018-02-01T05:40:52.718Z",
		"user": 1,
		"content_type": 4,
		"object_id": "2",
		"object_repr": "111",
		"action_flag": 2,
		"change_message": "[]"
	}
}]
